pdf_row,date,type,amount,amount_mid,raw_description,canonical_company,ticker,asset_type,gics_sector
1,2026-03-02,purchase,"$1,000,001 - $5,000,000",3000000,VANGUARD S&P 500 ETF UNSOLICITED,Vanguard S&P 500 ETF,VOO,etf,Funds & ETFs
2,2026-03-27,purchase,"$1,000,001 - $5,000,000",3000000,iShares TR Russell 1000 Etf 677454103302-00500 Average Unit Price Transaction Your Broker Acted As Agent,iShares Russell 1000 ETF,IWB,etf,Funds & ETFs
3,2026-02-10,purchase,"$1,000,001 - $5,000,000",3000000,SERVICENOW INC COM,ServiceNow Inc,NOW,stock,Information Technology
4,2026-02-10,purchase,"$1,000,001 - $5,000,000",3000000,NVIDIA CORP,NVIDIA Corporation,NVDA,stock,Information Technology
5,2026-02-20,purchase,"$1,000,001 - $5,000,000",3000000,Invesco Exchange-traded Fd Tr Qqq 500 Equal Weight Etf Solicited Order Discretion Exercised Average Unit Price Transaction Your Broker,Invesco S&P 500 Equal Weight ETF,RSP,etf,Funds & ETFs
6,2026-02-10,purchase,"$1,000,001 - $5,000,000",3000000,ADOBE INC,Adobe Inc,ADBE,stock,Information Technology
7,2026-02-10,purchase,"$1,000,001 - $5,000,000",3000000,WORKDAY INCCL A,"Workday, Inc.",WDAY,stock,Information Technology
8,2026-03-17,purchase,"$1,000,001 - $5,000,000",3000000,ORACLE CORPORATION COM,Oracle Corporation,ORCL,stock,Information Technology
9,2026-03-19,purchase,"$1,000,001 - $5,000,000",3000000,MICROSOFT CORP UNSOLICITED,Microsoft Corporation,MSFT,stock,Information Technology
10,2026-02-10,purchase,"$1,000,001 - $5,000,000",3000000,BROADCOM INC COM,Broadcom Inc,AVGO,stock,Information Technology
11,2026-02-10,purchase,"$1,000,001 - $5,000,000",3000000,SYNOPSYS INC COM,Synopsys Inc,SNPS,stock,Information Technology
12,2026-02-10,purchase,"$1,000,001 - $5,000,000",3000000,CDW CORP,CDW Corporation,CDW,stock,Information Technology
13,2026-01-12,purchase,"$1,000,001 - $5,000,000",3000000,PROCTER & GAMBLE CO,The Procter & Gamble Company,PG,stock,Consumer Staples
14,2026-03-17,purchase,"$1,000,001 - $5,000,000",3000000,CADENCE DESIGN SYS INC,Cadence Design Systems Inc,CDNS,stock,Information Technology
15,2026-03-17,purchase,"$1,000,001 - $5,000,000",3000000,TRANE TECHNOLOGIES PLC SHS,Trane Technologies plc,TT,stock,Industrials
16,2026-01-12,purchase,"$1,000,001 - $5,000,000",3000000,TEXAS INSTRS INC,Texas Instruments Incorporated,TXN,stock,Information Technology
17,2026-01-12,purchase,"$1,000,001 - $5,000,000",3000000,FIDELITY NATL INFORMATIO,Fidelity National Information Services,FIS,stock,Financials
18,2026-02-10,purchase,"$1,000,001 - $5,000,000",3000000,MOTOROLA SOLUTIONS INC,Motorola Solutions Inc,MSI,stock,Information Technology
19,2026-03-17,purchase,"$1,000,001 - $5,000,000",3000000,EATON CORP PLC,Eaton Corporation plc,ETN,stock,Industrials
20,2026-01-29,purchase,"$1,000,001 - $5,000,000",3000000,STATE STRT INDSTL SLCT SCTR SPDR ETF,Industrial Select Sector SPDR Fund,XLI,etf,Funds & ETFs
21,2026-02-10,purchase,"$1,000,001 - $5,000,000",3000000,TRANSDIGM GROUP INC,TransDigm Group Incorporated,TDG,stock,Industrials
22,2026-03-19,purchase,"$1,000,001 - $5,000,000",3000000,AMAZON.COM INC UNSOLICITED,"Amazon.com, Inc.",AMZN,stock,Consumer Discretionary
23,2026-02-10,purchase,"$1,000,001 - $5,000,000",3000000,JABIL INC,Jabil Inc,JBL,stock,Information Technology
24,2026-02-10,purchase,"$1,000,001 - $5,000,000",3000000,COSTCO WHOLESALE CORP NEW,Costco Wholesale Corporation,COST,stock,Consumer Staples
25,2026-02-10,purchase,"$1,000,001 - $5,000,000",3000000,AXON ENTERPRISE INC COM,Axon Enterprise Inc,AXON,stock,Industrials
26,2026-03-05,purchase,"$1,000,001 - $5,000,000",3000000,ISHARES GSCI COMMODITY DYNAMIC ROLL STRATEGY ETF,iShares GSCI Commodity Dynamic Roll Strategy ETF,COMT,etf,Funds & ETFs
27,2026-02-02,purchase,"$1,000,001 - $5,000,000",3000000,Kura Sushi Usa Inc Cl A Com Solicited Order Discretion Exercised Average Unit Price Transaction Your Broker Acted As Agent,"Kura Sushi USA, Inc.",KRUS,stock,Consumer Discretionary
28,2026-02-10,purchase,"$1,000,001 - $5,000,000",3000000,DELL TECHNOLOGIES INC CL C,Dell Technologies Inc.,DELL,stock,Information Technology
29,2026-02-10,purchase,"$1,000,001 - $5,000,000",3000000,BOEING COMPANY COM,The Boeing Company,BA,stock,Industrials
30,2026-03-17,purchase,"$1,000,001 - $5,000,000",3000000,UBER TECHNOLOGIES INC COM,Uber Technologies Inc,UBER,stock,Industrials
31,2026-01-29,purchase,"$1,000,001 - $5,000,000",3000000,ISHARES CORE MSCI EMERGING ETF,iShares Core MSCI Emerging Markets ETF,IEMG,etf,Funds & ETFs
32,2026-03-02,purchase,"$1,000,001 - $5,000,000",3000000,APPLE INC UNSOLICITED,Apple Inc,AAPL,stock,Information Technology
33,2026-02-13,purchase,"$1,000,001 - $5,000,000",3000000,VANGUARD S&P 500 ETF UNSOLICITED,Vanguard S&P 500 ETF,VOO,etf,Funds & ETFs
34,2026-01-12,purchase,"$1,000,001 - $5,000,000",3000000,COMCAST CORP NEW CLASS A,Comcast Corp,CMCSA,stock,Communication Services
35,2026-02-10,purchase,"$1,000,001 - $5,000,000",3000000,PTC INC,PTC Inc.,PTC,stock,Information Technology
36,2026-03-17,purchase,"$1,000,001 - $5,000,000",3000000,SCHWAB GOVERNMENT MONEY FUND,Schwab Government Money Fund,SNVXX,money_market,Funds & ETFs
37,2026-03-06,purchase,"$500,001 - $1,000,000",750000,Ishares Tr Mscl Eafe Value Etf E1772823070777-00497 Average Unit Price Transaction Your Broker Acted As Agent,iShares MSCI EAFE Value ETF,EFV,etf,Funds & ETFs
38,2026-03-06,purchase,"$500,001 - $1,000,000",750000,Invesco Exchange-traded Fd Tr II S&p 500 Momentum ETF Solicited Order Discretion Exercised,Invesco S&P 500 Momentum ETF,SPMO,etf,Funds & ETFs
39,2026-02-10,purchase,"$500,001 - $1,000,000",750000,ACCENTURE PLC,Accenture plc,ACN,stock,Information Technology
40,2026-01-06,purchase,"$500,001 - $1,000,000",750000,NVIDIA CORP UNSOLICITED,NVIDIA Corporation,NVDA,stock,Information Technology
41,2026-02-10,purchase,"$500,001 - $1,000,000",750000,ADVANCED MICRO DEVICES INC,Advanced Micro Devices Inc,AMD,stock,Information Technology
42,2026-03-05,purchase,"$500,001 - $1,000,000",750000,STATE STREET ENERGY SELECT SECTOR SPDR ETF,Energy Select Sector SPDR Fund,XLE,etf,Funds & ETFs
43,2026-03-25,purchase,"$500,001 - $1,000,000",750000,VANGUARD S&P 500 ETF UNSOLICITED,Vanguard S&P 500 ETF,VOO,etf,Funds & ETFs
44,2026-02-10,purchase,"$500,001 - $1,000,000",750000,"F5, Inc",F5 Inc,FFIV,stock,Information Technology
45,2026-02-10,purchase,"$500,001 - $1,000,000",750000,Equinix Inc,Equinix Inc,EQIX,stock,Real Estate
46,2026-01-12,purchase,"$500,001 - $1,000,000",750000,AVALONBAY CMNTYS INC REIT,AvalonBay Communities Inc,AVB,stock,Real Estate
47,2026-03-17,purchase,"$500,001 - $1,000,000",750000,DATADOG INC CL A COM,"Datadog, Inc.",DDOG,stock,Information Technology
48,2026-03-02,purchase,"$500,001 - $1,000,000",750000,ALPHABET INC CL A UNSOLICITED,Alphabet Inc,GOOGL,stock,Communication Services
49,2026-02-10,purchase,"$500,001 - $1,000,000",750000,AMPHENOL CORP NEW,Amphenol Corporation,APH,stock,Information Technology
50,2026-02-10,purchase,"$500,001 - $1,000,000",750000,ZEBRA TECHNOLOGIES CORP CL A,Zebra Technologies Corporation,ZBRA,stock,Information Technology
51,2026-02-10,purchase,"$500,001 - $1,000,000",750000,MICROCHIP TECHNOLOGY INC,Microchip Technology Incorporated,MCHP,stock,Information Technology
52,2026-02-10,purchase,"$500,001 - $1,000,000",750000,CHIPOTLE MEXICAN GRILL INC,Chipotle Mexican Grill Inc,CMG,stock,Consumer Discretionary
53,2026-02-10,purchase,"$500,001 - $1,000,000",750000,PAYCHEX INC COM,"Paychex, Inc.",PAYX,stock,Industrials
54,2026-03-04,purchase,"$500,001 - $1,000,000",750000,ISHARES CORE MSCI EMERGING ETF,iShares Core MSCI Emerging Markets ETF,IEMG,etf,Funds & ETFs
55,2026-03-17,purchase,"$500,001 - $1,000,000",750000,DOORDASH INC CL A,DoorDash Inc.,DASH,stock,Consumer Discretionary
56,2026-03-05,purchase,"$500,001 - $1,000,000",750000,ISHARES MSCI CANADA ETF,iShares MSCI Canada ETF,EWC,etf,Funds & ETFs
57,2026-01-06,purchase,"$500,001 - $1,000,000",750000,MICROSOFT CORP UNSOLICITED,Microsoft Corporation,MSFT,stock,Information Technology
58,2026-02-10,purchase,"$500,001 - $1,000,000",750000,LINDE PLC SHS,Linde plc,LIN,stock,Materials
59,2026-02-10,purchase,"$500,001 - $1,000,000",750000,CHURCH & DWIGHT INC,Church & Dwight Co Inc,CHD,stock,Consumer Staples
60,2026-02-10,purchase,"$500,001 - $1,000,000",750000,GARMIN LTD,Garmin Ltd,GRMN,stock,Consumer Discretionary
61,2026-02-10,purchase,"$500,001 - $1,000,000",750000,AIRBNB INC COM CL A,Airbnb Inc,ABNB,stock,Consumer Discretionary
62,2026-03-17,purchase,"$500,001 - $1,000,000",750000,BOSTON SCIENTIFIC CORP COM,Boston Scientific Corporation,BSX,stock,Health Care
63,2026-03-10,purchase,"$500,001 - $1,000,000",750000,ISHARES CORE MSCI EMERGING MARKETS ETF,iShares Core MSCI Emerging Markets ETF,IEMG,etf,Funds & ETFs
64,2026-02-10,purchase,"$500,001 - $1,000,000",750000,VERISIGN INC,"VeriSign, Inc.",VRSN,stock,Information Technology
65,2026-03-17,purchase,"$500,001 - $1,000,000",750000,DIGITAL RLTY TR INC,"Digital Realty Trust, Inc.",DLR,stock,Real Estate
66,2026-02-10,purchase,"$500,001 - $1,000,000",750000,EDWARDS LIFESCIENCES,Edwards Lifesciences Corporation,EW,stock,Health Care
67,2026-02-10,purchase,"$500,001 - $1,000,000",750000,APPLIED MATERIALS COM,Applied Materials Inc,AMAT,stock,Information Technology
68,2026-03-17,purchase,"$500,001 - $1,000,000",750000,STRYKER CORP COM,Stryker Corporation,SYK,stock,Health Care
69,2026-02-10,purchase,"$500,001 - $1,000,000",750000,LENNOX INTL INC,Lennox International Inc.,LII,stock,Industrials
70,2026-02-10,purchase,"$500,001 - $1,000,000",750000,CME GROUP INC,CME Group Inc,CME,stock,Financials
71,2026-01-06,purchase,"$500,001 - $1,000,000",750000,ILLINOIS TOOL WORKS,Illinois Tool Works Inc.,ITW,stock,Industrials
72,2026-03-17,purchase,"$500,001 - $1,000,000",750000,"ROPER TECHNOLOGIES, INC","Roper Technologies, Inc.",ROP,stock,Industrials
73,2026-02-10,purchase,"$500,001 - $1,000,000",750000,EMCOR GROUP INC,EMCOR Group Inc.,EME,stock,Industrials
74,2026-02-10,purchase,"$500,001 - $1,000,000",750000,LAM RESEARCH CORPORATION COM USD0.00,Lam Research Corporation,LRCX,stock,Information Technology
75,2026-03-17,purchase,"$500,001 - $1,000,000",750000,FORTINET INC,Fortinet Inc,FTNT,stock,Information Technology
76,2026-03-04,purchase,"$500,001 - $1,000,000",750000,ISHARES INTERNATIONAL TRSRY BND ETF,iShares International Treasury Bond ETF,IGOV,etf,Funds & ETFs
77,2026-03-05,purchase,"$500,001 - $1,000,000",750000,ISHARES GOLD TRUST,iShares Gold Trust,IAU,etf,Funds & ETFs
78,2026-01-06,purchase,"$500,001 - $1,000,000",750000,PHILIP MORRIS INTL INC,Philip Morris International Inc.,PM,stock,Consumer Staples
79,2026-01-09,purchase,"$500,001 - $1,000,000",750000,Goldman Sachs Group Inc Com Solicited Order Discretion Exercised,The Goldman Sachs Group Inc,GS,stock,Financials
80,2026-01-09,purchase,"$500,001 - $1,000,000",750000,Alphabet Inc Cl A Solicited Order Discretion Exercised,Alphabet Inc,GOOGL,stock,Communication Services
81,2026-01-09,purchase,"$500,001 - $1,000,000",750000,Amazon Com Inc Com Solicited Order Discretion Exercised,"Amazon.com, Inc.",AMZN,stock,Consumer Discretionary
82,2026-01-06,purchase,"$250,001 - $500,000",375000,AMAZON.COM INC UNSOLICITED,"Amazon.com, Inc.",AMZN,stock,Consumer Discretionary
83,2026-03-04,purchase,"$250,001 - $500,000",375000,STATE STREET SPDR S&P 500 TRUST ETF,SPDR S&P 500 ETF Trust,SPY,etf,Funds & ETFs
84,2026-03-10,purchase,"$250,001 - $500,000",375000,VANGUARD FTSE EUROPE ETF,Vanguard FTSE Europe ETF,VGK,etf,Funds & ETFs
85,2026-03-18,purchase,"$250,001 - $500,000",375000,MICROSOFT CORP,Microsoft Corporation,MSFT,stock,Information Technology
86,2026-02-10,purchase,"$250,001 - $500,000",375000,GE Aerospace,GE Aerospace,GE,stock,Industrials
87,2026-01-12,purchase,"$250,001 - $500,000",375000,ZOETIS INC CLASS A,Zoetis Inc.,ZTS,stock,Health Care
88,2026-01-07,purchase,"$250,001 - $500,000",375000,NVR INC,"NVR, Inc.",NVR,stock,Consumer Discretionary
89,2026-03-04,purchase,"$250,001 - $500,000",375000,VANGUARD FTSE EUROPE ETF,Vanguard FTSE Europe ETF,VGK,etf,Funds & ETFs
90,2026-03-10,purchase,"$250,001 - $500,000",375000,ISHARES INTERNATIONAL TREASURY BOND ETF,iShares International Treasury Bond ETF,IGOV,etf,Funds & ETFs
91,2026-03-02,purchase,"$250,001 - $500,000",375000,META PLATFORMS INC CL A UNSOLICITED,Meta Platforms Inc,META,stock,Communication Services
92,2026-03-17,purchase,"$250,001 - $500,000",375000,HONEYWELL INTL INC,Honeywell International Inc.,HON,stock,Industrials
93,2026-01-12,purchase,"$250,001 - $500,000",375000,COSTCO WHSL CORP NEW,Costco Wholesale Corporation,COST,stock,Consumer Staples
94,2026-03-04,purchase,"$250,001 - $500,000",375000,STE STRT COMTN SR SLCT SCTR SPDR ETF,Communication Services Select Sector SPDR Fund,XLC,etf,Funds & ETFs
95,2026-03-17,purchase,"$250,001 - $500,000",375000,EBAY INC,eBay Inc.,EBAY,stock,Consumer Discretionary
96,2026-03-17,purchase,"$250,001 - $500,000",375000,KIMBERLY-CLARK CORP COM,Kimberly-Clark Corporation,KMB,stock,Consumer Staples
97,2026-01-06,purchase,"$250,001 - $500,000",375000,SHERWIN WILLIAMS CO COM,Sherwin-Williams Company,SHW,stock,Materials
98,2026-03-04,purchase,"$250,001 - $500,000",375000,STATE STRET TEC SELECT SEC SPDR ETF,Technology Select Sector SPDR Fund,XLK,etf,Funds & ETFs
99,2026-01-06,purchase,"$250,001 - $500,000",375000,NVR INC,"NVR, Inc.",NVR,stock,Consumer Discretionary
100,2026-02-10,purchase,"$250,001 - $500,000",375000,SUPER MICRO COMPUTER INC COM NEW,Super Micro Computer Inc,SMCI,stock,Information Technology
101,2026-03-18,purchase,"$250,001 - $500,000",375000,AMAZON.COM INC,"Amazon.com, Inc.",AMZN,stock,Consumer Discretionary
102,2026-03-23,purchase,"$250,001 - $500,000",375000,APPLE INC UNSOLICITED,Apple Inc,AAPL,stock,Information Technology
103,2026-03-04,purchase,"$250,001 - $500,000",375000,ISHARES US TREASURY BOND ETF,iShares U.S. Treasury Bond ETF,GOVT,etf,Funds & ETFs
104,2026-03-17,purchase,"$250,001 - $500,000",375000,INTERCONTINENTALEXCHANGE INC,"Intercontinental Exchange, Inc.",ICE,stock,Financials
105,2026-03-12,purchase,"$250,001 - $500,000",375000,APPLE INC UNSOLICITED,Apple Inc,AAPL,stock,Information Technology
106,2026-03-11,purchase,"$250,001 - $500,000",375000,APPLE INC UNSOLICITED,Apple Inc,AAPL,stock,Information Technology
107,2026-01-23,purchase,"$250,001 - $500,000",375000,MICROSOFT CORP,Microsoft Corporation,MSFT,stock,Information Technology
108,2026-02-10,purchase,"$250,001 - $500,000",375000,KLA Corp.,KLA Corporation,KLAC,stock,Information Technology
109,2026-01-06,purchase,"$250,001 - $500,000",375000,"F5, Inc",F5 Inc,FFIV,stock,Information Technology
110,2026-01-06,purchase,"$250,001 - $500,000",375000,AVALONBAY CMNTYS INC COM,AvalonBay Communities Inc,AVB,stock,Real Estate
111,2026-01-06,purchase,"$250,001 - $500,000",375000,XCEL ENERGY INC.,Xcel Energy Inc,XEL,stock,Utilities
112,2026-01-06,purchase,"$250,001 - $500,000",375000,ARES MANAGEMENT CORPORATION CL A COM,Ares Management Corporation,ARES,stock,Financials
113,2026-01-06,purchase,"$250,001 - $500,000",375000,WASTE MGMT INC DEL,"Waste Management, Inc.",WM,stock,Industrials
114,2026-02-12,purchase,"$250,001 - $500,000",375000,ADOBE INC,Adobe Inc,ADBE,stock,Information Technology
115,2026-02-02,purchase,"$250,001 - $500,000",375000,Ishares Tr Mscl Eafe Etf Solicited Order Discretion Exercised Allocated Order Your Broker Acted As Agent,iShares MSCI EAFE ETF,EFA,etf,Funds & ETFs
116,2026-03-18,purchase,"$250,001 - $500,000",375000,SALESFORCE INC,Salesforce Inc,CRM,stock,Information Technology
117,2026-01-22,purchase,"$250,001 - $500,000",375000,PNC FINL SERVICES,PNC Financial Services Group Inc.,PNC,stock,Financials
118,2026-02-10,purchase,"$250,001 - $500,000",375000,DAVITA INC.,DaVita Inc.,DVA,stock,Health Care
119,2026-03-12,purchase,"$250,001 - $500,000",375000,ALPHABET INC CL A UNSOLICITED,Alphabet Inc,GOOGL,stock,Communication Services
120,2026-02-10,purchase,"$250,001 - $500,000",375000,NEWS CORP NEW,News Corporation,NWSA,stock,Communication Services
121,2026-02-10,purchase,"$250,001 - $500,000",375000,WEST PHARMACEUTICALS SVCS INC,"West Pharmaceutical Services, Inc.",WST,stock,Health Care
122,2026-03-10,purchase,"$250,001 - $500,000",375000,STATE STREET TECHNOLOGY SELECT SECTOR SPDR ETF,Technology Select Sector SPDR Fund,XLK,etf,Funds & ETFs
123,2026-02-12,purchase,"$250,001 - $500,000",375000,HOME DEPOT INC,The Home Depot Inc.,HD,stock,Consumer Discretionary
124,2026-01-06,purchase,"$250,001 - $500,000",375000,CARVANA CO CL A,Carvana Co.,CVNA,stock,Consumer Discretionary
125,2026-03-11,purchase,"$250,001 - $500,000",375000,ALPHABET INC CL A UNSOLICITED,Alphabet Inc,GOOGL,stock,Communication Services
126,2026-01-06,purchase,"$250,001 - $500,000",375000,IDEX CORP,IDEX Corporation,IEX,stock,Industrials
127,2026-02-12,purchase,"$250,001 - $500,000",375000,NETFLIX INC,Netflix Inc.,NFLX,stock,Communication Services
128,2026-03-04,purchase,"$250,001 - $500,000",375000,VANGUARD TOTAL STOCK MARKET INDEX FUND ETF SHARES,Vanguard Total Stock Market ETF,VTI,etf,Funds & ETFs
129,2026-03-17,purchase,"$250,001 - $500,000",375000,WALMART INC,Walmart Inc,WMT,stock,Consumer Staples
130,2026-01-23,purchase,"$250,001 - $500,000",375000,META PLATFORMS INC CL A,Meta Platforms Inc,META,stock,Communication Services
131,2026-03-23,purchase,"$250,001 - $500,000",375000,ALPHABET INC CL A UNSOLICITED,Alphabet Inc,GOOGL,stock,Communication Services
132,2026-03-17,purchase,"$250,001 - $500,000",375000,SOUTHERN CO COM,Southern Company,SO,stock,Utilities
133,2026-02-12,purchase,"$250,001 - $500,000",375000,META PLATFORMS INC CLASS A,Meta Platforms Inc,META,stock,Communication Services
134,2026-03-17,purchase,"$250,001 - $500,000",375000,EQUIFAX INC COM,Equifax Inc,EFX,stock,Industrials
135,2026-03-17,purchase,"$250,001 - $500,000",375000,ECOLAB INC,Ecolab Inc.,ECL,stock,Materials
136,2026-03-10,purchase,"$250,001 - $500,000",375000,ISHARES GSCI COMMODITY DYNAMIC ROLL STRATEGY ETF,iShares GSCI Commodity Dynamic Roll Strategy ETF,COMT,etf,Funds & ETFs
137,2026-01-06,purchase,"$250,001 - $500,000",375000,INVITATION HOMES INC COM,Invitation Homes Inc.,INVH,stock,Real Estate
138,2026-02-10,purchase,"$250,001 - $500,000",375000,CARRIER GLOBAL CORPORATION COM,Carrier Global Corporation,CARR,stock,Industrials
139,2026-03-10,purchase,"$250,001 - $500,000",375000,ISHARES U.S. TREASURY BOND ETF,iShares U.S. Treasury Bond ETF,GOVT,etf,Funds & ETFs
140,2026-03-10,purchase,"$250,001 - $500,000",375000,STATE STREET SPDR S&P 500 ETF TRUST,SPDR S&P 500 ETF Trust,SPY,etf,Funds & ETFs
141,2026-01-06,purchase,"$250,001 - $500,000",375000,ACCENTURE PLC,Accenture plc,ACN,stock,Information Technology
142,2026-01-06,purchase,"$250,001 - $500,000",375000,APOLLO GLOBAL MGMT INC COM,Apollo Global Management Inc,APO,stock,Financials
143,2026-03-17,purchase,"$250,001 - $500,000",375000,DOMINOS PIZZA INC,"Domino's Pizza, Inc.",DPZ,stock,Consumer Discretionary
144,2026-01-06,purchase,"$100,001 - $250,000",175000,COGNIZANT TECHNOLOGY SOLUTIONS CL A,Cognizant Technology Solutions Corp,CTSH,stock,Information Technology
145,2026-01-23,purchase,"$100,001 - $250,000",175000,PNC FINL SERVICES,PNC Financial Services Group Inc.,PNC,stock,Financials
146,2026-01-14,purchase,"$100,001 - $250,000",175000,MOTOROLA SOLUTIONS INC,Motorola Solutions Inc,MSI,stock,Information Technology
147,2026-02-10,purchase,"$100,001 - $250,000",175000,SKYWORKS SOLUTIONS INC,Skyworks Solutions Inc,SWKS,stock,Information Technology
148,2026-02-10,purchase,"$100,001 - $250,000",175000,JACOBS SOLUTIONS INC COM,Jacobs Solutions Inc.,J,stock,Industrials
149,2026-02-10,purchase,"$100,001 - $250,000",175000,ZOETIS INC,Zoetis Inc.,ZTS,stock,Health Care
150,2026-03-17,purchase,"$100,001 - $250,000",175000,CIENA CORP,Ciena Corp,CIEN,stock,Information Technology
151,2026-01-06,purchase,"$100,001 - $250,000",175000,"VERISK ANALYTICS, INC.","Verisk Analytics, Inc.",VRSK,stock,Industrials
152,2026-02-23,purchase,"$100,001 - $250,000",175000,BOOKING HLDGS INC,Booking Holdings Inc.,BKNG,stock,Consumer Discretionary
153,2026-03-17,purchase,"$100,001 - $250,000",175000,PUBLIC SVC ENTERPRISE GROUP INC,Public Service Enterprise Group Incorporated,PEG,stock,Utilities
154,2026-01-06,purchase,"$100,001 - $250,000",175000,Godaddy Inc,GoDaddy Inc,GDDY,stock,Information Technology
155,2026-01-06,purchase,"$100,001 - $250,000",175000,GALLAGHER ARTHUR J & CO,Arthur J. Gallagher & Co,AJG,stock,Financials
156,2026-03-25,purchase,"$100,001 - $250,000",175000,ALPHABET INC CL A UNSOLICITED,Alphabet Inc,GOOGL,stock,Communication Services
157,2026-01-06,purchase,"$100,001 - $250,000",175000,UNITED DOMINION REALTY TRUST INC,"UDR, Inc.",UDR,stock,Real Estate
158,2026-01-06,purchase,"$100,001 - $250,000",175000,TRACTOR SUPPLY CO,Tractor Supply Company,TSCO,stock,Consumer Discretionary
159,2026-03-04,purchase,"$100,001 - $250,000",175000,VANGUARD DIVIDEND APPRECIATION INDEX FUND ETF SHARES,Vanguard Dividend Appreciation ETF,VIG,etf,Funds & ETFs
160,2026-03-04,purchase,"$100,001 - $250,000",175000,INVESCO QQQ TR,Invesco QQQ Trust,QQQ,stock,Funds & ETFs
161,2026-03-04,purchase,"$100,001 - $250,000",175000,STE STRT FINCL SLCT SECTOR SPDR ETF,Financial Select Sector SPDR Fund,XLF,etf,Funds & ETFs
162,2026-03-23,purchase,"$100,001 - $250,000",175000,MICROSOFT CORP UNSOLICITED,Microsoft Corporation,MSFT,stock,Information Technology
163,2026-02-10,purchase,"$100,001 - $250,000",175000,"ULTA BEAUTY, INC","Ulta Beauty, Inc.",ULTA,stock,Consumer Discretionary
164,2026-01-06,purchase,"$100,001 - $250,000",175000,MASCO CORP,Masco Corporation,MAS,stock,Industrials
165,2026-01-06,purchase,"$100,001 - $250,000",175000,LENNOX INTL INC,Lennox International Inc.,LII,stock,Industrials
166,2026-03-10,purchase,"$100,001 - $250,000",175000,VANGUARD DIVIDEND APPRECIATION INDEX FUND ETF SHARES,Vanguard Dividend Appreciation ETF,VIG,etf,Funds & ETFs
167,2026-01-23,purchase,"$100,001 - $250,000",175000,COSTCO WHOLESALE CORP,Costco Wholesale Corporation,COST,stock,Consumer Staples
168,2026-02-24,purchase,"$100,001 - $250,000",175000,ABBOTT LABS,Abbott Laboratories,ABT,stock,Health Care
169,2026-02-10,purchase,"$100,001 - $250,000",175000,WALT DISNEY COMPANY COM,The Walt Disney Company,DIS,stock,Communication Services
170,2026-03-17,purchase,"$100,001 - $250,000",175000,ROBINHOOD MKTS INC COM CL A,"Robinhood Markets, Inc.",HOOD,stock,Financials
171,2026-03-25,purchase,"$100,001 - $250,000",175000,APPLE INC UNSOLICITED,Apple Inc,AAPL,stock,Information Technology
172,2026-03-10,purchase,"$100,001 - $250,000",175000,VANGUARD TOTAL STOCK MARKET INDEX FUND ETF SHARES,Vanguard Total Stock Market ETF,VTI,etf,Funds & ETFs
173,2026-03-18,purchase,"$100,001 - $250,000",175000,BOSTON SCIENTIFIC CORP,Boston Scientific Corporation,BSX,stock,Health Care
174,2026-03-18,purchase,"$100,001 - $250,000",175000,ABBOTT LABS,Abbott Laboratories,ABT,stock,Health Care
175,2026-02-10,purchase,"$100,001 - $250,000",175000,TE CONNECTIVITY PLC ORD SHS,TE Connectivity plc,TEL,stock,Information Technology
176,2026-03-18,purchase,"$100,001 - $250,000",175000,ACCENTURE PLC IRELAND F CLASS A,Accenture plc,ACN,stock,Information Technology
177,2026-03-04,purchase,"$100,001 - $250,000",175000,STATE STRT CONS DSRY SLT SE SP ETF IV,Consumer Discretionary Select Sector SPDR Fund,XLY,etf,Funds & ETFs
178,2026-03-10,purchase,"$100,001 - $250,000",175000,STATE STREET ENERGY SELECT SECTOR SPDR ETF,Energy Select Sector SPDR Fund,XLE,etf,Funds & ETFs
179,2026-03-18,purchase,"$100,001 - $250,000",175000,S&P GLOBAL INC,S&P Global Inc.,SPGI,stock,Financials
180,2026-03-02,purchase,"$100,001 - $250,000",175000,LILLY ELI & CO UNSOLICITED,Eli Lilly and Company,LLY,stock,Health Care
181,2026-01-06,purchase,"$100,001 - $250,000",175000,AT & T INC,AT&T Inc,T,stock,Communication Services
182,2026-03-25,purchase,"$100,001 - $250,000",175000,MICROSOFT CORP UNSOLICITED,Microsoft Corporation,MSFT,stock,Information Technology
183,2026-01-06,purchase,"$100,001 - $250,000",175000,AON PLC SHS CL A,Aon plc,AON,stock,Financials
184,2026-01-06,purchase,"$100,001 - $250,000",175000,Comfort Sys Usa Inc,"Comfort Systems USA, Inc.",FIX,stock,Industrials
185,2026-01-13,purchase,"$100,001 - $250,000",175000,MOTOROLA SOLUTIONS INC,Motorola Solutions Inc,MSI,stock,Information Technology
186,2026-02-12,purchase,"$100,001 - $250,000",175000,WORKDAY INC CLASS A,"Workday, Inc.",WDAY,stock,Information Technology
187,2026-01-29,purchase,"$100,001 - $250,000",175000,STATE STRT CONS DSRY SLT SE SP ETF IV,Consumer Discretionary Select Sector SPDR Fund,XLY,etf,Funds & ETFs
188,2026-01-26,purchase,"$100,001 - $250,000",175000,PNC FINL SERVICES,PNC Financial Services Group Inc.,PNC,stock,Financials
189,2026-03-17,purchase,"$100,001 - $250,000",175000,Paypal Hldgs Inc,"PayPal Holdings, Inc.",PYPL,stock,Financials
190,2026-02-10,purchase,"$100,001 - $250,000",175000,Monolithic Pwr Sys Inc,Monolithic Power Systems Inc,MPWR,stock,Information Technology
191,2026-02-10,purchase,"$100,001 - $250,000",175000,SMURFIT WESTROCK PLC SHS,Smurfit WestRock plc,SW,stock,Materials
192,2026-03-18,purchase,"$100,001 - $250,000",175000,MARSH & MCLENNAN COS INC,Marsh & McLennan Companies,MRSH,stock,Financials
193,2026-03-17,purchase,"$100,001 - $250,000",175000,PROCTER & GAMBLE CO,The Procter & Gamble Company,PG,stock,Consumer Staples
194,2026-03-02,purchase,"$100,001 - $250,000",175000,APPLIED MATERIALS INC UNSOLICITED,Applied Materials Inc,AMAT,stock,Information Technology
195,2026-02-10,purchase,"$100,001 - $250,000",175000,EBAY INC,eBay Inc.,EBAY,stock,Consumer Discretionary
196,2026-01-06,purchase,"$100,001 - $250,000",175000,Hewlett Packard Enterprise Co,Hewlett Packard Enterprise Company,HPE,stock,Information Technology
197,2026-03-10,purchase,"$100,001 - $250,000",175000,STATE STREET INDUSTRIAL SELECT SECTOR SPDR ETF,Industrial Select Sector SPDR Fund,XLI,etf,Funds & ETFs
198,2026-02-02,purchase,"$100,001 - $250,000",175000,Apple Inc Com Solicited Order Discretion Exercised Allocated Order Your Broker Acted As Agent,Apple Inc,AAPL,stock,Information Technology
199,2026-02-02,purchase,"$100,001 - $250,000",175000,Mastec Inc Com Solicited Order Discretion Exercised Allocated Order Your Broker Acted As Agent,MasTec Inc,MTZ,stock,Industrials
200,2026-02-02,purchase,"$100,001 - $250,000",175000,Walmart Inc Com Solicited Order Discretion Exercised,Walmart Inc,WMT,stock,Consumer Staples
201,2026-02-02,purchase,"$100,001 - $250,000",175000,Newmont Corp Com Solicited Order Discretion Exercised Allocated Order Your Broker Acted As Agent,Newmont Corporation,NEM,stock,Materials
202,2026-02-02,purchase,"$100,001 - $250,000",175000,Microsoft Corp Com Solicited Order Discretion Exercised Allocated Order Your Broker Acted As Agent,Microsoft Corporation,MSFT,stock,Information Technology
203,2026-02-12,purchase,"$100,001 - $250,000",175000,TRIMBLE INC,Trimble Inc.,TRMB,stock,Information Technology
204,2026-02-02,purchase,"$100,001 - $250,000",175000,Visa Inc Com Cl A Solicited Order Discretion Exercised Allocated Order Your Broker Acted As Agent,Visa Inc.,V,stock,Financials
205,2026-01-06,purchase,"$100,001 - $250,000",175000,ALEXANDRIA REAL ESTATE EQUITIES INC,"Alexandria Real Estate Equities, Inc.",ARE,stock,Real Estate
206,2026-02-02,purchase,"$100,001 - $250,000",175000,Vanguard Index Fds Vanguard Mid-cap ETF Solicited Order Discretion Exercised,Vanguard Mid-Cap ETF,VO,etf,Funds & ETFs
207,2026-02-02,purchase,"$100,001 - $250,000",175000,Amazon Com Inc Com Solicited Order Discretion Exercised,"Amazon.com, Inc.",AMZN,stock,Consumer Discretionary
208,2026-02-02,purchase,"$100,001 - $250,000",175000,Alphabet Inc Cl A Solicited Order Discretion Exercised,Alphabet Inc,GOOGL,stock,Communication Services
209,2026-02-02,purchase,"$100,001 - $250,000",175000,Martin Marietta Matls Inc Com Solicited Order Discretion Exercised Allocated Order Your Broker Acted As Agent,"Martin Marietta Materials, Inc.",MLM,stock,Materials
210,2026-02-02,purchase,"$100,001 - $250,000",175000,Invesco Tr Russell 2000 ETF Solicited Order Discretion Exercised Allocated Order Your Broker Acted As Agent,iShares Russell 2000 ETF,IWM,etf,Funds & ETFs
211,2026-02-02,purchase,"$100,001 - $250,000",175000,Jpmorgan Chase & Co Com Solicited Order Discretion Exercised,JPMorgan Chase & Co.,JPM,stock,Financials
212,2026-01-23,purchase,"$100,001 - $250,000",175000,NETFLIX INC,Netflix Inc.,NFLX,stock,Communication Services
213,2026-02-02,purchase,"$100,001 - $250,000",175000,Broadcom Inc Com Solicited Order Discretion Exercised Allocated Order Your Broker Acted As Agent,Broadcom Inc,AVGO,stock,Information Technology
214,2026-02-10,purchase,"$100,001 - $250,000",175000,ROYAL CARIBBEAN GROUP,Royal Caribbean Group,RCL,stock,Consumer Discretionary
215,2026-02-02,purchase,"$100,001 - $250,000",175000,General Elec Co Com New Solicited Order Discretion Exercised Allocated Order Your Broker Acted As Agent,GE Aerospace,GE,stock,Industrials
216,2026-01-06,purchase,"$100,001 - $250,000",175000,TERADYNE INC COM,Teradyne Inc.,TER,stock,Information Technology
217,2026-03-17,purchase,"$100,001 - $250,000",175000,NEWS CORP NEW,News Corporation,NWSA,stock,Communication Services
218,2026-02-10,purchase,"$100,001 - $250,000",175000,DEXCOM INC,"DexCom, Inc.",DXCM,stock,Health Care
219,2026-02-02,purchase,"$100,001 - $250,000",175000,Goldman Sachs Group Inc Com Solicited Order Discretion Exercised,The Goldman Sachs Group Inc,GS,stock,Financials
220,2026-03-02,purchase,"$100,001 - $250,000",175000,LAM RESEARCH CORP UNSOLICITED,Lam Research Corporation,LRCX,stock,Information Technology
221,2026-03-04,purchase,"$100,001 - $250,000",175000,STATE STRT HLTH CRE SLT SLC SPDR ETF,Health Care Select Sector SPDR Fund,XLV,etf,Funds & ETFs
222,2026-03-10,purchase,"$100,001 - $250,000",175000,STATE STREET HEALTH CARE SELECT SECTOR SPDR ETF,Health Care Select Sector SPDR Fund,XLV,etf,Funds & ETFs
223,2026-03-25,purchase,"$100,001 - $250,000",175000,AMAZON.COM INC UNSOLICITED,"Amazon.com, Inc.",AMZN,stock,Consumer Discretionary
224,2026-01-06,purchase,"$100,001 - $250,000",175000,FACTSET RESH SYS INC,FactSet Research Systems Inc,FDS,stock,Financials
225,2026-01-06,purchase,"$100,001 - $250,000",175000,TRIMBLE NAV LTD,Trimble Inc.,TRMB,stock,Information Technology
226,2026-02-23,purchase,"$100,001 - $250,000",175000,ABBOTT LABS,Abbott Laboratories,ABT,stock,Health Care
227,2026-03-23,purchase,"$100,001 - $250,000",175000,AMAZON.COM INC UNSOLICITED,"Amazon.com, Inc.",AMZN,stock,Consumer Discretionary
228,2026-03-02,purchase,"$100,001 - $250,000",175000,BERKSHIRE HATHAWAY INC NEW CL B UNSOLICITED,Berkshire Hathaway Inc.,BRK.B,stock,Financials
229,2026-01-06,purchase,"$100,001 - $250,000",175000,Hubbell Inc,Hubbell Incorporated,HUBB,stock,Industrials
230,2026-03-18,purchase,"$100,001 - $250,000",175000,BOOKING HLDGS INC FORWARD SPLIT WITH STOCK SPLIT SHARES,Booking Holdings Inc.,BKNG,stock,Consumer Discretionary
231,2026-01-06,purchase,"$100,001 - $250,000",175000,RESMED INC,ResMed Inc.,RMD,stock,Health Care
232,2026-03-02,purchase,"$100,001 - $250,000",175000,JPMORGAN CHASE & CO UNSOLICITED,JPMorgan Chase & Co.,JPM,stock,Financials
233,2026-03-30,purchase,"$100,001 - $250,000",175000,CASELLA WASTE SYS INC CLASS A,Casella Waste Systems Inc.,CWST,stock,Industrials
234,2026-03-23,purchase,"$100,001 - $250,000",175000,MOLINA HEALTHCARE INC,Molina Healthcare Inc,MOH,stock,Health Care
235,2026-03-10,purchase,"$100,001 - $250,000",175000,STATE STREET COMMUNICATION SERVICES SELECT SECTOR SPDR ETF,Communication Services Select Sector SPDR Fund,XLC,etf,Funds & ETFs
236,2026-03-02,purchase,"$100,001 - $250,000",175000,KLA CORP UNSOLICITED,KLA Corporation,KLAC,stock,Information Technology
237,2026-02-10,purchase,"$100,001 - $250,000",175000,VISTRA CORP,Vistra Corp.,VST,stock,Utilities
238,2026-03-17,purchase,"$100,001 - $250,000",175000,WASTE MGMT INC DEL,"Waste Management, Inc.",WM,stock,Industrials
239,2026-03-02,purchase,"$100,001 - $250,000",175000,ADVANCED MICRO DEVICES INC UNSOLICITED,Advanced Micro Devices Inc,AMD,stock,Information Technology
240,2026-03-17,purchase,"$100,001 - $250,000",175000,CHURCH & DWIGHT INC,Church & Dwight Co Inc,CHD,stock,Consumer Staples
241,2026-01-06,purchase,"$100,001 - $250,000",175000,INSULET CORP,Insulet Corporation,PODD,stock,Health Care
242,2026-03-10,purchase,"$100,001 - $250,000",175000,STATE STREET CONSUMER DISCRETIONARY SELECT SECTOR SPDR ETF,Consumer Discretionary Select Sector SPDR Fund,XLY,etf,Funds & ETFs
243,2026-03-02,purchase,"$100,001 - $250,000",175000,MICRON TECHNOLOGY INC UNSOLICITED,Micron Technology Inc,MU,stock,Information Technology
244,2026-01-06,purchase,"$100,001 - $250,000",175000,GARTNER GROUP INC NEW,Gartner Inc,IT,stock,Information Technology
245,2026-03-02,purchase,"$100,001 - $250,000",175000,QUALCOMM INC UNSOLICITED,QUALCOMM Incorporated,QCOM,stock,Information Technology
246,2026-02-12,purchase,"$100,001 - $250,000",175000,VISA INC CLASS A,Visa Inc.,V,stock,Financials
247,2026-01-23,purchase,"$100,001 - $250,000",175000,CHEVRON CORP,Chevron Corporation,CVX,stock,Energy
248,2026-03-18,purchase,"$100,001 - $250,000",175000,PALANTIR TECHNOLOGIES IN CLASS A,Palantir Technologies Inc.,PLTR,stock,Information Technology
249,2026-02-12,purchase,"$100,001 - $250,000",175000,BROADRIDGE FINL SOLUTION,Broadridge Financial Solutions Inc,BR,stock,Information Technology
250,2026-01-12,purchase,"$100,001 - $250,000",175000,ROPER TECHNOLOGIES INC,"Roper Technologies, Inc.",ROP,stock,Industrials
251,2026-01-15,purchase,"$100,001 - $250,000",175000,MOTOROLA SOLUTIONS INC,Motorola Solutions Inc,MSI,stock,Information Technology
252,2026-01-06,purchase,"$100,001 - $250,000",175000,"ULTA BEAUTY, INC","Ulta Beauty, Inc.",ULTA,stock,Consumer Discretionary
253,2026-03-23,purchase,"$100,001 - $250,000",175000,MATCH GROUP INC NEW,Match Group Inc,MTCH,stock,Communication Services
254,2026-02-10,purchase,"$100,001 - $250,000",175000,CLOROX COMPANY,The Clorox Co,CLX,stock,Consumer Staples
255,2026-03-10,purchase,"$100,001 - $250,000",175000,INVESCO QQQ TR,Invesco QQQ Trust,QQQ,stock,Funds & ETFs
256,2026-03-25,purchase,"$100,001 - $250,000",175000,COHERENT CORP UNSOLICITED,Coherent Corp,COHR,stock,Information Technology
257,2026-03-23,purchase,"$100,001 - $250,000",175000,PAYCOM SOFTWARE INC,"Paycom Software, Inc.",PAYC,stock,Industrials
258,2026-03-10,purchase,"$100,001 - $250,000",175000,ISHARES GOLD TRUST,iShares Gold Trust,IAU,etf,Funds & ETFs
259,2026-01-06,purchase,"$100,001 - $250,000",175000,COSTCO WHOLESALE CORP NEW,Costco Wholesale Corporation,COST,stock,Consumer Staples
260,2026-02-26,purchase,"$100,001 - $250,000",175000,BOX INC CLASS A,"Box, Inc.",BOX,stock,Information Technology
261,2026-03-02,purchase,"$100,001 - $250,000",175000,NETFLIX INC UNSOLICITED,Netflix Inc.,NFLX,stock,Communication Services
262,2026-03-02,purchase,"$100,001 - $250,000",175000,WALMART INC UNSOLICITED,Walmart Inc,WMT,stock,Consumer Staples
263,2026-03-18,purchase,"$100,001 - $250,000",175000,FISERV INC,Fiserv Inc,FI,stock,Financials
264,2026-02-12,purchase,"$100,001 - $250,000",175000,PAYCHEX INC,"Paychex, Inc.",PAYX,stock,Industrials
265,2026-01-06,purchase,"$100,001 - $250,000",175000,BRISTOL MYERS SQUIBB CO COM,Bristol-Myers Squibb Company,BMY,stock,Health Care
266,2026-02-12,purchase,"$100,001 - $250,000",175000,STRYKER CORP,Stryker Corporation,SYK,stock,Health Care
267,2026-03-18,purchase,"$100,001 - $250,000",175000,BLACKSTONE INC,Blackstone Inc,BX,stock,Financials
268,2026-01-23,purchase,"$100,001 - $250,000",175000,VERIZON COMMUNICATIONS INC,Verizon Communications Inc.,VZ,stock,Communication Services
269,2026-03-18,purchase,"$100,001 - $250,000",175000,INTUIT,Intuit Inc.,INTU,stock,Information Technology
270,2026-03-18,purchase,"$100,001 - $250,000",175000,QUALCOMM INC,QUALCOMM Incorporated,QCOM,stock,Information Technology
271,2026-03-17,purchase,"$100,001 - $250,000",175000,"Block, Inc.",BLOCK INC A CLASS A,XYZ,stock,Information Technology
272,2026-03-17,purchase,"$100,001 - $250,000",175000,REPUBLIC SVCS INC,"Republic Services, Inc.",RSG,stock,Industrials
273,2026-01-06,purchase,"$100,001 - $250,000",175000,Wec Energy Group Inc,WEC Energy Group Inc,WEC,stock,Utilities
274,2026-01-12,purchase,"$100,001 - $250,000",175000,ORACLE CORP,Oracle Corporation,ORCL,stock,Information Technology
275,2026-01-12,purchase,"$100,001 - $250,000",175000,DISNEY WALT CO,The Walt Disney Company,DIS,stock,Communication Services
276,2026-02-10,purchase,"$100,001 - $250,000",175000,KIMBERLY-CLARK CORP COM,Kimberly-Clark Corporation,KMB,stock,Consumer Staples
277,2026-01-06,purchase,"$100,001 - $250,000",175000,INGERSOLL RAND INC COM,Ingersoll Rand Inc.,IR,stock,Industrials
278,2026-03-18,purchase,"$100,001 - $250,000",175000,ORACLE CORP,Oracle Corporation,ORCL,stock,Information Technology
279,2026-03-18,purchase,"$100,001 - $250,000",175000,UBER TECHNOLOGIES INC,Uber Technologies Inc,UBER,stock,Industrials
280,2026-03-02,purchase,"$100,001 - $250,000",175000,COSTCO WHOLESALE CORP UNSOLICITED,Costco Wholesale Corporation,COST,stock,Consumer Staples
281,2026-02-10,purchase,"$100,001 - $250,000",175000,Interactive Brokers Group Inc Class,Interactive Brokers Group Inc,IBKR,stock,Financials
282,2026-02-10,purchase,"$100,001 - $250,000",175000,WASTE MGMT INC DEL,"Waste Management, Inc.",WM,stock,Industrials
283,2026-02-12,purchase,"$100,001 - $250,000",175000,AT&T INC,AT&T Inc,T,stock,Communication Services
284,2026-03-17,purchase,"$100,001 - $250,000",175000,PROLOGIS INC,Prologis Inc.,PLD,stock,Real Estate
285,2026-01-06,purchase,"$100,001 - $250,000",175000,CORPAY INC COM SHS,"Corpay, Inc.",CPAY,stock,Financials
286,2026-03-04,purchase,"$100,001 - $250,000",175000,ISHARES GSCI COMMODITY DYNAMIC ROLL STRATEGY ETF,iShares GSCI Commodity Dynamic Roll Strategy ETF,COMT,etf,Funds & ETFs
287,2026-03-30,purchase,"$100,001 - $250,000",175000,MERIT MED SYS INC,Merit Medical Systems Inc,MMSI,stock,Health Care
288,2026-01-06,purchase,"$100,001 - $250,000",175000,COOPER COS INC COM,"The Cooper Companies, Inc.",COO,stock,Health Care
289,2026-01-06,purchase,"$100,001 - $250,000",175000,TYLER TECHNOLOGIES INC,"Tyler Technologies, Inc.",TYL,stock,Information Technology
290,2026-01-12,purchase,"$100,001 - $250,000",175000,ABBOTT LABS,Abbott Laboratories,ABT,stock,Health Care
291,2026-03-10,purchase,"$100,001 - $250,000",175000,ISHARES CORE MSCI INTERNATIONAL DEVELOPED MARKETS ETF,iShares Core MSCI EAFE ETF,IEFA,etf,Funds & ETFs
292,2026-02-12,purchase,"$100,001 - $250,000",175000,INTERCONTINENTAL EXCHANG,"Intercontinental Exchange, Inc.",ICE,stock,Financials
293,2026-03-12,purchase,"$100,001 - $250,000",175000,META PLATFORMS INC CL A UNSOLICITED,Meta Platforms Inc,META,stock,Communication Services
294,2026-02-10,purchase,"$100,001 - $250,000",175000,QNITY ELECTRONICS INC COMMON STOCK,Qnity Electronics Inc,Q,stock,Information Technology
295,2026-02-12,purchase,"$100,001 - $250,000",175000,MASTERCARD INC CLASS A,Mastercard Incorporated,MA,stock,Financials
296,2026-02-25,purchase,"$100,001 - $250,000",175000,BOOKING HLDGS INC,Booking Holdings Inc.,BKNG,stock,Consumer Discretionary
297,2026-02-10,purchase,"$100,001 - $250,000",175000,COINBASE GLOBAL INC,Coinbase Global Inc,COIN,stock,Financials
298,2026-02-12,purchase,"$100,001 - $250,000",175000,AMERICAN TOWER CORP NEW REIT,American Tower Corporation,AMT,stock,Real Estate
299,2026-01-06,purchase,"$100,001 - $250,000",175000,AMEREN CORP,Ameren Corporation,AEE,stock,Utilities
300,2026-03-11,purchase,"$100,001 - $250,000",175000,META PLATFORMS INC CL A UNSOLICITED,Meta Platforms Inc,META,stock,Communication Services
301,2026-03-18,purchase,"$100,001 - $250,000",175000,AUTOMATIC DATA PROCESSIN,Automatic Data Processing Inc,ADP,stock,Information Technology
302,2026-03-23,purchase,"$100,001 - $250,000",175000,LAMB WESTON HLDGS INC,"Lamb Weston Holdings, Inc.",LW,stock,Consumer Staples
303,2026-03-17,purchase,"$100,001 - $250,000",175000,QNITY ELECTRONICS INC COMMON STOCK,Qnity Electronics Inc,Q,stock,Information Technology
304,2026-01-06,purchase,"$100,001 - $250,000",175000,TELEDYNE TECHNOLOGIES INC,Teledyne Technologies Incorporated,TDY,stock,Information Technology
305,2026-02-12,purchase,"$100,001 - $250,000",175000,AON PLC F CLASS A,Aon plc,AON,stock,Financials
306,2026-01-12,purchase,"$100,001 - $250,000",175000,MONDELEZ INTL INC CLASS A,Mondelez International Inc,MDLZ,stock,Consumer Staples
307,2026-01-23,purchase,"$100,001 - $250,000",175000,AT&T INC,AT&T Inc,T,stock,Communication Services
308,2026-01-06,purchase,"$100,001 - $250,000",175000,NORWEGIAN CRUISE L COM USD0.001,Norwegian Cruise Line Holdings Ltd.,NCLH,stock,Consumer Discretionary
309,2026-03-23,purchase,"$100,001 - $250,000",175000,ARGAN INC,Argan Inc,AGX,stock,Industrials
310,2026-03-18,purchase,"$100,001 - $250,000",175000,SERVICENOW INC,ServiceNow Inc,NOW,stock,Information Technology
311,2026-01-12,purchase,"$100,001 - $250,000",175000,DYNATRACE INC,Dynatrace Inc.,DT,stock,Information Technology
312,2026-01-06,purchase,"$100,001 - $250,000",175000,VERIZON COMMUNICATIONS,Verizon Communications Inc.,VZ,stock,Communication Services
313,2026-03-02,purchase,"$100,001 - $250,000",175000,MONOLITHIC POWER SYSTEMS INC UNSOLICITED,Monolithic Power Systems Inc,MPWR,stock,Information Technology
314,2026-03-02,purchase,"$100,001 - $250,000",175000,CISCO SYSTEMS INC UNSOLICITED,Cisco Systems Inc,CSCO,stock,Information Technology
315,2026-03-18,purchase,"$100,001 - $250,000",175000,DISNEY WALT CO,The Walt Disney Company,DIS,stock,Communication Services
316,2026-02-12,purchase,"$100,001 - $250,000",175000,GALLAGHER ARTHUR J & CO,Arthur J. Gallagher & Co,AJG,stock,Financials
317,2026-03-02,purchase,"$100,001 - $250,000",175000,EXXON MOBIL CORP UNSOLICITED,Exxon Mobil Corporation,XOM,stock,Energy
318,2026-03-25,purchase,"$100,001 - $250,000",175000,VERTIV HLDG CO UNSOLICITED,Vertiv Holdings Co,VRT,stock,Information Technology
319,2026-01-07,purchase,"$100,001 - $250,000",175000,TYLER TECHNOLOGIES INC,"Tyler Technologies, Inc.",TYL,stock,Information Technology
320,2026-03-18,purchase,"$100,001 - $250,000",175000,COMMERCE BANCSHARES INC,"Commerce Bancshares, Inc.",CBSH,stock,Financials
321,2026-03-10,purchase,"$100,001 - $250,000",175000,STATE STREET FINANCIAL SELECT SECTOR SPDR ETF,Financial Select Sector SPDR Fund,XLF,etf,Funds & ETFs
322,2026-03-17,purchase,"$100,001 - $250,000",175000,NVIDIA CORP,NVIDIA Corporation,NVDA,stock,Information Technology
323,2026-02-10,purchase,"$100,001 - $250,000",175000,ALPHABET INC CAP STK CL A,Alphabet Inc,GOOGL,stock,Communication Services
324,2026-03-02,purchase,"$100,001 - $250,000",175000,CADENCE DESIGN SYSTEM UNSOLICITED,Cadence Design Systems Inc,CDNS,stock,Information Technology
325,2026-01-06,purchase,"$100,001 - $250,000",175000,DOLLAR TREE INC,"Dollar Tree, Inc.",DLTR,stock,Consumer Discretionary
326,2026-02-10,purchase,"$100,001 - $250,000",175000,NEWS CORP NEW,News Corporation,NWSA,stock,Communication Services
327,2026-02-12,purchase,"$100,001 - $250,000",175000,TYLER TECHNOLOGIES INC,"Tyler Technologies, Inc.",TYL,stock,Information Technology
328,2026-01-12,purchase,"$100,001 - $250,000",175000,EATON CORP PLC F,Eaton Corporation plc,ETN,stock,Industrials
329,2026-03-02,purchase,"$100,001 - $250,000",175000,ANALOG DEVICES INC UNSOLICITED,Analog Devices Inc,ADI,stock,Information Technology
330,2026-02-24,purchase,"$100,001 - $250,000",175000,BOOKING HLDGS INC,Booking Holdings Inc.,BKNG,stock,Consumer Discretionary
331,2026-03-18,purchase,"$100,001 - $250,000",175000,BLACKROCK INC NEW,"BlackRock, Inc.",BLK,stock,Financials
332,2026-03-18,purchase,"$100,001 - $250,000",175000,FIDELITY NATL INFORMATIO,Fidelity National Information Services,FIS,stock,Financials
333,2026-02-26,purchase,"$100,001 - $250,000",175000,TELEFLEX INC,Teleflex Incorporated,TFX,stock,Health Care
334,2026-02-12,purchase,"$100,001 - $250,000",175000,ZSCALER INC,Zscaler Inc,ZS,stock,Information Technology
335,2026-03-10,purchase,"$100,001 - $250,000",175000,ISHARES CURRENCY HEDGED MSCI EUROZONE ETF,iShares Currency Hedged MSCI Eurozone ETF,HEZU,etf,Funds & ETFs
336,2026-03-23,purchase,"$100,001 - $250,000",175000,LYFT INC CLASS A,"Lyft, Inc.",LYFT,stock,Industrials
337,2026-03-17,purchase,"$100,001 - $250,000",175000,APPLE INC,Apple Inc,AAPL,stock,Information Technology
338,2026-02-12,purchase,"$100,001 - $250,000",175000,KKR & CO INC,KKR & Co. Inc.,KKR,stock,Financials
339,2026-03-10,purchase,"$100,001 - $250,000",175000,ISHARES CORE MSCI PACIFIC ETF,iShares Core MSCI Pacific ETF,IPAC,etf,Funds & ETFs
340,2026-01-06,purchase,"$100,001 - $250,000",175000,AMAZON COM INC,"Amazon.com, Inc.",AMZN,stock,Consumer Discretionary
341,2026-03-23,purchase,"$100,001 - $250,000",175000,JPMORGAN CHASE & CO UNSOLICITED,JPMorgan Chase & Co.,JPM,stock,Financials
342,2026-01-12,purchase,"$100,001 - $250,000",175000,CHEVRON CORP NEW,Chevron Corporation,CVX,stock,Energy
343,2026-01-23,purchase,"$100,001 - $250,000",175000,UNITEDHEALTH GROUP INC,UnitedHealth Group Inc,UNH,stock,Health Care
344,2026-03-10,purchase,"$100,001 - $250,000",175000,STATE STREET CONSUMER STAPLES SELECT SECTOR SPDR ETF,Consumer Staples Select Sector SPDR Fund,XLP,etf,Funds & ETFs
345,2026-03-23,purchase,"$100,001 - $250,000",175000,VSE CORP,VSE Corporation,VSEC,stock,Industrials
346,2026-02-26,purchase,"$100,001 - $250,000",175000,WAYSTAR HLDG CORP,Waystar Holding Corp.,WAY,stock,Health Care
347,2026-02-12,purchase,"$100,001 - $250,000",175000,COUPANG INC CLASS A,Coupang Inc,CPNG,stock,Consumer Discretionary
348,2026-01-23,purchase,"$100,001 - $250,000",175000,PHILIP MORRIS INTL INC,Philip Morris International Inc.,PM,stock,Consumer Staples
349,2026-02-26,purchase,"$100,001 - $250,000",175000,KORN FERRY,Korn Ferry,KFY,stock,Industrials
350,2026-03-04,purchase,"$100,001 - $250,000",175000,ISHARES CORE MSCI INTL DVLP MKT ETF,iShares Core MSCI EAFE ETF,IEFA,etf,Funds & ETFs
351,2026-03-30,purchase,"$100,001 - $250,000",175000,ACI WORLDWIDE INC,ACI Worldwide Inc,ACIW,stock,Information Technology
352,2026-03-18,purchase,"$100,001 - $250,000",175000,PROGRESSIVE CORP OH,The Progressive Corporation,PGR,stock,Financials
353,2026-01-06,purchase,"$100,001 - $250,000",175000,HOME DEPOT INC COM,The Home Depot Inc.,HD,stock,Consumer Discretionary
354,2026-02-12,purchase,"$100,001 - $250,000",175000,BERKSHIRE HATHAWAY CLASS B,Berkshire Hathaway Inc.,BRK.B,stock,Financials
355,2026-03-02,purchase,"$100,001 - $250,000",175000,JOHNSON & JOHNSON COM UNSOLICITED,Johnson & Johnson,JNJ,stock,Health Care
356,2026-02-12,purchase,"$100,001 - $250,000",175000,VERIZON COMMUNICATIONS I,Verizon Communications Inc.,VZ,stock,Communication Services
357,2026-01-06,purchase,"$100,001 - $250,000",175000,GRAINGER W W INC COM,W.W. Grainger Inc,GWW,stock,Industrials
358,2026-03-18,purchase,"$100,001 - $250,000",175000,MOODYS CORP,Moody's Corporation,MCO,stock,Financials
359,2026-03-02,purchase,"$100,001 - $250,000",175000,VISA INC CL A UNSOLICITED,Visa Inc.,V,stock,Financials
360,2026-01-26,purchase,"$100,001 - $250,000",175000,VERSANT MEDIA GROUP INC,Versant Media Group Inc.,VSNT,stock,Communication Services
361,2026-01-06,purchase,"$100,001 - $250,000",175000,UNITED PARCEL SERVICE INC,United Parcel Service Inc,UPS,stock,Industrials
362,2026-03-02,purchase,"$50,001 - $100,000",75000,FORTINET INC UNSOLICITED,Fortinet Inc,FTNT,stock,Information Technology
363,2026-02-12,purchase,"$50,001 - $100,000",75000,ATLASSIAN CORP CLASS A,Atlassian Corporation,TEAM,stock,Information Technology
364,2026-01-06,purchase,"$50,001 - $100,000",75000,VERTEX PHARMACEUTICALS INC,Vertex Pharmaceuticals Incorporated,VRTX,stock,Health Care
365,2026-03-04,purchase,"$50,001 - $100,000",75000,ISHARES CORE MSCI PACIFIC ETF,iShares Core MSCI Pacific ETF,IPAC,etf,Funds & ETFs
366,2026-03-18,purchase,"$50,001 - $100,000",75000,LITHIA MTRS INC CLASS A,"Lithia Motors, Inc.",LAD,stock,Consumer Discretionary
367,2026-03-18,purchase,"$50,001 - $100,000",75000,NVR INC,"NVR, Inc.",NVR,stock,Consumer Discretionary
368,2026-01-12,purchase,"$50,001 - $100,000",75000,MARSH & MCLENNAN COS INC,Marsh & McLennan Companies,MRSH,stock,Financials
369,2026-01-06,purchase,"$50,001 - $100,000",75000,BECTON DICKINSON & CO,Becton Dickinson and Company,BDX,stock,Health Care
370,2026-02-26,purchase,"$50,001 - $100,000",75000,SPRINKLR INC CLASS A,Sprinklr Inc,CXM,stock,Information Technology
371,2026-03-02,purchase,"$50,001 - $100,000",75000,SYNOPSYS INC UNSOLICITED,Synopsys Inc,SNPS,stock,Information Technology
372,2026-01-06,purchase,"$50,001 - $100,000",75000,SYNOPSYS INC COM,Synopsys Inc,SNPS,stock,Information Technology
373,2026-01-06,purchase,"$50,001 - $100,000",75000,WATERS CORP,Waters Corporation,WAT,stock,Health Care
374,2026-03-18,purchase,"$50,001 - $100,000",75000,DOORDASH INC CLASS A,DoorDash Inc.,DASH,stock,Consumer Discretionary
375,2026-03-18,purchase,"$50,001 - $100,000",75000,WATSCO INC,"Watsco, Inc.",WSO,stock,Industrials
376,2026-02-12,purchase,"$50,001 - $100,000",75000,BENTLEY SYS INC CLASS B,Bentley Systems Inc,BSY,stock,Information Technology
377,2026-03-30,purchase,"$50,001 - $100,000",75000,JBT MAREL CORP,JBT Corporation,JBT,stock,Industrials
378,2026-03-10,purchase,"$50,001 - $100,000",75000,ISHARES MSCI JAPAN ETF,iShares MSCI Japan ETF,EWJ,etf,Funds & ETFs
379,2026-02-12,purchase,"$50,001 - $100,000",75000,THERMO FISHER SCIENTIFIC,Thermo Fisher Scientific Inc.,TMO,stock,Health Care
380,2026-03-02,purchase,"$50,001 - $100,000",75000,PALANTIR TECHNOLOGIES INC CL A UNSOLICITED,Palantir Technologies Inc.,PLTR,stock,Information Technology
381,2026-03-02,purchase,"$50,001 - $100,000",75000,ABBVIE INC COM UNSOLICITED,AbbVie Inc.,ABBV,stock,Health Care
382,2026-02-12,purchase,"$50,001 - $100,000",75000,OKTA INC CLASS A,Okta Inc.,OKTA,stock,Information Technology
383,2026-03-04,purchase,"$50,001 - $100,000",75000,ISHARES CRRNCY HDG MSCI EURZN ETF,iShares Currency Hedged MSCI Eurozone ETF,HEZU,etf,Funds & ETFs
384,2026-01-06,purchase,"$50,001 - $100,000",75000,TRANSDIGM GROUP INC,TransDigm Group Incorporated,TDG,stock,Industrials
385,2026-03-30,purchase,"$50,001 - $100,000",75000,GROUP 1 AUTOMOTIVE INC,Group 1 Automotive Inc,GPI,stock,Consumer Discretionary
386,2026-03-17,purchase,"$50,001 - $100,000",75000,WILLIAMS SONOMA INC COM,"Williams-Sonoma, Inc.",WSM,stock,Consumer Discretionary
387,2026-02-12,purchase,"$50,001 - $100,000",75000,MORNINGSTAR INC,Morningstar Inc,MORN,stock,Financials
388,2026-03-23,purchase,"$50,001 - $100,000",75000,RITHM CAPITAL CORP REIT,Rithm Capital Corp.,RITM,stock,Financials
389,2026-02-12,purchase,"$50,001 - $100,000",75000,T-MOBILE US INC,T-Mobile US Inc,TMUS,stock,Communication Services
390,2026-03-12,purchase,"$50,001 - $100,000",75000,JOHNSON & JOHNSON COM UNSOLICITED,Johnson & Johnson,JNJ,stock,Health Care
391,2026-03-30,purchase,"$50,001 - $100,000",75000,MIRION TECHNOLOGIES INC CLASS A,Mirion Technologies Inc,MIR,stock,Health Care
392,2026-03-04,purchase,"$50,001 - $100,000",75000,PRIMORIS SVCS CORP,Primoris Services Corporation,PRIM,stock,Industrials
393,2026-02-12,purchase,"$50,001 - $100,000",75000,ARES MGMT CORP CLASS A,Ares Management Corporation,ARES,stock,Financials
394,2026-01-12,purchase,"$50,001 - $100,000",75000,GODADDY INC CLASS A,GoDaddy Inc,GDDY,stock,Information Technology
395,2026-01-12,purchase,"$50,001 - $100,000",75000,PUBLIC SVC ENTERPRISE GR,Public Service Enterprise Group Incorporated,PEG,stock,Utilities
396,2026-02-10,purchase,"$50,001 - $100,000",75000,CARNIVAL CORP PAIRED CTF 1 COM CARNI,Carnival Corporation,CCL,stock,Consumer Discretionary
397,2026-03-04,purchase,"$50,001 - $100,000",75000,VANGUARD INTERMEDIATE-TERM CORPORATE BOND INDEX FUN,Vanguard Intermediate-Term Corporate Bond ETF,VCIT,etf,Funds & ETFs
398,2026-03-02,purchase,"$50,001 - $100,000",75000,NXP SEMICONDUCTORS N V COM EUR UNSOLICITED,NXP Semiconductors N.V.,NXPI,stock,Information Technology
399,2026-03-17,purchase,"$50,001 - $100,000",75000,TARGET CORP COM,Target Corporation,TGT,stock,Consumer Discretionary
400,2026-03-30,purchase,"$50,001 - $100,000",75000,Q2 HLDGS INC,"Q2 Holdings, Inc.",QTWO,stock,Information Technology
401,2026-02-26,purchase,"$50,001 - $100,000",75000,ALARM COM HLDGS INC,"Alarm.com Holdings, Inc.",ALRM,stock,Information Technology
402,2026-03-02,purchase,"$50,001 - $100,000",75000,SERVICENOW INC UNSOLICITED,ServiceNow Inc,NOW,stock,Information Technology
403,2026-03-17,purchase,"$50,001 - $100,000",75000,LENNOX INTL INC,Lennox International Inc.,LII,stock,Industrials
404,2026-01-06,purchase,"$50,001 - $100,000",75000,PALANTIR TECHNOLOGIES INC CL A UNSOLICITED,Palantir Technologies Inc.,PLTR,stock,Information Technology
405,2026-03-02,purchase,"$50,001 - $100,000",75000,"SALESFORCE, INC. UNSOLICITED",Salesforce Inc,CRM,stock,Information Technology
406,2026-02-26,purchase,"$50,001 - $100,000",75000,VERRA MOBILITY CORP CLASS A,Verra Mobility Corporation,VRRM,stock,Industrials
407,2026-01-06,purchase,"$50,001 - $100,000",75000,Charter Communications Inc New,Charter Communications Inc,CHTR,stock,Communication Services
408,2026-03-02,purchase,"$50,001 - $100,000",75000,TEXAS INSTRUMENTS UNSOLICITED,Texas Instruments Incorporated,TXN,stock,Information Technology
409,2026-03-02,purchase,"$50,001 - $100,000",75000,QNITY ELECTRONICS INC UNSOLICITED,Qnity Electronics Inc,Q,stock,Information Technology
410,2026-01-06,purchase,"$50,001 - $100,000",75000,PINNACLE WEST CAP CORP COM,Pinnacle West Capital Corporation,PNW,stock,Utilities
411,2026-03-02,purchase,"$50,001 - $100,000",75000,HOME DEPOT INC UNSOLICITED,The Home Depot Inc.,HD,stock,Consumer Discretionary
412,2026-01-06,purchase,"$50,001 - $100,000",75000,STARBUCKS CORP COM,Starbucks Corporation,SBUX,stock,Consumer Discretionary
413,2026-03-02,purchase,"$50,001 - $100,000",75000,AMPHENOL CORP NEW CL A UNSOLICITED,Amphenol Corporation,APH,stock,Information Technology
414,2026-01-06,purchase,"$50,001 - $100,000",75000,INTUITIVE SURGICAL INC NEW,Intuitive Surgical Inc,ISRG,stock,Health Care
415,2026-03-23,purchase,"$50,001 - $100,000",75000,LIFE360 INC EQUITY,"Life360, Inc.",LIF,stock,Information Technology
416,2026-01-06,purchase,"$50,001 - $100,000",75000,FIDELITY NATL INFORMATION SVCS INC,Fidelity National Information Services,FIS,stock,Financials
417,2026-01-12,purchase,"$50,001 - $100,000",75000,UBER TECHNOLOGIES INC,Uber Technologies Inc,UBER,stock,Industrials
418,2026-03-18,purchase,"$50,001 - $100,000",75000,FIRST FINL BANKSHARES IN,First Financial Bankshares Inc,FFIN,stock,Financials
419,2026-03-17,purchase,"$50,001 - $100,000",75000,MICROSOFT CORP,Microsoft Corporation,MSFT,stock,Information Technology
420,2026-03-18,purchase,"$50,001 - $100,000",75000,APPLOVIN CORP CLASS A,AppLovin Corporation,APP,stock,Communication Services
421,2026-03-02,purchase,"$50,001 - $100,000",75000,SANDISK CORP UNSOLICITED,SanDisk Corporation,SNDK,stock,Information Technology
422,2026-02-12,purchase,"$50,001 - $100,000",75000,BLUE OWL CAP INC CLASS A,Blue Owl Capital Inc.,OWL,stock,Financials
423,2026-03-18,purchase,"$50,001 - $100,000",75000,WELLS FARGO & CO,Wells Fargo & Company,WFC,stock,Financials
424,2026-01-28,purchase,"$50,001 - $100,000",75000,PNC FINL SERVICES,PNC Financial Services Group Inc.,PNC,stock,Financials
425,2026-03-18,purchase,"$50,001 - $100,000",75000,SYNCHRONY FINL,Synchrony Financial,SYF,stock,Financials
426,2026-03-18,purchase,"$50,001 - $100,000",75000,MCDONALDS CORP,McDonald's Corporation,MCD,stock,Consumer Discretionary
427,2026-01-12,purchase,"$50,001 - $100,000",75000,LINDE PLC F,Linde plc,LIN,stock,Materials
428,2026-03-18,purchase,"$50,001 - $100,000",75000,BROWN & BROWN INC,Brown & Brown Inc,BRO,stock,Financials
429,2026-03-12,purchase,"$50,001 - $100,000",75000,EXXON MOBIL CORP UNSOLICITED,Exxon Mobil Corporation,XOM,stock,Energy
430,2026-02-12,purchase,"$50,001 - $100,000",75000,CLOUDFLARE INC CLASS A,Cloudflare Inc,NET,stock,Information Technology
431,2026-02-12,purchase,"$50,001 - $100,000",75000,AMDOCS LTD,Amdocs Limited,DOX,stock,Information Technology
432,2026-03-02,purchase,"$50,001 - $100,000",75000,KEYSIGHT TECHNOLOGIES INC COM UNSOLICITED,"Keysight Technologies, Inc.",KEYS,stock,Information Technology
433,2026-03-18,purchase,"$50,001 - $100,000",75000,PAYPAL HLDGS INC,"PayPal Holdings, Inc.",PYPL,stock,Financials
434,2026-03-18,purchase,"$50,001 - $100,000",75000,GENERAL MILLS INC,General Mills Inc,GIS,stock,Consumer Staples
435,2026-03-02,purchase,"$50,001 - $100,000",75000,CATERPILLAR INC UNSOLICITED,Caterpillar Inc,CAT,stock,Industrials
436,2026-03-12,purchase,"$50,001 - $100,000",75000,LILLY ELI & CO UNSOLICITED,Eli Lilly and Company,LLY,stock,Health Care
437,2026-01-12,purchase,"$50,001 - $100,000",75000,CARRIER GLOBAL CORP,Carrier Global Corporation,CARR,stock,Industrials
438,2026-03-10,purchase,"$50,001 - $100,000",75000,ISHARES MSCI CANADA ETF,iShares MSCI Canada ETF,EWC,etf,Funds & ETFs
439,2026-01-27,purchase,"$50,001 - $100,000",75000,PNC FINL SERVICES,PNC Financial Services Group Inc.,PNC,stock,Financials
440,2026-03-30,purchase,"$50,001 - $100,000",75000,STEPSTONE GROUP INC CLASS A,StepStone Group Inc.,STEP,stock,Financials
441,2026-03-02,purchase,"$50,001 - $100,000",75000,BANK OF AMER CORP UNSOLICITED,Bank of America Corporation,BAC,stock,Financials
442,2026-03-12,purchase,"$50,001 - $100,000",75000,BERKSHIRE HATHAWAY INC NEW CL B UNSOLICITED,Berkshire Hathaway Inc.,BRK.B,stock,Financials
443,2026-03-02,purchase,"$50,001 - $100,000",75000,ON SEMICONDUCTOR CORP UNSOLICITED,ON Semiconductor Corporation,ON,stock,Information Technology
444,2026-03-04,purchase,"$50,001 - $100,000",75000,EASTMAN CHEM CO,Eastman Chemical Company,EMN,stock,Materials
445,2026-01-06,purchase,"$50,001 - $100,000",75000,DTE ENERGY CO,DTE Energy Company,DTE,stock,Utilities
446,2026-02-26,purchase,"$50,001 - $100,000",75000,MARKETAXESS HLDGS INC,MarketAxess Holdings Inc.,MKTX,stock,Financials
447,2026-03-02,purchase,"$50,001 - $100,000",75000,ORACLE CORP UNSOLICITED,Oracle Corporation,ORCL,stock,Information Technology
448,2026-03-25,purchase,"$50,001 - $100,000",75000,CIENA CORP NEW UNSOLICITED,Ciena Corp,CIEN,stock,Information Technology
449,2026-01-12,purchase,"$50,001 - $100,000",75000,PROGRESSIVE CORP OH,The Progressive Corporation,PGR,stock,Financials
450,2026-02-10,purchase,"$50,001 - $100,000",75000,QUANTA SVCS INC,"Quanta Services, Inc.",PWR,stock,Industrials
451,2026-03-02,purchase,"$50,001 - $100,000",75000,GE AEROSPACE UNSOLICITED,GE Aerospace,GE,stock,Industrials
452,2026-02-12,purchase,"$50,001 - $100,000",75000,AMERICAN EXPRESS CO,American Express Company,AXP,stock,Financials
453,2026-03-02,purchase,"$50,001 - $100,000",75000,SKYWORKS SOLUTIONS INC UNSOLICITED,Skyworks Solutions Inc,SWKS,stock,Information Technology
454,2026-03-17,purchase,"$50,001 - $100,000",75000,AMCOR PLC,Amcor plc,AMCR,stock,Materials
455,2026-01-12,purchase,"$50,001 - $100,000",75000,COSTAR GROUP INC,"CoStar Group, Inc.",CSGP,stock,Real Estate
456,2026-03-10,purchase,"$50,001 - $100,000",75000,STATE STREET SPDR S&P GLOBAL NATURAL RESOURCES ETF,SPDR S&P Global Natural Resources ETF,GNR,etf,Funds & ETFs
457,2026-03-02,purchase,"$50,001 - $100,000",75000,NEWMONT CORP UNSOLICITED,Newmont Corporation,NEM,stock,Materials
458,2026-03-02,purchase,"$50,001 - $100,000",75000,TERADYNE INC UNSOLICITED,Teradyne Inc.,TER,stock,Information Technology
459,2026-03-30,purchase,"$50,001 - $100,000",75000,RED ROCK RESORTS INC CLASS A,"Red Rock Resorts, Inc.",RRR,stock,Consumer Discretionary
460,2026-01-06,purchase,"$50,001 - $100,000",75000,FISERV INC,Fiserv Inc,FI,stock,Financials
461,2026-03-23,purchase,"$50,001 - $100,000",75000,LIFE TIME GROUP HLDGS IN,"Life Time Group Holdings, Inc.",LTH,stock,Consumer Discretionary
462,2026-03-02,purchase,"$50,001 - $100,000",75000,CROWDSTRIKE HLDGS INC CL A UNSOLICITED,CrowdStrike Holdings Inc,CRWD,stock,Information Technology
463,2026-01-06,purchase,"$50,001 - $100,000",75000,TEXAS INSTRUMENTS COM,Texas Instruments Incorporated,TXN,stock,Information Technology
464,2026-03-30,purchase,"$50,001 - $100,000",75000,HIGHWOODS PPTYS INC REIT,Highwoods Properties Inc.,HIW,stock,Real Estate
465,2026-02-26,purchase,"$50,001 - $100,000",75000,BADGER METER INC,Badger Meter Inc,BMI,stock,Industrials
466,2026-01-12,purchase,"$50,001 - $100,000",75000,KRAFT HEINZ CO,The Kraft Heinz Company,KHC,stock,Consumer Staples
467,2026-03-11,purchase,"$50,001 - $100,000",75000,APPLIED MATERIALS INC UNSOLICITED,Applied Materials Inc,AMAT,stock,Information Technology
468,2026-03-18,purchase,"$50,001 - $100,000",75000,SLM CORP,SLM Corporation,SLM,stock,Financials
469,2026-03-18,purchase,"$50,001 - $100,000",75000,EQUITABLE HLDGS INC,Equitable Holdings Inc,EQH,stock,Financials
470,2026-02-10,purchase,"$50,001 - $100,000",75000,BALL CORP,Ball Corporation,BALL,stock,Materials
471,2026-01-12,purchase,"$50,001 - $100,000",75000,PAYPAL HLDGS INC,"PayPal Holdings, Inc.",PYPL,stock,Financials
472,2026-01-23,purchase,"$50,001 - $100,000",75000,AMAZON.COM INC,"Amazon.com, Inc.",AMZN,stock,Consumer Discretionary
473,2026-03-17,purchase,"$50,001 - $100,000",75000,NVIDIA CORP,NVIDIA Corporation,NVDA,stock,Information Technology
474,2026-03-18,purchase,"$50,001 - $100,000",75000,UNITEDHEALTH GROUP INC,UnitedHealth Group Inc,UNH,stock,Health Care
475,2026-03-02,purchase,"$50,001 - $100,000",75000,ARISTA NETWORKS INC UNSOLICITED,Arista Networks Inc,ANET,stock,Information Technology
476,2026-03-04,purchase,"$50,001 - $100,000",75000,STATE STRT INDSTL SLCT SCTR SPDR ETF,Industrial Select Sector SPDR Fund,XLI,etf,Funds & ETFs
477,2026-03-18,purchase,"$50,001 - $100,000",75000,COREBRIDGE FINL INC,"Corebridge Financial, Inc.",CRBG,stock,Financials
478,2026-02-12,purchase,"$50,001 - $100,000",75000,NVIDIA CORP,NVIDIA Corporation,NVDA,stock,Information Technology
479,2026-01-12,purchase,"$50,001 - $100,000",75000,CLOROX CO,The Clorox Co,CLX,stock,Consumer Staples
480,2026-02-12,purchase,"$50,001 - $100,000",75000,SERVICETITAN INC CLASS A,ServiceTitan Inc,TTAN,stock,Information Technology
481,2026-03-23,purchase,"$50,001 - $100,000",75000,NVIDIA CORP,NVIDIA Corporation,NVDA,stock,Information Technology
482,2026-03-17,purchase,"$50,001 - $100,000",75000,CSX CORPORATION,CSX Corporation,CSX,stock,Industrials
483,2026-03-18,purchase,"$50,001 - $100,000",75000,MSCI INC,MSCI Inc,MSCI,stock,Financials
484,2026-03-02,purchase,"$50,001 - $100,000",75000,INTUIT UNSOLICITED,Intuit Inc.,INTU,stock,Information Technology
485,2026-03-11,purchase,"$50,001 - $100,000",75000,LILLY ELI & CO UNSOLICITED,Eli Lilly and Company,LLY,stock,Health Care
486,2026-03-02,purchase,"$50,001 - $100,000",75000,AUTODESK INC UNSOLICITED,Autodesk Inc,ADSK,stock,Information Technology
487,2026-03-04,purchase,"$50,001 - $100,000",75000,ISHARES MSCI JAPAN ETF,iShares MSCI Japan ETF,EWJ,etf,Funds & ETFs
488,2026-03-02,purchase,"$50,001 - $100,000",75000,INTEL CORP UNSOLICITED,Intel Corporation,INTC,stock,Information Technology
489,2026-03-11,purchase,"$50,001 - $100,000",75000,LAM RESEARCH CORP UNSOLICITED,Lam Research Corporation,LRCX,stock,Information Technology
490,2026-03-02,purchase,"$50,001 - $100,000",75000,PALO ALTO NETWORKS INC UNSOLICITED,"Palo Alto Networks, Inc.",PANW,stock,Information Technology
491,2026-03-30,purchase,"$50,001 - $100,000",75000,INDIVIOR PHARMACEUTICALS,Indivior PLC,INDV,stock,Health Care
492,2026-03-30,purchase,"$50,001 - $100,000",75000,ESSENTIAL PPTYS RLTY TR REIT,Essential Properties Realty Trust,EPRT,stock,Real Estate
493,2026-03-23,purchase,"$50,001 - $100,000",75000,VERIZON COMMUNICATIONS INC UNSOLICITED,Verizon Communications Inc.,VZ,stock,Communication Services
494,2026-01-23,purchase,"$50,001 - $100,000",75000,COMCAST CORP CL A,Comcast Corp,CMCSA,stock,Communication Services
495,2026-03-25,purchase,"$50,001 - $100,000",75000,MICRON TECHNOLOGY INC UNSOLICITED,Micron Technology Inc,MU,stock,Information Technology
496,2026-01-12,purchase,"$50,001 - $100,000",75000,AUTOZONE INC,AutoZone Inc,AZO,stock,Consumer Discretionary
497,2026-03-17,purchase,"$50,001 - $100,000",75000,AMAZON.COM INC,"Amazon.com, Inc.",AMZN,stock,Consumer Discretionary
498,2026-03-18,purchase,"$50,001 - $100,000",75000,FLUTTER ENTMT PLC F,Flutter Entertainment plc,FLUT,stock,Consumer Discretionary
499,2026-02-26,purchase,"$50,001 - $100,000",75000,PTC THERAPEUTICS INC,"PTC Therapeutics, Inc.",PTCT,stock,Health Care
500,2026-03-30,purchase,"$50,001 - $100,000",75000,DORMAN PRODS INC,Dorman Products Inc.,DORM,stock,Consumer Discretionary
501,2026-03-23,purchase,"$50,001 - $100,000",75000,META PLATFORMS INC CL A UNSOLICITED,Meta Platforms Inc,META,stock,Communication Services
502,2026-03-02,purchase,"$50,001 - $100,000",75000,EATON CORP PLC UNSOLICITED,Eaton Corporation plc,ETN,stock,Industrials
503,2026-02-10,purchase,"$50,001 - $100,000",75000,GE VERNOVA INC COM,GE Vernova Inc,GEV,stock,Industrials
504,2026-01-06,purchase,"$50,001 - $100,000",75000,ORACLE CORP UNSOLICITED,Oracle Corporation,ORCL,stock,Information Technology
505,2026-02-10,purchase,"$50,001 - $100,000",75000,INTERNATIONAL PAPER COM,International Paper Company,IP,stock,Materials
506,2026-03-30,purchase,"$50,001 - $100,000",75000,SL GREEN RLTY CORP,SL Green Realty Corp,SLG,stock,Real Estate
507,2026-03-02,purchase,"$50,001 - $100,000",75000,PROCTER & GAMBLE CO UNSOLICITED,The Procter & Gamble Company,PG,stock,Consumer Staples
508,2026-03-17,purchase,"$50,001 - $100,000",75000,TAPESTRY INC COM,Tapestry Inc,TPR,stock,Consumer Discretionary
509,2026-03-25,purchase,"$50,001 - $100,000",75000,NETFLIX INC UNSOLICITED,Netflix Inc.,NFLX,stock,Communication Services
510,2026-01-06,purchase,"$50,001 - $100,000",75000,KKR & CO INC CL A,KKR & Co. Inc.,KKR,stock,Financials
511,2026-03-18,purchase,"$50,001 - $100,000",75000,REPUBLIC SVCS INC,"Republic Services, Inc.",RSG,stock,Industrials
512,2026-01-06,purchase,"$50,001 - $100,000",75000,AKAMAI TECHNOLOGIES INC,Akamai Technologies Inc,AKAM,stock,Information Technology
513,2026-03-23,purchase,"$50,001 - $100,000",75000,JABIL INC UNSOLICITED,Jabil Inc,JBL,stock,Information Technology
514,2026-03-04,purchase,"$50,001 - $100,000",75000,WSFS FNL CORP,WSFS Financial Corporation,WSFS,stock,Financials
515,2026-03-18,purchase,"$50,001 - $100,000",75000,INTERNTNL PAPER CO,International Paper Company,IP,stock,Materials
516,2026-02-12,purchase,"$50,001 - $100,000",75000,STRATEGY INC CLASS A,Strategy Inc. (MicroStrategy),MSTR,stock,Information Technology
517,2026-01-23,purchase,"$50,001 - $100,000",75000,TEXAS INSTRUMENTS INC,Texas Instruments Incorporated,TXN,stock,Information Technology
518,2026-03-04,purchase,"$50,001 - $100,000",75000,TERRENO RLTY CORP REIT,Terreno Realty Corporation,TRNO,stock,Real Estate
519,2026-03-12,purchase,"$50,001 - $100,000",75000,JPMORGAN CHASE & CO UNSOLICITED,JPMorgan Chase & Co.,JPM,stock,Financials
520,2026-03-23,purchase,"$50,001 - $100,000",75000,LINDE PLC NEW EUR UNSOLICITED,Linde plc,LIN,stock,Materials
521,2026-03-18,purchase,"$50,001 - $100,000",75000,ROPER TECHNOLOGIES INC,"Roper Technologies, Inc.",ROP,stock,Industrials
522,2026-03-23,purchase,"$50,001 - $100,000",75000,LILLY ELI & CO UNSOLICITED,Eli Lilly and Company,LLY,stock,Health Care
523,2026-03-02,purchase,"$50,001 - $100,000",75000,MASTERCARD INC CL A UNSOLICITED,Mastercard Incorporated,MA,stock,Financials
524,2026-01-12,purchase,"$50,001 - $100,000",75000,SOUTHERN CO,Southern Company,SO,stock,Utilities
525,2026-01-26,purchase,"$50,001 - $100,000",75000,CORVEL CORP,CorVel Corporation,CRVL,stock,Health Care
526,2026-03-25,purchase,"$50,001 - $100,000",75000,LUMENTUM HOLDINGS INC UNSOLICITED,Lumentum Holdings Inc.,LITE,stock,Information Technology
527,2026-03-11,purchase,"$50,001 - $100,000",75000,KLA CORP UNSOLICITED,KLA Corporation,KLAC,stock,Information Technology
528,2026-02-12,purchase,"$50,001 - $100,000",75000,BRIGHT HORIZONS FAMILY S,Bright Horizons Family Solutions Inc.,BFAM,stock,Consumer Discretionary
529,2026-02-12,purchase,"$50,001 - $100,000",75000,DRAFTKINGS INC NEW CLASS A,DraftKings Inc.,DKNG,stock,Consumer Discretionary
530,2026-01-06,purchase,"$50,001 - $100,000",75000,QUANTA SVCS INC,"Quanta Services, Inc.",PWR,stock,Industrials
531,2026-01-12,purchase,"$50,001 - $100,000",75000,DOORDASH INC CLASS A,DoorDash Inc.,DASH,stock,Consumer Discretionary
532,2026-03-30,purchase,"$50,001 - $100,000",75000,GRIFFON CORP,Griffon Corporation,GFF,stock,Industrials
533,2026-03-04,purchase,"$50,001 - $100,000",75000,CACTUS INC CLASS A,Cactus Inc,WHD,stock,Energy
534,2026-03-02,purchase,"$50,001 - $100,000",75000,JABIL INC UNSOLICITED,Jabil Inc,JBL,stock,Information Technology
535,2026-03-30,purchase,"$50,001 - $100,000",75000,ALKERMES PLC F,Alkermes plc,ALKS,stock,Health Care
536,2026-01-06,purchase,"$50,001 - $100,000",75000,PG & E CORP,PG&E Corporation,PCG,stock,Utilities
537,2026-03-18,purchase,"$50,001 - $100,000",75000,FLOOR & DECOR HLDGS INC CLASS A,Floor & Decor Holdings Inc,FND,stock,Consumer Discretionary
538,2026-01-07,purchase,"$50,001 - $100,000",75000,WATERS CORP,Waters Corporation,WAT,stock,Health Care
539,2026-02-12,purchase,"$50,001 - $100,000",75000,TPG INC CLASS A,TPG Inc.,TPG,stock,Financials
540,2026-03-11,purchase,"$50,001 - $100,000",75000,QUALCOMM INC UNSOLICITED,QUALCOMM Incorporated,QCOM,stock,Information Technology
541,2026-03-04,purchase,"$50,001 - $100,000",75000,ESSENTIAL PPTYS RLTY TR REIT,Essential Properties Realty Trust,EPRT,stock,Real Estate
542,2026-02-12,purchase,"$50,001 - $100,000",75000,NUTANIX INC CLASS A,"Nutanix, Inc.",NTNX,stock,Information Technology
543,2026-03-18,purchase,"$50,001 - $100,000",75000,TREX CO INC,"Trex Company, Inc.",TREX,stock,Materials
544,2026-03-02,purchase,"$50,001 - $100,000",75000,UNITEDHEALTH GROUP INC UNSOLICITED,UnitedHealth Group Inc,UNH,stock,Health Care
545,2026-03-17,purchase,"$50,001 - $100,000",75000,APPLE INC,Apple Inc,AAPL,stock,Information Technology
546,2026-03-30,purchase,"$50,001 - $100,000",75000,SPS COMM INC,"SPS Commerce, Inc.",SPSC,stock,Information Technology
547,2026-03-23,purchase,"$50,001 - $100,000",75000,APPLE INC,Apple Inc,AAPL,stock,Information Technology
548,2026-02-12,purchase,"$50,001 - $100,000",75000,SAILPOINT INC,"SailPoint Technologies Holdings, Inc.",SAIL,stock,Information Technology
549,2026-03-02,purchase,"$50,001 - $100,000",75000,MERCK & CO INC COM UNSOLICITED,"Merck & Co., Inc.",MRK,stock,Health Care
550,2026-03-02,purchase,"$50,001 - $100,000",75000,INTUITIVE SURGICAL INC UNSOLICITED,Intuitive Surgical Inc,ISRG,stock,Health Care
551,2026-01-12,purchase,"$50,001 - $100,000",75000,VEEVA SYS INC CLASS A,Veeva Systems Inc,VEEV,stock,Health Care
552,2026-03-23,purchase,"$50,001 - $100,000",75000,CHEVRON CORP UNSOLICITED,Chevron Corporation,CVX,stock,Energy
553,2026-03-02,purchase,"$50,001 - $100,000",75000,RESMED INC UNSOLICITED,ResMed Inc.,RMD,stock,Health Care
554,2026-02-26,purchase,"$50,001 - $100,000",75000,VIRTUS INVT PARTNERS INC,"Virtus Investment Partners, Inc.",VRTS,stock,Financials
555,2026-03-02,purchase,"$50,001 - $100,000",75000,ADOBE INC. (DELAWARE) UNSOLICITED,Adobe Inc,ADBE,stock,Information Technology
556,2026-03-30,purchase,"$50,001 - $100,000",75000,RITHM CAPITAL CORP REIT,Rithm Capital Corp.,RITM,stock,Financials
557,2026-02-12,purchase,"$50,001 - $100,000",75000,FORTINET INC,Fortinet Inc,FTNT,stock,Information Technology
558,2026-03-11,purchase,"$50,001 - $100,000",75000,JPMORGAN CHASE & CO UNSOLICITED,JPMorgan Chase & Co.,JPM,stock,Financials
559,2026-03-23,purchase,"$50,001 - $100,000",75000,LAUREATE ED INC,"Laureate Education, Inc.",LAUR,stock,Consumer Discretionary
560,2026-03-23,purchase,"$50,001 - $100,000",75000,AT&T INC UNSOLICITED,AT&T Inc,T,stock,Communication Services
561,2026-03-04,purchase,"$50,001 - $100,000",75000,MOHAWK INDS INC,Mohawk Industries Inc,MHK,stock,Consumer Discretionary
562,2026-03-30,purchase,"$50,001 - $100,000",75000,TANGER INC REIT,Tanger Inc,SKT,stock,Real Estate
563,2026-03-18,purchase,"$50,001 - $100,000",75000,COINBASE GLOBAL INC CLASS A,Coinbase Global Inc,COIN,stock,Financials
564,2026-02-26,purchase,"$50,001 - $100,000",75000,CORCEPT THERAPEUTICS INC,Corcept Therapeutics Incorporated,CORT,stock,Health Care
565,2026-03-18,purchase,"$50,001 - $100,000",75000,VORNADO RLTY TR REIT,Vornado Realty Trust,VNO,stock,Real Estate
566,2026-01-23,purchase,"$50,001 - $100,000",75000,ALTRIA GROUP INC,"Altria Group, Inc.",MO,stock,Consumer Staples
567,2026-02-12,purchase,"$50,001 - $100,000",75000,SENTINELONE INC CLASS A,"SentinelOne, Inc.",S,stock,Information Technology
568,2026-03-30,purchase,"$50,001 - $100,000",75000,ASSURED GUARANTY LTD F,Assured Guaranty Ltd,AGO,stock,Financials
569,2026-01-12,purchase,"$50,001 - $100,000",75000,THE TRADE DESK INC CLASS A,"The Trade Desk, Inc.",TTD,stock,Communication Services
570,2026-03-23,purchase,"$50,001 - $100,000",75000,APPLIED MATERIALS INC UNSOLICITED,Applied Materials Inc,AMAT,stock,Information Technology
571,2026-03-17,purchase,"$50,001 - $100,000",75000,VISTRA CORP,Vistra Corp.,VST,stock,Utilities
572,2026-01-12,purchase,"$50,001 - $100,000",75000,ACCENTURE PLC IRELAND F CLASS A,Accenture plc,ACN,stock,Information Technology
573,2026-01-12,purchase,"$50,001 - $100,000",75000,ONEOK INC NEW,ONEOK Inc.,OKE,stock,Energy
574,2026-03-18,purchase,"$50,001 - $100,000",75000,APOLLO GLOBAL MGMT INC N CLASS A,Apollo Global Management Inc,APO,stock,Financials
575,2026-03-17,purchase,"$50,001 - $100,000",75000,PROCTER & GAMBLE CO,The Procter & Gamble Company,PG,stock,Consumer Staples
576,2026-03-17,purchase,"$50,001 - $100,000",75000,BROADCOM INC,Broadcom Inc,AVGO,stock,Information Technology
577,2026-03-02,purchase,"$50,001 - $100,000",75000,MOTOROLA SOLUTIONS INC UNSOLICITED,Motorola Solutions Inc,MSI,stock,Information Technology
578,2026-01-26,purchase,"$50,001 - $100,000",75000,HEALTHSTREAM INC,HealthStream Inc,HSTM,stock,Health Care
579,2026-03-18,purchase,"$50,001 - $100,000",75000,COSTAR GROUP INC,"CoStar Group, Inc.",CSGP,stock,Real Estate
580,2026-01-06,purchase,"$50,001 - $100,000",75000,CONSTELLATION BRANDS INC,"Constellation Brands, Inc.",STZ,stock,Consumer Staples
581,2026-03-11,purchase,"$50,001 - $100,000",75000,HOME DEPOT INC UNSOLICITED,The Home Depot Inc.,HD,stock,Consumer Discretionary
582,2026-01-06,purchase,"$50,001 - $100,000",75000,BROADCOM INC COM,Broadcom Inc,AVGO,stock,Information Technology
583,2026-02-12,purchase,"$50,001 - $100,000",75000,DOXIMITY INC CLASS A,Doximity Inc.,DOCS,stock,Health Care
584,2026-01-12,purchase,"$50,001 - $100,000",75000,CROWN CASTLE INC REIT REIT,Crown Castle Inc,CCI,stock,Real Estate
585,2026-03-30,purchase,"$50,001 - $100,000",75000,LCI INDS,LCI Industries,LCII,stock,Consumer Discretionary
586,2026-03-11,purchase,"$50,001 - $100,000",75000,MICRON TECHNOLOGY INC UNSOLICITED,Micron Technology Inc,MU,stock,Information Technology
587,2026-03-11,purchase,"$50,001 - $100,000",75000,BERKSHIRE HATHAWAY INC NEW CL B UNSOLICITED,Berkshire Hathaway Inc.,BRK.B,stock,Financials
588,2026-03-18,purchase,"$50,001 - $100,000",75000,REVVITY INC,"Revvity, Inc.",RVTY,stock,Health Care
589,2026-03-30,purchase,"$50,001 - $100,000",75000,ARTISAN PARTNERS ASSET M CLASS A,Artisan Partners Asset Management Inc,APAM,stock,Financials
590,2026-01-12,purchase,"$50,001 - $100,000",75000,DOCUSIGN INC,"DocuSign, Inc.",DOCU,stock,Information Technology
591,2026-02-10,purchase,"$50,001 - $100,000",75000,ON SEMICONDUCTOR CORP,ON Semiconductor Corporation,ON,stock,Information Technology
592,2026-02-12,purchase,"$50,001 - $100,000",75000,ELASTIC N V F,Elastic N.V.,ESTC,stock,Information Technology
593,2026-01-23,purchase,"$50,001 - $100,000",75000,SOUTHERN COMPANY,Southern Company,SO,stock,Utilities
594,2026-03-02,purchase,"$50,001 - $100,000",75000,BLACKSTONE INC CL A UNSOLICITED,Blackstone Inc,BX,stock,Financials
595,2026-03-23,purchase,"$50,001 - $100,000",75000,PROLOGIS INC COM UNSOLICITED,Prologis Inc.,PLD,stock,Real Estate
596,2026-03-18,purchase,"$50,001 - $100,000",75000,VEEVA SYS INC CLASS A,Veeva Systems Inc,VEEV,stock,Health Care
597,2026-02-26,purchase,"$50,001 - $100,000",75000,PENNYMAC MYG INVT TR REIT,PennyMac Mortgage Investment Trust,PMT,stock,Financials
598,2026-03-23,purchase,"$50,001 - $100,000",75000,SUPER MICRO COMPUTER INC UNSOLICITED,Super Micro Computer Inc,SMCI,stock,Information Technology
599,2026-03-02,purchase,"$50,001 - $100,000",75000,PHILIP MORRIS INTL INC UNSOLICITED,Philip Morris International Inc.,PM,stock,Consumer Staples
600,2026-03-18,purchase,"$50,001 - $100,000",75000,FAIR ISAAC CORP,Fair Isaac Corporation,FICO,stock,Information Technology
601,2026-03-04,purchase,"$50,001 - $100,000",75000,FIRST INTST BANCSYSTEM I CLASS A,First Interstate BancSystem Inc,FIBK,stock,Financials
602,2026-02-12,purchase,"$50,001 - $100,000",75000,GITLAB INC CLASS A,GitLab Inc,GTLB,stock,Information Technology
603,2026-01-12,purchase,"$50,001 - $100,000",75000,OLD DOMINION FREIGHT LN,Old Dominion Freight Line Inc.,ODFL,stock,Industrials
604,2026-03-02,purchase,"$50,001 - $100,000",75000,PUBLIC SERVICE ENTERPRISE GROUP INC UNSOLICITED,Public Service Enterprise Group Incorporated,PEG,stock,Utilities
605,2026-03-02,purchase,"$50,001 - $100,000",75000,NEXTERA ENERGY INC COM UNSOLICITED,"NextEra Energy, Inc.",NEE,stock,Utilities
606,2026-01-06,purchase,"$50,001 - $100,000",75000,ELI LILLY & CO.,Eli Lilly and Company,LLY,stock,Health Care
607,2026-03-23,purchase,"$50,001 - $100,000",75000,FORD MOTOR CO COM UNSOLICITED,Ford Motor Company,F,stock,Consumer Discretionary
608,2026-03-23,purchase,"$50,001 - $100,000",75000,ALPHABET INC CLASS A,Alphabet Inc,GOOGL,stock,Communication Services
609,2026-03-30,purchase,"$50,001 - $100,000",75000,PALOMAR HLDGS INC,"Palomar Holdings, Inc.",PLMR,stock,Financials
610,2026-03-30,purchase,"$50,001 - $100,000",75000,PARK NATL CORP,Park National Corporation,PRK,stock,Financials
611,2026-02-26,purchase,"$50,001 - $100,000",75000,EVERTEC INC  F,EVERTEC Inc,EVTC,stock,Information Technology
612,2026-03-23,purchase,"$50,001 - $100,000",75000,DIGITAL REALITY TRUST INC REIT UNSOLICITED,"Digital Realty Trust, Inc.",DLR,stock,Real Estate
613,2026-03-04,purchase,"$50,001 - $100,000",75000,BRIGHTSPRING HEALTH SVCS,"BrightSpring Health Services, Inc.",BTSG,stock,Health Care
614,2026-02-12,purchase,"$50,001 - $100,000",75000,EXLSERVICE HLDGS INC,ExlService Holdings Inc,EXLS,stock,Industrials
615,2026-03-30,purchase,"$50,001 - $100,000",75000,DNOW INC,DNOW Inc.,DNOW,stock,Energy
616,2026-03-18,purchase,"$50,001 - $100,000",75000,CORPAY INC,"Corpay, Inc.",CPAY,stock,Financials
617,2026-03-12,purchase,"$50,001 - $100,000",75000,LAM RESEARCH CORP UNSOLICITED,Lam Research Corporation,LRCX,stock,Information Technology
618,2026-02-12,purchase,"$50,001 - $100,000",75000,SNAP INC CLASS A,Snap Inc,SNAP,stock,Communication Services
619,2026-03-23,purchase,"$50,001 - $100,000",75000,KLA CORP UNSOLICITED,KLA Corporation,KLAC,stock,Information Technology
620,2026-03-04,purchase,"$50,001 - $100,000",75000,STE SRT CNSR STPLS SLCT SEC SPDR ETF,Consumer Staples Select Sector SPDR Fund,XLP,etf,Funds & ETFs
621,2026-03-02,purchase,"$50,001 - $100,000",75000,TE CONNECTIVITY PLC UNSOLICITED,TE Connectivity plc,TEL,stock,Information Technology
622,2026-02-12,purchase,"$50,001 - $100,000",75000,PAYCOM SOFTWARE INC,"Paycom Software, Inc.",PAYC,stock,Industrials
623,2026-03-04,purchase,"$50,001 - $100,000",75000,INNOSPEC INC,Innospec Inc.,IOSP,stock,Materials
624,2026-03-18,purchase,"$50,001 - $100,000",75000,THE CAMPBELL'S CO,Campbell Soup Company,CPB,stock,Consumer Staples
625,2026-03-04,purchase,"$50,001 - $100,000",75000,FRANKLIN ELEC INC,Franklin Electric Co Inc,FELE,stock,Industrials
626,2026-03-18,purchase,"$50,001 - $100,000",75000,TOAST INC CLASS A,"Toast, Inc.",TOST,stock,Information Technology
627,2026-03-11,purchase,"$50,001 - $100,000",75000,ADVANCED MICRO DEVICES INC UNSOLICITED,Advanced Micro Devices Inc,AMD,stock,Information Technology
628,2026-02-26,purchase,"$50,001 - $100,000",75000,TG THERAPEUTICS INC,"TG Therapeutics, Inc.",TGTX,stock,Health Care
629,2026-01-23,purchase,"$50,001 - $100,000",75000,DUKE ENERGY CORP,Duke Energy Corporation,DUK,stock,Utilities
630,2026-01-12,purchase,"$50,001 - $100,000",75000,VISA INC CLASS A,Visa Inc.,V,stock,Financials
631,2026-03-12,purchase,"$50,001 - $100,000",75000,APPLIED MATERIALS INC UNSOLICITED,Applied Materials Inc,AMAT,stock,Information Technology
632,2026-03-23,purchase,"$50,001 - $100,000",75000,LAM RESEARCH CORP UNSOLICITED,Lam Research Corporation,LRCX,stock,Information Technology
633,2026-03-04,purchase,"$50,001 - $100,000",75000,BALCHEM CORP,Balchem Corporation,BCPC,stock,Materials
634,2026-03-04,purchase,"$50,001 - $100,000",75000,ABM INDS INC,ABM Industries Inc,ABM,stock,Industrials
635,2026-03-12,purchase,"$50,001 - $100,000",75000,NETFLIX INC UNSOLICITED,Netflix Inc.,NFLX,stock,Communication Services
636,2026-03-17,purchase,"$50,001 - $100,000",75000,BLUE OWL CAPITAL INC CL A,Blue Owl Capital Inc.,OWL,stock,Financials
637,2026-02-12,purchase,"$50,001 - $100,000",75000,DATADOG INC CLASS A,"Datadog, Inc.",DDOG,stock,Information Technology
638,2026-03-17,purchase,"$50,001 - $100,000",75000,SIXTH STREET SPECIALTY LENDING INC,Sixth Street Specialty Lending Inc,TSLX,stock,Financials
639,2026-03-11,purchase,"$50,001 - $100,000",75000,MONOLITHIC POWER SYSTEMS INC UNSOLICITED,Monolithic Power Systems Inc,MPWR,stock,Information Technology
640,2026-03-17,purchase,"$50,001 - $100,000",75000,ARES CAPITAL CORP,Ares Capital Corporation,ARCC,stock,Financials
641,2026-03-17,purchase,"$50,001 - $100,000",75000,BLACKSTONE SECURED LENDING FUND,Blackstone Secured Lending Fund,BXSL,fund,Funds & ETFs
642,2026-03-17,purchase,"$50,001 - $100,000",75000,GOLUB CAPITAL BDC INC,Golub Capital BDC Inc,GBDC,stock,Financials
643,2026-03-17,purchase,"$50,001 - $100,000",75000,KAYNE ANDERSON BDC INC,"Kayne Anderson BDC, Inc.",KBDC,stock,Financials
644,2026-03-04,purchase,"$50,001 - $100,000",75000,ARCOSA INC,Arcosa Inc,ACA,stock,Industrials
645,2026-03-02,purchase,"$15,001 - $50,000",32500,DIGITAL REALTY TRUST INC REIT UNSOLICITED,"Digital Realty Trust, Inc.",DLR,stock,Real Estate
646,2026-02-12,purchase,"$15,001 - $50,000",32500,KYNDRYL HLDGS INC,"Kyndryl Holdings, Inc.",KD,stock,Information Technology
647,2026-03-18,purchase,"$15,001 - $50,000",32500,CHIPOTLE MEXICAN GRILL I,Chipotle Mexican Grill Inc,CMG,stock,Consumer Discretionary
648,2026-03-30,purchase,"$15,001 - $50,000",32500,ICU MED INC,ICU Medical Inc.,ICUI,stock,Health Care
649,2026-03-04,purchase,"$15,001 - $50,000",32500,MGE ENERGY INC,MGE Energy Inc,MGEE,stock,Utilities
650,2026-02-02,purchase,"$15,001 - $50,000",32500,APELLIS PHARMACEUTICALS,"Apellis Pharmaceuticals, Inc.",APLS,stock,Health Care
651,2026-02-10,purchase,"$15,001 - $50,000",32500,ARISTA NETWORKS INC COM USD0.0001 (,Arista Networks Inc,ANET,stock,Information Technology
652,2026-03-10,purchase,"$15,001 - $50,000",32500,VANGUARD INTERMEDIATE-TERM CORPORATE BOND INDEX FUN,Vanguard Intermediate-Term Corporate Bond ETF,VCIT,etf,Funds & ETFs
653,2026-03-25,purchase,"$15,001 - $50,000",32500,ADVANCED MICRO DEVICES INC UNSOLICITED,Advanced Micro Devices Inc,AMD,stock,Information Technology
654,2026-03-30,purchase,"$15,001 - $50,000",32500,UPWORK INC,Upwork Inc,UPWK,stock,Information Technology
655,2026-03-30,purchase,"$15,001 - $50,000",32500,DREAM FINDERS HOMES INC CLASS A,Dream Finders Homes Inc.,DFH,stock,Consumer Discretionary
656,2026-02-12,purchase,"$15,001 - $50,000",32500,DUOLINGO INC CLASS A,Duolingo Inc.,DUOL,stock,Communication Services
657,2026-03-02,purchase,"$15,001 - $50,000",32500,NETAPP INC UNSOLICITED,"NetApp, Inc.",NTAP,stock,Information Technology
658,2026-03-04,purchase,"$15,001 - $50,000",32500,SERVISFIRST BANCSHARES I,ServisFirst Bancshares Inc,SFBS,stock,Financials
659,2026-02-26,purchase,"$15,001 - $50,000",32500,PENN ENTMT INC,"PENN Entertainment, Inc.",PENN,stock,Consumer Discretionary
660,2026-03-25,purchase,"$15,001 - $50,000",32500,INTEL CORP UNSOLICITED,Intel Corporation,INTC,stock,Information Technology
661,2026-02-26,purchase,"$15,001 - $50,000",32500,TENNANT CO,Tennant Company,TNC,stock,Industrials
662,2026-02-12,purchase,"$15,001 - $50,000",32500,TEXAS INSTRS INC,Texas Instruments Incorporated,TXN,stock,Information Technology
663,2026-03-02,purchase,"$15,001 - $50,000",32500,CORNING INC UNSOLICITED,Corning Incorporated,GLW,stock,Information Technology
664,2026-03-12,purchase,"$15,001 - $50,000",32500,MICRON TECHNOLOGY INC UNSOLICITED,Micron Technology Inc,MU,stock,Information Technology
665,2026-03-23,purchase,"$15,001 - $50,000",32500,SPHERE ENTERTAINMENT A CLASS A,Sphere Entertainment Co,SPHR,stock,Communication Services
666,2026-03-12,purchase,"$15,001 - $50,000",32500,QUALCOMM INC UNSOLICITED,QUALCOMM Incorporated,QCOM,stock,Information Technology
667,2026-03-17,purchase,"$15,001 - $50,000",32500,ALPHABET INC CLASS A,Alphabet Inc,GOOGL,stock,Communication Services
668,2026-02-26,purchase,"$15,001 - $50,000",32500,DXC TECHNOLOGY CO,DXC Technology Company,DXC,stock,Information Technology
669,2026-03-12,purchase,"$15,001 - $50,000",32500,WALMART INC UNSOLICITED,Walmart Inc,WMT,stock,Consumer Staples
670,2026-03-04,purchase,"$15,001 - $50,000",32500,BLACKSTONE MTG TR INC REIT,"Blackstone Mortgage Trust, Inc.",BXMT,stock,Real Estate
671,2026-03-23,purchase,"$15,001 - $50,000",32500,CATERPILLAR INC UNSOLICITED,Caterpillar Inc,CAT,stock,Industrials
672,2026-03-30,purchase,"$15,001 - $50,000",32500,CORVEL CORP,CorVel Corporation,CRVL,stock,Health Care
673,2026-03-04,purchase,"$15,001 - $50,000",32500,MATSON INC,Matson Inc,MATX,stock,Industrials
674,2026-03-30,purchase,"$15,001 - $50,000",32500,SAFEHOLD INC REIT REIT,Safehold Inc.,SAFE,stock,Real Estate
675,2026-03-30,purchase,"$15,001 - $50,000",32500,VITA COCO CO INC,"The Vita Coco Company, Inc.",COCO,stock,Consumer Staples
676,2026-03-18,purchase,"$15,001 - $50,000",32500,IQVIA HLDGS INC,IQVIA Holdings Inc.,IQV,stock,Health Care
677,2026-03-30,purchase,"$15,001 - $50,000",32500,WENDYS CO CLASS A,The Wendy's Company,WEN,stock,Consumer Discretionary
678,2026-03-25,purchase,"$15,001 - $50,000",32500,CHARLES RIVER LABORATORIES UNSOLICITED,Charles River Laboratories International Inc.,CRL,stock,Health Care
679,2026-01-23,purchase,"$15,001 - $50,000",32500,T-MOBILE US INC,T-Mobile US Inc,TMUS,stock,Communication Services
680,2026-03-12,purchase,"$15,001 - $50,000",32500,ABBVIE INC COM UNSOLICITED,AbbVie Inc.,ABBV,stock,Health Care
681,2026-01-12,purchase,"$15,001 - $50,000",32500,CENTENE CORP DEL,Centene Corporation,CNC,stock,Health Care
682,2026-01-12,purchase,"$15,001 - $50,000",32500,THE COCA-COLA CO,The Coca-Cola Company,KO,stock,Consumer Staples
683,2026-02-12,purchase,"$15,001 - $50,000",32500,GRAPHIC PACKAGING HLDG C,Graphic Packaging Holding Company,GPK,stock,Materials
684,2026-01-12,purchase,"$15,001 - $50,000",32500,BLOCK INC A CLASS A,BLOCK INC A CLASS A,XYZ,stock,Information Technology
685,2026-01-12,purchase,"$15,001 - $50,000",32500,ROCKET LAB CORP CLASS A,"Rocket Lab USA, Inc.",RKLB,stock,Industrials
686,2026-01-12,purchase,"$15,001 - $50,000",32500,LOWES COS INC,"Lowe's Companies, Inc.",LOW,stock,Consumer Discretionary
687,2026-01-12,purchase,"$15,001 - $50,000",32500,SPROUTS FMRS MKT INC,"Sprouts Farmers Market, Inc.",SFM,stock,Consumer Staples
688,2026-03-25,purchase,"$15,001 - $50,000",32500,ARISTA NETWORKS INC UNSOLICITED,Arista Networks Inc,ANET,stock,Information Technology
689,2026-01-12,purchase,"$15,001 - $50,000",32500,VICI PPTYS INC REIT,VICI Properties Inc.,VICI,stock,Real Estate
690,2026-01-12,purchase,"$15,001 - $50,000",32500,HORMEL FOODS CORP,Hormel Foods Corporation,HRL,stock,Consumer Staples
691,2026-03-23,purchase,"$15,001 - $50,000",32500,ON SEMICONDUCTOR CORP UNSOLICITED,ON Semiconductor Corporation,ON,stock,Information Technology
692,2026-01-12,purchase,"$15,001 - $50,000",32500,U HAUL HOLDING NON VOTIN CLASS SERIES N,U-Haul Holding Company,UHAL,stock,Industrials
693,2026-01-12,purchase,"$15,001 - $50,000",32500,FRONTIER COMMUNICATIONS,Frontier Communications Parent Inc,FYBR,stock,Communication Services
694,2026-02-12,purchase,"$15,001 - $50,000",32500,RYAN SPECIALTY HOLDINGS CLASS A,"Ryan Specialty Holdings, Inc.",RYAN,stock,Financials
695,2026-03-30,purchase,"$15,001 - $50,000",32500,MASTERBRAND INC,MasterBrand Inc,MBC,stock,Industrials
696,2026-03-25,purchase,"$15,001 - $50,000",32500,JOHNSON & JOHNSON COM UNSOLICITED,Johnson & Johnson,JNJ,stock,Health Care
697,2026-03-25,purchase,"$15,001 - $50,000",32500,LINDE PLC NEW EUR UNSOLICITED,Linde plc,LIN,stock,Materials
698,2026-03-17,purchase,"$15,001 - $50,000",32500,MICROSOFT CORP,Microsoft Corporation,MSFT,stock,Information Technology
699,2026-02-12,purchase,"$15,001 - $50,000",32500,MOTOROLA SOLUTIONS INC,Motorola Solutions Inc,MSI,stock,Information Technology
700,2026-01-12,purchase,"$15,001 - $50,000",32500,NETAPP INC,"NetApp, Inc.",NTAP,stock,Information Technology
701,2026-03-25,purchase,"$15,001 - $50,000",32500,GARMIN LTD SHS UNSOLICITED,Garmin Ltd,GRMN,stock,Consumer Discretionary
702,2026-03-25,purchase,"$15,001 - $50,000",32500,SKYWORKS SOLUTIONS INC UNSOLICITED,Skyworks Solutions Inc,SWKS,stock,Information Technology
703,2026-03-25,purchase,"$15,001 - $50,000",32500,SMURFIT WESTROCK PLC UNSOLICITED,Smurfit WestRock plc,SW,stock,Materials
704,2026-02-12,purchase,"$15,001 - $50,000",32500,RUBRIK INC CLASS A,Rubrik Inc.,RBRK,stock,Information Technology
705,2026-01-12,purchase,"$15,001 - $50,000",32500,COINBASE GLOBAL INC CLASS A,Coinbase Global Inc,COIN,stock,Financials
706,2026-03-25,purchase,"$15,001 - $50,000",32500,CARNIVAL CORP NEW (PAIRED STOCK) UNSOLICITED,Carnival Corporation,CCL,stock,Consumer Discretionary
707,2026-02-12,purchase,"$15,001 - $50,000",32500,FIGMA INC CLASS A,Figma Inc,FIG,stock,Information Technology
708,2026-03-25,purchase,"$15,001 - $50,000",32500,BECTON DICKINSON & CO UNSOLICITED,Becton Dickinson and Company,BDX,stock,Health Care
709,2026-03-25,purchase,"$15,001 - $50,000",32500,METTLER-TOLEDO INTL UNSOLICITED,Mettler-Toledo International Inc,MTD,stock,Health Care
710,2026-03-25,purchase,"$15,001 - $50,000",32500,PFIZER INC UNSOLICITED,Pfizer Inc.,PFE,stock,Health Care
711,2026-03-11,purchase,"$15,001 - $50,000",32500,WALMART INC UNSOLICITED,Walmart Inc,WMT,stock,Consumer Staples
712,2026-03-25,purchase,"$15,001 - $50,000",32500,TEXAS INSTRUMENTS UNSOLICITED,Texas Instruments Incorporated,TXN,stock,Information Technology
713,2026-03-25,purchase,"$15,001 - $50,000",32500,BOOKING HLDGS INC UNSOLICITED,Booking Holdings Inc.,BKNG,stock,Consumer Discretionary
714,2026-03-25,purchase,"$15,001 - $50,000",32500,MONOLITHIC POWER SYSTEMS INC UNSOLICITED,Monolithic Power Systems Inc,MPWR,stock,Information Technology
715,2026-03-25,purchase,"$15,001 - $50,000",32500,QUALCOMM INC UNSOLICITED,QUALCOMM Incorporated,QCOM,stock,Information Technology
716,2026-03-25,purchase,"$15,001 - $50,000",32500,PRICE T ROWE GROUP INC UNSOLICITED,T. Rowe Price Group Inc,TROW,stock,Financials
717,2026-02-12,purchase,"$15,001 - $50,000",32500,PINTEREST INC CLASS A,Pinterest Inc.,PINS,stock,Communication Services
718,2026-03-25,purchase,"$15,001 - $50,000",32500,LIVE NATION ENTERTAINMENT INC UNSOLICITED,"Live Nation Entertainment, Inc.",LYV,stock,Communication Services
719,2026-03-25,purchase,"$15,001 - $50,000",32500,WALMART INC UNSOLICITED,Walmart Inc,WMT,stock,Consumer Staples
720,2026-03-25,purchase,"$15,001 - $50,000",32500,JOHNSON CTLS INTL PLC UNSOLICITED,Johnson Controls International plc,JCI,stock,Industrials
721,2026-03-25,purchase,"$15,001 - $50,000",32500,RTX CORP UNSOLICITED,RTX Corporation,RTX,stock,Industrials
722,2026-03-04,purchase,"$15,001 - $50,000",32500,NBT BANCORP INC,NBT Bancorp Inc.,NBTB,stock,Financials
723,2026-03-25,purchase,"$15,001 - $50,000",32500,LILLY ELI & CO UNSOLICITED,Eli Lilly and Company,LLY,stock,Health Care
724,2026-03-25,purchase,"$15,001 - $50,000",32500,MASTERCARD INC CL A UNSOLICITED,Mastercard Incorporated,MA,stock,Financials
725,2026-02-12,purchase,"$15,001 - $50,000",32500,BOOZ ALLEN HAMILTON HLDG CLASS A,Booz Allen Hamilton Holding Corporation,BAH,stock,Industrials
726,2026-03-25,purchase,"$15,001 - $50,000",32500,CBRE GROUP INC CL A UNSOLICITED,CBRE Group Inc,CBRE,stock,Real Estate
727,2026-03-25,purchase,"$15,001 - $50,000",32500,UBER TECHNOLOGIES INC UNSOLICITED,Uber Technologies Inc,UBER,stock,Industrials
728,2026-03-25,purchase,"$15,001 - $50,000",32500,STARBUCKS CORP UNSOLICITED,Starbucks Corporation,SBUX,stock,Consumer Discretionary
729,2026-03-25,purchase,"$15,001 - $50,000",32500,PHILIP MORRIS INTL INC UNSOLICITED,Philip Morris International Inc.,PM,stock,Consumer Staples
730,2026-03-25,purchase,"$15,001 - $50,000",32500,JPMORGAN CHASE & CO UNSOLICITED,JPMorgan Chase & Co.,JPM,stock,Financials
731,2026-03-25,purchase,"$15,001 - $50,000",32500,DIGITAL REALTY TRUST INC REIT UNSOLICITED,"Digital Realty Trust, Inc.",DLR,stock,Real Estate
732,2026-03-02,purchase,"$15,001 - $50,000",32500,GOLDMAN SACHS GROUP INC UNSOLICITED,The Goldman Sachs Group Inc,GS,stock,Financials
733,2026-03-12,purchase,"$15,001 - $50,000",32500,ADVANCED MICRO DEVICES INC UNSOLICITED,Advanced Micro Devices Inc,AMD,stock,Information Technology
734,2026-03-25,purchase,"$15,001 - $50,000",32500,HOME DEPOT INC UNSOLICITED,The Home Depot Inc.,HD,stock,Consumer Discretionary
735,2026-02-12,purchase,"$15,001 - $50,000",32500,UNION PAC CORP,Union Pacific Corporation,UNP,stock,Industrials
736,2026-03-25,purchase,"$15,001 - $50,000",32500,EQUIFAX INC UNSOLICITED,Equifax Inc,EFX,stock,Industrials
737,2026-03-02,purchase,"$15,001 - $50,000",32500,S&P GLOBAL INC UNSOLICITED,S&P Global Inc.,SPGI,stock,Financials
738,2026-03-25,purchase,"$15,001 - $50,000",32500,VULCAN MATERIALS CO NEW (HOLDING COMPANY) UNSOLICITED,Vulcan Materials Company,VMC,stock,Materials
739,2026-03-25,purchase,"$15,001 - $50,000",32500,ABBVIE INC COM UNSOLICITED,AbbVie Inc.,ABBV,stock,Health Care
740,2026-03-25,purchase,"$15,001 - $50,000",32500,DEXCOM INC UNSOLICITED,"DexCom, Inc.",DXCM,stock,Health Care
741,2026-02-12,purchase,"$15,001 - $50,000",32500,COMMVAULT SYS INC,"Commvault Systems, Inc.",CVLT,stock,Information Technology
742,2026-03-25,purchase,"$15,001 - $50,000",32500,EQUINIX INC REIT UNSOLICITED,Equinix Inc,EQIX,stock,Real Estate
743,2026-02-12,purchase,"$15,001 - $50,000",32500,UPSTART HLDGS INC,Upstart Holdings Inc,UPST,stock,Financials
744,2026-03-12,purchase,"$15,001 - $50,000",32500,KLA CORP UNSOLICITED,KLA Corporation,KLAC,stock,Information Technology
745,2026-03-25,purchase,"$15,001 - $50,000",32500,SYNCHRONY FINL UNSOLICITED,Synchrony Financial,SYF,stock,Financials
746,2026-02-12,purchase,"$15,001 - $50,000",32500,LIBERTY MEDIA CORP DEL CLASS SERIES C,Liberty Media Corporation,LSXMK,stock,Communication Services
747,2026-03-30,purchase,"$15,001 - $50,000",32500,ITRON INC EQUITY CLASS EQUITY,Itron Inc,ITRI,stock,Information Technology
748,2026-03-25,purchase,"$15,001 - $50,000",32500,FISERV INC UNSOLICITED,Fiserv Inc,FI,stock,Financials
749,2026-03-25,purchase,"$15,001 - $50,000",32500,BLOCK INC CL A UNSOLICITED,BLOCK INC A CLASS A,XYZ,stock,Information Technology
750,2026-03-25,purchase,"$15,001 - $50,000",32500,METLIFE INC UNSOLICITED,MetLife Inc,MET,stock,Financials
751,2026-03-25,purchase,"$15,001 - $50,000",32500,PALANTIR TECHNOLOGIES INC CL A UNSOLICITED,Palantir Technologies Inc.,PLTR,stock,Information Technology
752,2026-03-18,purchase,"$15,001 - $50,000",32500,HUMANA INC,Humana Inc.,HUM,stock,Health Care
753,2026-03-02,purchase,"$15,001 - $50,000",32500,INTL BUSINESS MACH UNSOLICITED,International Business Machines Corporation,IBM,stock,Information Technology
754,2026-03-30,purchase,"$15,001 - $50,000",32500,SIMPLY GOOD FOODS CO,Simply Good Foods Company,SMPL,stock,Consumer Staples
755,2026-02-12,purchase,"$15,001 - $50,000",32500,VERTEX PHARMACEUTICALS,Vertex Pharmaceuticals Incorporated,VRTX,stock,Health Care
756,2026-03-25,purchase,"$15,001 - $50,000",32500,OTIS WORLDWIDE CORP UNSOLICITED,Otis Worldwide Corporation,OTIS,stock,Industrials
757,2026-03-25,purchase,"$15,001 - $50,000",32500,TKO GROUP HLDGS INC CL A UNSOLICITED,"TKO Group Holdings, Inc.",TKO,stock,Communication Services
758,2026-03-25,purchase,"$15,001 - $50,000",32500,PRUDENTIAL FINANCIAL INC UNSOLICITED,"Prudential Financial, Inc.",PRU,stock,Financials
759,2026-03-25,purchase,"$15,001 - $50,000",32500,MICROCHIP TECHNOLOGY INC UNSOLICITED,Microchip Technology Incorporated,MCHP,stock,Information Technology
760,2026-02-12,purchase,"$15,001 - $50,000",32500,ROBLOX CORP CLASS A,Roblox Corporation,RBLX,stock,Communication Services
761,2026-03-25,purchase,"$15,001 - $50,000",32500,PROLOGIS INC COM UNSOLICITED,Prologis Inc.,PLD,stock,Real Estate
762,2026-03-23,purchase,"$15,001 - $50,000",32500,MICROSOFT CORP,Microsoft Corporation,MSFT,stock,Information Technology
763,2026-03-25,purchase,"$15,001 - $50,000",32500,VISA INC CL A UNSOLICITED,Visa Inc.,V,stock,Financials
764,2026-03-25,purchase,"$15,001 - $50,000",32500,AT&T INC UNSOLICITED,AT&T Inc,T,stock,Communication Services
765,2026-03-25,purchase,"$15,001 - $50,000",32500,RAYMOND JAMES FINANCIAL CORP UNSOLICITED,"Raymond James Financial, Inc.",RJF,stock,Financials
766,2026-03-25,purchase,"$15,001 - $50,000",32500,ELECTRONIC ARTS UNSOLICITED,Electronic Arts Inc.,EA,stock,Communication Services
767,2026-01-23,purchase,"$15,001 - $50,000",32500,MONDELEZ INTERNATIONAL INC CL A,Mondelez International Inc,MDLZ,stock,Consumer Staples
768,2026-02-12,purchase,"$15,001 - $50,000",32500,MOLINA HEALTHCARE INC,Molina Healthcare Inc,MOH,stock,Health Care
769,2026-03-25,purchase,"$15,001 - $50,000",32500,GOLDMAN SACHS GROUP INC UNSOLICITED,The Goldman Sachs Group Inc,GS,stock,Financials
770,2026-03-25,purchase,"$15,001 - $50,000",32500,THERMO FISHER SCIENTIFIC INC UNSOLICITED,Thermo Fisher Scientific Inc.,TMO,stock,Health Care
771,2026-03-02,purchase,"$15,001 - $50,000",32500,RTX CORP UNSOLICITED,RTX Corporation,RTX,stock,Industrials
772,2026-03-25,purchase,"$15,001 - $50,000",32500,PARAMOUNT SKYDANCE CORP COM CL CL B UNSOLICITED,Paramount Global,PSKY,stock,Communication Services
773,2026-03-25,purchase,"$15,001 - $50,000",32500,BLACKROCK INC UNSOLICITED,"BlackRock, Inc.",BLK,stock,Financials
774,2026-03-25,purchase,"$15,001 - $50,000",32500,MORGAN STANLEY UNSOLICITED,Morgan Stanley,MS,stock,Financials
775,2026-03-25,purchase,"$15,001 - $50,000",32500,CATERPILLAR INC UNSOLICITED,Caterpillar Inc,CAT,stock,Industrials
776,2026-03-02,purchase,"$15,001 - $50,000",32500,EXPAND ENERGY CORP UNSOLICITED,Expand Energy Corporation,EXE,stock,Energy
777,2026-03-25,purchase,"$15,001 - $50,000",32500,NEXTERA ENERGY INC COM UNSOLICITED,"NextEra Energy, Inc.",NEE,stock,Utilities
778,2026-03-25,purchase,"$15,001 - $50,000",32500,WALT DISNEY CO (HOLDING CO) DISNEY COM UNSOLICITED,The Walt Disney Company,DIS,stock,Communication Services
779,2026-03-04,purchase,"$15,001 - $50,000",32500,ARTISAN PARTNERS ASSET M CLASS A,Artisan Partners Asset Management Inc,APAM,stock,Financials
780,2026-03-25,purchase,"$15,001 - $50,000",32500,EVERSOURCE ENERGY COM UNSOLICITED,Eversource Energy,ES,stock,Utilities
781,2026-03-25,purchase,"$15,001 - $50,000",32500,WARNER BROS DISCOVERY INC UNSOLICITED,"Warner Bros. Discovery, Inc.",WBD,stock,Communication Services
782,2026-03-25,purchase,"$15,001 - $50,000",32500,COGNIZANT TECH SOLUTIONS CRP UNSOLICITED,Cognizant Technology Solutions Corp,CTSH,stock,Information Technology
783,2026-03-18,purchase,"$15,001 - $50,000",32500,ZILLOW GROUP INC CLASS C,Zillow Group Inc,ZG,stock,Communication Services
784,2026-03-25,purchase,"$15,001 - $50,000",32500,BERKSHIRE HATHAWAY INC NEW CL B UNSOLICITED,Berkshire Hathaway Inc.,BRK.B,stock,Financials
785,2026-02-12,purchase,"$15,001 - $50,000",32500,AVANTOR INC,Avantor Inc,AVTR,stock,Health Care
786,2026-03-25,purchase,"$15,001 - $50,000",32500,APPLIED MATERIALS INC UNSOLICITED,Applied Materials Inc,AMAT,stock,Information Technology
787,2026-03-25,purchase,"$15,001 - $50,000",32500,CHEVRON CORP UNSOLICITED,Chevron Corporation,CVX,stock,Energy
788,2026-03-25,purchase,"$15,001 - $50,000",32500,VERIZON COMMUNICATIONS INC UNSOLICITED,Verizon Communications Inc.,VZ,stock,Communication Services
789,2026-03-25,purchase,"$15,001 - $50,000",32500,COSTCO WHOLESALE CORP UNSOLICITED,Costco Wholesale Corporation,COST,stock,Consumer Staples
790,2026-03-25,purchase,"$15,001 - $50,000",32500,BROADRIDGE FINANCIAL SOLUTIONS INC UNSOLICITED,Broadridge Financial Solutions Inc,BR,stock,Information Technology
791,2026-03-14,purchase,"$15,001 - $50,000",32500,ENERPAC TOOL GROUP CORP CLASS A,Enerpac Tool Group Corp.,EPAC,stock,Industrials
792,2026-03-25,purchase,"$15,001 - $50,000",32500,FOX CORP CL B COM UNSOLICITED,Fox Corporation,FOX,stock,Communication Services
793,2026-02-12,purchase,"$15,001 - $50,000",32500,AURORA INNOVATION INC CLASS A,Aurora Innovation Inc,AUR,stock,Information Technology
794,2026-01-23,purchase,"$15,001 - $50,000",32500,NVIDIA CORP,NVIDIA Corporation,NVDA,stock,Information Technology
795,2026-03-25,purchase,"$15,001 - $50,000",32500,EXXON MOBIL CORP UNSOLICITED,Exxon Mobil Corporation,XOM,stock,Energy
796,2026-03-04,purchase,"$15,001 - $50,000",32500,PLEXUS CORP,Plexus Corp.,PLXS,stock,Information Technology
797,2026-03-30,purchase,"$15,001 - $50,000",32500,APOGEE ENTERPRISES INC,Apogee Enterprises Inc,APOG,stock,Industrials
798,2026-03-18,purchase,"$15,001 - $50,000",32500,GODADDY INC CLASS A,GoDaddy Inc,GDDY,stock,Information Technology
799,2026-03-18,purchase,"$15,001 - $50,000",32500,CENTENE CORP DEL,Centene Corporation,CNC,stock,Health Care
800,2026-03-12,purchase,"$15,001 - $50,000",32500,CONOCOPHILLIPS UNSOLICITED,ConocoPhillips,COP,stock,Energy
801,2026-03-04,purchase,"$15,001 - $50,000",32500,OTTER TAIL CORP,Otter Tail Corporation,OTTR,stock,Utilities
802,2026-03-25,purchase,"$15,001 - $50,000",32500,ORACLE CORP UNSOLICITED,Oracle Corporation,ORCL,stock,Information Technology
803,2026-03-11,purchase,"$15,001 - $50,000",32500,EXXON MOBIL CORP UNSOLICITED,Exxon Mobil Corporation,XOM,stock,Energy
804,2026-03-25,purchase,"$15,001 - $50,000",32500,CROWN CASTLE INC REIT UNSOLICITED,Crown Castle Inc,CCI,stock,Real Estate
805,2026-03-18,purchase,"$15,001 - $50,000",32500,GLOBAL PMTS INC,Global Payments Inc,GPN,stock,Financials
806,2026-01-23,purchase,"$15,001 - $50,000",32500,STARBUCKS CORP,Starbucks Corporation,SBUX,stock,Consumer Discretionary
807,2026-03-30,purchase,"$15,001 - $50,000",32500,LEGALZOOM COM INC,"LegalZoom.com, Inc.",LZ,stock,Industrials
808,2026-03-02,purchase,"$15,001 - $50,000",32500,WSTN DIGITAL CORP UNSOLICITED,Western Digital Corporation,WDC,stock,Information Technology
809,2026-03-11,purchase,"$15,001 - $50,000",32500,CISCO SYSTEMS INC UNSOLICITED,Cisco Systems Inc,CSCO,stock,Information Technology
810,2026-03-18,purchase,"$15,001 - $50,000",32500,VERISK ANALYTICS INC CLASS A,"Verisk Analytics, Inc.",VRSK,stock,Industrials
811,2026-03-25,purchase,"$15,001 - $50,000",32500,COMCAST CORP NEW CL A UNSOLICITED,Comcast Corp,CMCSA,stock,Communication Services
812,2026-03-18,purchase,"$15,001 - $50,000",32500,HUBSPOT INC,HubSpot Inc.,HUBS,stock,Information Technology
813,2026-03-12,purchase,"$15,001 - $50,000",32500,COSTCO WHOLESALE CORP UNSOLICITED,Costco Wholesale Corporation,COST,stock,Consumer Staples
814,2026-03-18,purchase,"$15,001 - $50,000",32500,GENUINE PARTS CO,Genuine Parts Company,GPC,stock,Consumer Discretionary
815,2026-03-18,purchase,"$15,001 - $50,000",32500,GARTNER INC,Gartner Inc,IT,stock,Information Technology
816,2026-03-18,purchase,"$15,001 - $50,000",32500,WASTE MGMT INC DEL,"Waste Management, Inc.",WM,stock,Industrials
817,2026-03-18,purchase,"$15,001 - $50,000",32500,WATERS CORP,Waters Corporation,WAT,stock,Health Care
818,2026-03-25,purchase,"$15,001 - $50,000",32500,LAM RESEARCH CORP UNSOLICITED,Lam Research Corporation,LRCX,stock,Information Technology
819,2026-03-25,purchase,"$15,001 - $50,000",32500,THE TRADE DESK INC CL A UNSOLICITED,"The Trade Desk, Inc.",TTD,stock,Communication Services
820,2026-03-18,purchase,"$15,001 - $50,000",32500,AT&T INC,AT&T Inc,T,stock,Communication Services
821,2026-03-18,purchase,"$15,001 - $50,000",32500,CBRE GROUP INC CLASS A,CBRE Group Inc,CBRE,stock,Real Estate
822,2026-03-30,purchase,"$15,001 - $50,000",32500,CURBLINE PPTYS CORP,Curbline Properties Corp,CURB,stock,Real Estate
823,2026-03-18,purchase,"$15,001 - $50,000",32500,SNOWFLAKE INC CLASS A,Snowflake Inc,SNOW,stock,Information Technology
824,2026-01-06,purchase,"$15,001 - $50,000",32500,DECKERS OUTDOOR CORP,Deckers Outdoor Corporation,DECK,stock,Consumer Discretionary
825,2026-03-18,purchase,"$15,001 - $50,000",32500,BRISTOL MYERS SQUIBB CO,Bristol-Myers Squibb Company,BMY,stock,Health Care
826,2026-03-18,purchase,"$15,001 - $50,000",32500,BAXTER INTL INC,Baxter International Inc,BAX,stock,Health Care
827,2026-03-16,purchase,"$15,001 - $50,000",32500,OLD NATL BANCORP IND,Old National Bancorp,ONB,stock,Financials
828,2026-03-18,purchase,"$15,001 - $50,000",32500,RELIANCE INC,"Reliance, Inc.",RS,stock,Industrials
829,2026-03-25,purchase,"$15,001 - $50,000",32500,INSULET CORP UNSOLICITED,Insulet Corporation,PODD,stock,Health Care
830,2026-03-18,purchase,"$15,001 - $50,000",32500,ALEXANDRIA REAL ESTATE E REIT,"Alexandria Real Estate Equities, Inc.",ARE,stock,Real Estate
831,2026-03-02,purchase,"$15,001 - $50,000",32500,ROCKWELL AUTOMATION INC NEW UNSOLICITED,"Rockwell Automation, Inc.",ROK,stock,Industrials
832,2026-03-18,purchase,"$15,001 - $50,000",32500,DELTA AIR LINES INC DEL,"Delta Air Lines, Inc.",DAL,stock,Industrials
833,2026-03-18,purchase,"$15,001 - $50,000",32500,ZIMMER BIOMET HLDGS INC,Zimmer Biomet Holdings Inc,ZBH,stock,Health Care
834,2026-03-18,purchase,"$15,001 - $50,000",32500,STANDARDAERO INC,"StandardAero, Inc.",SARO,stock,Industrials
835,2026-03-25,purchase,"$15,001 - $50,000",32500,KLA CORP UNSOLICITED,KLA Corporation,KLAC,stock,Information Technology
836,2026-03-02,purchase,"$15,001 - $50,000",32500,BLACKROCK INC UNSOLICITED,"BlackRock, Inc.",BLK,stock,Financials
837,2026-03-18,purchase,"$15,001 - $50,000",32500,AMERICAN INTL GROUP INC,"American International Group, Inc.",AIG,stock,Financials
838,2026-03-18,purchase,"$15,001 - $50,000",32500,SMURFIT WESTROCK PLC F,Smurfit WestRock plc,SW,stock,Materials
839,2026-03-18,purchase,"$15,001 - $50,000",32500,WEYERHAEUSER CO REIT,Weyerhaeuser Company,WY,stock,Real Estate
840,2026-01-06,purchase,"$15,001 - $50,000",32500,LULULEMON ATHLETICA INC,Lululemon Athletica Inc.,LULU,stock,Consumer Discretionary
841,2026-03-18,purchase,"$15,001 - $50,000",32500,LINDE PLC F,Linde plc,LIN,stock,Materials
842,2026-01-06,purchase,"$15,001 - $50,000",32500,EDISON INTERNATIONAL COM,Edison International,EIX,stock,Utilities
843,2026-03-25,purchase,"$15,001 - $50,000",32500,SANDISK CORP UNSOLICITED,SanDisk Corporation,SNDK,stock,Information Technology
844,2026-03-18,purchase,"$15,001 - $50,000",32500,WHIRLPOOL CORP,Whirlpool Corporation,WHR,stock,Consumer Discretionary
845,2026-03-18,purchase,"$15,001 - $50,000",32500,TEXAS INSTRS INC,Texas Instruments Incorporated,TXN,stock,Information Technology
846,2026-03-18,purchase,"$15,001 - $50,000",32500,BLOCK H & R INC,"H&R Block, Inc.",HRB,stock,Consumer Discretionary
847,2026-03-04,purchase,"$15,001 - $50,000",32500,HNI CORP,HNI Corporation,HNI,stock,Industrials
848,2026-03-25,purchase,"$15,001 - $50,000",32500,BROWN & BROWN INC UNSOLICITED,Brown & Brown Inc,BRO,stock,Financials
849,2026-03-18,purchase,"$15,001 - $50,000",32500,LUMENTUM HLDGS INC,Lumentum Holdings Inc.,LITE,stock,Information Technology
850,2026-03-30,purchase,"$15,001 - $50,000",32500,ROBERT HALF INC,Robert Half Inc.,RHI,stock,Industrials
851,2026-03-11,purchase,"$15,001 - $50,000",32500,EATON CORP PLC UNSOLICITED,Eaton Corporation plc,ETN,stock,Industrials
852,2026-02-26,purchase,"$15,001 - $50,000",32500,DOUGLAS EMMETT INC REIT,Douglas Emmett Inc.,DEI,stock,Real Estate
853,2026-03-23,purchase,"$15,001 - $50,000",32500,GOLDMAN SACHS GROUP INC UNSOLICITED,The Goldman Sachs Group Inc,GS,stock,Financials
854,2026-03-30,purchase,"$15,001 - $50,000",32500,COMMUNITY FINL SYS INC,"Community Financial System, Inc.",CBU,stock,Financials
855,2026-03-02,purchase,"$15,001 - $50,000",32500,WELLS FARGO & CO NEW UNSOLICITED,Wells Fargo & Company,WFC,stock,Financials
856,2026-03-04,purchase,"$15,001 - $50,000",32500,RALLIANT CORP,Ralliant Corp,RAL,stock,Information Technology
857,2026-01-07,purchase,"$15,001 - $50,000",32500,SNAP ON INC COM,Snap-on Incorporated,SNA,stock,Industrials
858,2026-03-12,purchase,"$15,001 - $50,000",32500,PROCTER & GAMBLE CO UNSOLICITED,The Procter & Gamble Company,PG,stock,Consumer Staples
859,2026-03-04,purchase,"$15,001 - $50,000",32500,LKQ CORP,LKQ Corporation,LKQ,stock,Consumer Discretionary
860,2026-03-12,purchase,"$15,001 - $50,000",32500,VISA INC CL A UNSOLICITED,Visa Inc.,V,stock,Financials
861,2026-03-11,purchase,"$15,001 - $50,000",32500,NXP SEMICONDUCTORS N V COM EUR UNSOLICITED,NXP Semiconductors N.V.,NXPI,stock,Information Technology
862,2026-03-23,purchase,"$15,001 - $50,000",32500,ALIGN TECHNOLOGY INC UNSOLICITED,"Align Technology, Inc.",ALGN,stock,Health Care
863,2026-02-26,purchase,"$15,001 - $50,000",32500,ADMA BIOLOGICS INC,ADMA Biologics Inc,ADMA,stock,Health Care
864,2026-03-11,purchase,"$15,001 - $50,000",32500,NETFLIX INC UNSOLICITED,Netflix Inc.,NFLX,stock,Communication Services
865,2026-03-04,purchase,"$15,001 - $50,000",32500,CALIFORNIA WTR SVC GROUP,California Water Service Group,CWT,stock,Utilities
866,2026-01-07,purchase,"$15,001 - $50,000",32500,DTE ENERGY CO,DTE Energy Company,DTE,stock,Utilities
867,2026-03-11,purchase,"$15,001 - $50,000",32500,ANALOG DEVICES INC UNSOLICITED,Analog Devices Inc,ADI,stock,Information Technology
868,2026-03-04,purchase,"$15,001 - $50,000",32500,ADT INC DEL,ADT Inc,ADT,stock,Industrials
869,2026-03-12,purchase,"$15,001 - $50,000",32500,PEPSICO INC UNSOLICITED,"PepsiCo, Inc.",PEP,stock,Consumer Staples
870,2026-03-23,purchase,"$15,001 - $50,000",32500,GE VERNOVA LLC COM UNSOLICITED,GE Vernova Inc,GEV,stock,Industrials
871,2026-03-23,purchase,"$15,001 - $50,000",32500,FREEPORT-MCMORAN INC UNSOLICITED,Freeport-McMoRan Inc,FCX,stock,Materials
872,2026-03-23,purchase,"$15,001 - $50,000",32500,TERADYNE INC UNSOLICITED,Teradyne Inc.,TER,stock,Information Technology
873,2026-03-23,purchase,"$15,001 - $50,000",32500,KEYSIGHT TECHNOLOGIES INC COM UNSOLICITED,"Keysight Technologies, Inc.",KEYS,stock,Information Technology
874,2026-03-30,purchase,"$15,001 - $50,000",32500,BLACKLINE INC,"BlackLine, Inc.",BL,stock,Information Technology
875,2026-03-23,purchase,"$15,001 - $50,000",32500,GENERAL MOTORS CO UNSOLICITED,General Motors Company,GM,stock,Consumer Discretionary
876,2026-03-04,purchase,"$15,001 - $50,000",32500,VIASAT INC,"Viasat, Inc.",VSAT,stock,Communication Services
877,2026-03-02,purchase,"$15,001 - $50,000",32500,THERMO FISHER SCIENTIFIC INC UNSOLICITED,Thermo Fisher Scientific Inc.,TMO,stock,Health Care
878,2026-03-11,purchase,"$15,001 - $50,000",32500,COSTCO WHOLESALE CORP UNSOLICITED,Costco Wholesale Corporation,COST,stock,Consumer Staples
879,2026-03-23,purchase,"$15,001 - $50,000",32500,VISTRA CORP UNSOLICITED,Vistra Corp.,VST,stock,Utilities
880,2026-03-23,purchase,"$15,001 - $50,000",32500,LAUDER ESTATE COS CL A UNSOLICITED,The Estée Lauder Companies Inc.,EL,stock,Consumer Staples
881,2026-03-23,purchase,"$15,001 - $50,000",32500,UNTD RENTALS INC UNSOLICITED,United Rentals Inc,URI,stock,Industrials
882,2026-03-04,purchase,"$15,001 - $50,000",32500,RUSH ENTERPRISES INC CLASS A,"Rush Enterprises, Inc.",RUSHA,stock,Consumer Discretionary
883,2026-03-23,purchase,"$15,001 - $50,000",32500,BAKER HUGHES CO CL A UNSOLICITED,Baker Hughes Company,BKR,stock,Energy
884,2026-03-23,purchase,"$15,001 - $50,000",32500,LENNAR CORP CL A UNSOLICITED,Lennar Corporation,LEN,stock,Consumer Discretionary
885,2026-03-23,purchase,"$15,001 - $50,000",32500,PARKER HANNIFIN CORP UNSOLICITED,Parker-Hannifin Corporation,PH,stock,Industrials
886,2026-03-23,purchase,"$15,001 - $50,000",32500,MONOLITHIC POWER SYSTEMS INC UNSOLICITED,Monolithic Power Systems Inc,MPWR,stock,Information Technology
887,2026-01-06,purchase,"$15,001 - $50,000",32500,INTERCONTINENTALEXCHANGE INC,"Intercontinental Exchange, Inc.",ICE,stock,Financials
888,2026-03-23,purchase,"$15,001 - $50,000",32500,IRON MTN INC NEW COM UNSOLICITED,Iron Mountain Inc,IRM,stock,Real Estate
889,2026-01-07,purchase,"$15,001 - $50,000",32500,"ULTA BEAUTY, INC","Ulta Beauty, Inc.",ULTA,stock,Consumer Discretionary
890,2026-03-23,purchase,"$15,001 - $50,000",32500,CUMMINS INC UNSOLICITED,Cummins Inc,CMI,stock,Industrials
891,2026-03-23,purchase,"$15,001 - $50,000",32500,MARTIN MARIETTA MATERIALS INC UNSOLICITED,"Martin Marietta Materials, Inc.",MLM,stock,Materials
892,2026-03-02,purchase,"$15,001 - $50,000",32500,DATADOG INC UNSOLICITED,"Datadog, Inc.",DDOG,stock,Information Technology
893,2026-03-02,purchase,"$15,001 - $50,000",32500,TELEDYNE TECHNOLOGIES INC UNSOLICITED,Teledyne Technologies Incorporated,TDY,stock,Information Technology
894,2026-03-23,purchase,"$15,001 - $50,000",32500,GENERAC HLDGS INC UNSOLICITED,Generac Holdings Inc,GNRC,stock,Industrials
895,2026-03-23,purchase,"$15,001 - $50,000",32500,FRANKLIN RESOURCES INC UNSOLICITED,Franklin Resources Inc,BEN,stock,Financials
896,2026-03-23,purchase,"$15,001 - $50,000",32500,CARRIER GLOBAL CORP UNSOLICITED,Carrier Global Corporation,CARR,stock,Industrials
897,2026-03-23,purchase,"$15,001 - $50,000",32500,AMER EXPRESS CO UNSOLICITED,American Express Company,AXP,stock,Financials
898,2026-03-11,purchase,"$15,001 - $50,000",32500,CATERPILLAR INC UNSOLICITED,Caterpillar Inc,CAT,stock,Industrials
899,2026-03-23,purchase,"$15,001 - $50,000",32500,NORFOLK STHN CORP UNSOLICITED,Norfolk Southern Corporation,NSC,stock,Industrials
900,2026-03-23,purchase,"$15,001 - $50,000",32500,TE CONNECTIVITY PLC UNSOLICITED,TE Connectivity plc,TEL,stock,Information Technology
901,2026-03-23,purchase,"$15,001 - $50,000",32500,STEEL DYNAMICS INC UNSOLICITED,"Steel Dynamics, Inc.",STLD,stock,Materials
902,2026-03-23,purchase,"$15,001 - $50,000",32500,BOEING COMPANY UNSOLICITED,The Boeing Company,BA,stock,Industrials
903,2026-03-02,purchase,"$15,001 - $50,000",32500,WALT DISNEY CO (HOLDING CO) DISNEY COM UNSOLICITED,The Walt Disney Company,DIS,stock,Communication Services
904,2026-03-23,purchase,"$15,001 - $50,000",32500,MORGAN STANLEY UNSOLICITED,Morgan Stanley,MS,stock,Financials
905,2026-03-23,purchase,"$15,001 - $50,000",32500,KIMBERLY CLARK CORP UNSOLICITED,Kimberly-Clark Corporation,KMB,stock,Consumer Staples
906,2026-03-23,purchase,"$15,001 - $50,000",32500,WALMART INC UNSOLICITED,Walmart Inc,WMT,stock,Consumer Staples
907,2026-03-23,purchase,"$15,001 - $50,000",32500,TARGET CORP UNSOLICITED,Target Corporation,TGT,stock,Consumer Discretionary
908,2026-03-23,purchase,"$15,001 - $50,000",32500,NUCOR CORP UNSOLICITED,Nucor Corporation,NUE,stock,Materials
909,2026-03-23,purchase,"$15,001 - $50,000",32500,TRUIST FINL CORP UNSOLICITED,Truist Financial Corporation,TFC,stock,Financials
910,2026-03-23,purchase,"$15,001 - $50,000",32500,CISCO SYSTEMS INC UNSOLICITED,Cisco Systems Inc,CSCO,stock,Information Technology
911,2026-03-23,purchase,"$15,001 - $50,000",32500,NTHN TRUST CORP UNSOLICITED,Northern Trust,NTRS,stock,Financials
912,2026-03-23,purchase,"$15,001 - $50,000",32500,EVERGY INC UNSOLICITED,Evergy Inc,EVRG,stock,Utilities
913,2026-03-23,purchase,"$15,001 - $50,000",32500,INTUITIVE SURGICAL INC UNSOLICITED,Intuitive Surgical Inc,ISRG,stock,Health Care
914,2026-03-23,purchase,"$15,001 - $50,000",32500,BANK OF AMER CORP UNSOLICITED,Bank of America Corporation,BAC,stock,Financials
915,2026-03-23,purchase,"$15,001 - $50,000",32500,ARCH CAPITAL GROUP LTD (BERMUDA) UNSOLICITED,Arch Capital Group Ltd,ACGL,stock,Financials
916,2026-03-23,purchase,"$15,001 - $50,000",32500,ADVANCED MICRO DEVICES INC UNSOLICITED,Advanced Micro Devices Inc,AMD,stock,Information Technology
917,2026-03-23,purchase,"$15,001 - $50,000",32500,BIO TECHNE CORP COM UNSOLICITED,Bio-Techne Corporation,TECH,stock,Health Care
918,2026-03-23,purchase,"$15,001 - $50,000",32500,MERCK & CO INC COM UNSOLICITED,"Merck & Co., Inc.",MRK,stock,Health Care
919,2026-03-23,purchase,"$15,001 - $50,000",32500,PAYCHEX INC UNSOLICITED,"Paychex, Inc.",PAYX,stock,Industrials
920,2026-03-23,purchase,"$15,001 - $50,000",32500,ANALOG DEVICES INC UNSOLICITED,Analog Devices Inc,ADI,stock,Information Technology
921,2026-03-23,purchase,"$15,001 - $50,000",32500,PNC FINANCIAL SERVICES GROUP UNSOLICITED,PNC Financial Services Group Inc.,PNC,stock,Financials
922,2026-03-23,purchase,"$15,001 - $50,000",32500,STATE STREET CORP UNSOLICITED,State Street Corporation,STT,stock,Financials
923,2026-03-23,purchase,"$15,001 - $50,000",32500,PHILLIPS 66 UNSOLICITED,Phillips 66,PSX,stock,Energy
924,2026-03-23,purchase,"$15,001 - $50,000",32500,AMERIPRISE FINANCIAL INC UNSOLICITED,Ameriprise Financial Inc,AMP,stock,Financials
925,2026-03-23,purchase,"$15,001 - $50,000",32500,US BANCORP DEL (NEW) UNSOLICITED,U.S. Bancorp,USB,stock,Financials
926,2026-03-23,purchase,"$15,001 - $50,000",32500,WELLTOWER INC REIT UNSOLICITED,Welltower Inc.,WELL,stock,Real Estate
927,2026-03-23,purchase,"$15,001 - $50,000",32500,TARGA RESOURCES CORP UNSOLICITED,Targa Resources Corp,TRGP,stock,Energy
928,2026-03-23,purchase,"$15,001 - $50,000",32500,AMEREN CORP UNSOLICITED,Ameren Corporation,AEE,stock,Utilities
929,2026-03-23,purchase,"$15,001 - $50,000",32500,ALLSTATE CORP UNSOLICITED,The Allstate Corporation,ALL,stock,Financials
930,2026-03-23,purchase,"$15,001 - $50,000",32500,FEDEX CORP UNSOLICITED,FedEx Corporation,FDX,stock,Industrials
931,2026-03-23,purchase,"$15,001 - $50,000",32500,DIAMONDBACK ENERGY INC UNSOLICITED,"Diamondback Energy, Inc.",FANG,stock,Energy
932,2026-03-23,purchase,"$15,001 - $50,000",32500,IDEXX LABS UNSOLICITED,IDEXX Laboratories Inc.,IDXX,stock,Health Care
933,2026-03-02,purchase,"$15,001 - $50,000",32500,SEAGATE TECHNOLOGY HLDGS UNSOLICITED,Seagate Technology Holdings plc,STX,stock,Information Technology
934,2026-03-23,purchase,"$15,001 - $50,000",32500,VENTAS INC UNSOLICITED,Ventas Inc,VTR,stock,Real Estate
935,2026-03-23,purchase,"$15,001 - $50,000",32500,AGILENT TECHNOLOGIES INC UNSOLICITED,Agilent Technologies Inc,A,stock,Health Care
936,2026-03-23,purchase,"$15,001 - $50,000",32500,EXXON MOBIL CORP UNSOLICITED,Exxon Mobil Corporation,XOM,stock,Energy
937,2026-03-23,purchase,"$15,001 - $50,000",32500,SCHWAB CHARLES CORP NEW UNSOLICITED,The Charles Schwab Corporation,SCHW,stock,Financials
938,2026-03-23,purchase,"$15,001 - $50,000",32500,MOTOROLA SOLUTIONS INC UNSOLICITED,Motorola Solutions Inc,MSI,stock,Information Technology
939,2026-03-23,purchase,"$15,001 - $50,000",32500,EQUINIX INC REIT UNSOLICITED,Equinix Inc,EQIX,stock,Real Estate
940,2026-03-23,purchase,"$15,001 - $50,000",32500,IQVIA HLDGS INC UNSOLICITED,IQVIA Holdings Inc.,IQV,stock,Health Care
941,2026-03-23,purchase,"$15,001 - $50,000",32500,FIDELITY NATL INFORMATION SVCS UNSOLICITED,Fidelity National Information Services,FIS,stock,Financials
942,2026-03-23,purchase,"$15,001 - $50,000",32500,GALLAGHER ARTHUR J & CO UNSOLICITED,Arthur J. Gallagher & Co,AJG,stock,Financials
943,2026-03-23,purchase,"$15,001 - $50,000",32500,XYLEM INC UNSOLICITED,Xylem Inc,XYL,stock,Industrials
944,2026-03-23,purchase,"$15,001 - $50,000",32500,PEPSICO INC UNSOLICITED,"PepsiCo, Inc.",PEP,stock,Consumer Staples
945,2026-01-06,purchase,"$15,001 - $50,000",32500,"Meta Platforms, Inc.",Meta Platforms Inc,META,stock,Communication Services
946,2026-03-23,purchase,"$15,001 - $50,000",32500,GILEAD SCIENCES INC UNSOLICITED,"Gilead Sciences, Inc.",GILD,stock,Health Care
947,2026-03-23,purchase,"$15,001 - $50,000",32500,T-MOBILE US INC COM UNSOLICITED,T-Mobile US Inc,TMUS,stock,Communication Services
948,2026-03-23,purchase,"$15,001 - $50,000",32500,BERKSHIRE HATHAWAY INC NEW CL B UNSOLICITED,Berkshire Hathaway Inc.,BRK.B,stock,Financials
949,2026-03-23,purchase,"$15,001 - $50,000",32500,COSTCO WHOLESALE CORP UNSOLICITED,Costco Wholesale Corporation,COST,stock,Consumer Staples
950,2026-03-17,purchase,"$15,001 - $50,000",32500,COINBASE GLOBAL INC,Coinbase Global Inc,COIN,stock,Financials
951,2026-03-23,purchase,"$15,001 - $50,000",32500,STRYKER CORP UNSOLICITED,Stryker Corporation,SYK,stock,Health Care
952,2026-03-23,purchase,"$15,001 - $50,000",32500,VALERO ENERGY CORP NEW UNSOLICITED,Valero Energy Corporation,VLO,stock,Energy
953,2026-03-23,purchase,"$15,001 - $50,000",32500,OCCIDENTAL PETROLEUM CRP UNSOLICITED,Occidental Petroleum Corporation,OXY,stock,Energy
954,2026-03-02,purchase,"$15,001 - $50,000",32500,DELL TECHNOLOGIES INC CL C UNSOLICITED,Dell Technologies Inc.,DELL,stock,Information Technology
955,2026-03-30,purchase,"$15,001 - $50,000",32500,LIFE TIME GROUP HLDGS IN,"Life Time Group Holdings, Inc.",LTH,stock,Consumer Discretionary
956,2026-03-23,purchase,"$15,001 - $50,000",32500,WESTN DIGITAL CORP UNSOLICITED,Western Digital Corporation,WDC,stock,Information Technology
957,2026-03-02,purchase,"$15,001 - $50,000",32500,WORKDAY INC CL A UNSOLICITED,"Workday, Inc.",WDAY,stock,Information Technology
958,2026-01-23,purchase,"$15,001 - $50,000",32500,EOG RESOURCES INC,EOG Resources Inc,EOG,stock,Energy
959,2026-03-23,purchase,"$15,001 - $50,000",32500,WALT DISNEY CO (HOLDING CO) DISNEY COM UNSOLICITED,The Walt Disney Company,DIS,stock,Communication Services
960,2026-03-02,purchase,"$15,001 - $50,000",32500,PARKER HANNIFIN CORP UNSOLICITED,Parker-Hannifin Corporation,PH,stock,Industrials
961,2026-01-26,purchase,"$15,001 - $50,000",32500,HIGHWOODS PPTYS INC REIT,Highwoods Properties Inc.,HIW,stock,Real Estate
962,2026-03-23,purchase,"$15,001 - $50,000",32500,COSTAR GROUP INC UNSOLICITED,"CoStar Group, Inc.",CSGP,stock,Real Estate
963,2026-03-23,purchase,"$15,001 - $50,000",32500,SBA COMMUNICATIONS CORP NEW REIT UNSOLICITED,SBA Communications Corporation,SBAC,stock,Real Estate
964,2026-03-30,purchase,"$15,001 - $50,000",32500,WALKER & DUNLOP INC,"Walker & Dunlop, Inc.",WD,stock,Financials
965,2026-03-23,purchase,"$15,001 - $50,000",32500,QUALCOMM INC UNSOLICITED,QUALCOMM Incorporated,QCOM,stock,Information Technology
966,2026-03-17,purchase,"$15,001 - $50,000",32500,ALPHABET INC CL A,Alphabet Inc,GOOGL,stock,Communication Services
967,2026-02-26,purchase,"$15,001 - $50,000",32500,CINEMARK HLDGS INC,Cinemark Holdings Inc,CNK,stock,Communication Services
968,2026-03-02,purchase,"$15,001 - $50,000",32500,MICROCHIP TECHNOLOGY INC UNSOLICITED,Microchip Technology Incorporated,MCHP,stock,Information Technology
969,2026-03-30,purchase,"$15,001 - $50,000",32500,DIODES INC,Diodes Incorporated,DIOD,stock,Information Technology
970,2026-03-02,purchase,"$15,001 - $50,000",32500,QUANTA SERVICES INC UNSOLICITED,"Quanta Services, Inc.",PWR,stock,Industrials
971,2026-03-30,purchase,"$15,001 - $50,000",32500,GIBRALTAR INDS INC,Gibraltar Industries Inc,ROCK,stock,Industrials
972,2026-03-04,purchase,"$15,001 - $50,000",32500,ASBURY AUTOMOTIVE GROUP,Asbury Automotive Group Inc,ABG,stock,Consumer Discretionary
973,2026-03-12,purchase,"$15,001 - $50,000",32500,ABBOTT LABS UNSOLICITED,Abbott Laboratories,ABT,stock,Health Care
974,2026-03-23,purchase,"$15,001 - $50,000",32500,UNITEDHEALTH GROUP INC UNSOLICITED,UnitedHealth Group Inc,UNH,stock,Health Care
975,2026-03-30,purchase,"$15,001 - $50,000",32500,INSPIRE MED SYS INC,"Inspire Medical Systems, Inc.",INSP,stock,Health Care
976,2026-03-02,purchase,"$15,001 - $50,000",32500,TYLER TECHNOLOGIES INC UNSOLICITED,"Tyler Technologies, Inc.",TYL,stock,Information Technology
977,2026-03-11,purchase,"$15,001 - $50,000",32500,QNITY ELECTRONICS INC UNSOLICITED,Qnity Electronics Inc,Q,stock,Information Technology
978,2026-03-04,purchase,"$15,001 - $50,000",32500,HAWAIIAN ELEC INDS INC,Hawaiian Electric Industries Inc,HE,stock,Utilities
979,2026-03-11,purchase,"$15,001 - $50,000",32500,AMPHENOL CORP NEW CL A UNSOLICITED,Amphenol Corporation,APH,stock,Information Technology
980,2026-03-02,purchase,"$15,001 - $50,000",32500,GE VERNOVA LLC COM UNSOLICITED,GE Vernova Inc,GEV,stock,Industrials
981,2026-03-30,purchase,"$15,001 - $50,000",32500,MGE ENERGY INC,MGE Energy Inc,MGEE,stock,Utilities
982,2026-03-04,purchase,"$15,001 - $50,000",32500,RYMAN HOSPITALITY PPTYS REIT,"Ryman Hospitality Properties, Inc.",RHP,stock,Real Estate
983,2026-02-12,purchase,"$15,001 - $50,000",32500,ADT INC DEL,ADT Inc,ADT,stock,Industrials
984,2026-03-04,purchase,"$15,001 - $50,000",32500,EXTREME NETWORKS INC,Extreme Networks Inc,EXTR,stock,Information Technology
985,2026-03-30,purchase,"$15,001 - $50,000",32500,J & J SNACK FOODS CORP,J&J Snack Foods Corp,JJSF,stock,Consumer Staples
986,2026-03-23,purchase,"$15,001 - $50,000",32500,ZOOMINFO TECHNOLOGIES IN,ZoomInfo Technologies Inc,GTM,stock,Information Technology
987,2026-03-04,purchase,"$15,001 - $50,000",32500,IAC INC,IAC Inc.,IAC,stock,Communication Services
988,2026-02-26,purchase,"$15,001 - $50,000",32500,KKR REAL ESTATE FIN TR I,KKR Real Estate Finance Trust Inc.,KREF,stock,Financials
989,2026-03-12,purchase,"$15,001 - $50,000",32500,COCA COLA CO COM UNSOLICITED,The Coca-Cola Company,KO,stock,Consumer Staples
990,2026-03-30,purchase,"$15,001 - $50,000",32500,ARBOR RLTY TR INC REIT,Arbor Realty Trust Inc,ABR,stock,Real Estate
991,2026-03-04,purchase,"$15,001 - $50,000",32500,CATALYST PHARMACEUTICALS,"Catalyst Pharmaceuticals, Inc.",CPRX,stock,Health Care
992,2026-03-04,purchase,"$15,001 - $50,000",32500,BRINKER INTL INC,Brinker International Inc,EAT,stock,Consumer Discretionary
993,2026-03-30,purchase,"$15,001 - $50,000",32500,CERTARA INC,Certara Inc.,CERT,stock,Health Care
994,2026-03-02,purchase,"$15,001 - $50,000",32500,LOWES COMPANIES INC UNSOLICITED,"Lowe's Companies, Inc.",LOW,stock,Consumer Discretionary
995,2026-03-12,purchase,"$15,001 - $50,000",32500,"SALESFORCE, INC. UNSOLICITED",Salesforce Inc,CRM,stock,Information Technology
996,2026-03-12,purchase,"$15,001 - $50,000",32500,CME GROUP INC UNSOLICITED,CME Group Inc,CME,stock,Financials
997,2026-03-12,purchase,"$15,001 - $50,000",32500,LINDE PLC NEW EUR UNSOLICITED,Linde plc,LIN,stock,Materials
998,2026-03-11,purchase,"$15,001 - $50,000",32500,ABBVIE INC COM UNSOLICITED,AbbVie Inc.,ABBV,stock,Health Care
999,2026-03-04,purchase,"$15,001 - $50,000",32500,HA SUSTAINABLE INFRA REI,Hannon Armstrong Sustainable Infrastructure Capital Inc,HASI,stock,Financials
1000,2026-03-12,purchase,"$15,001 - $50,000",32500,EXPEDITORS INTL WASH INC UNSOLICITED,Expeditors International of Washington,EXPD,stock,Industrials
1001,2026-03-12,purchase,"$15,001 - $50,000",32500,SOUTHERN CO UNSOLICITED,Southern Company,SO,stock,Utilities
1002,2026-03-04,purchase,"$15,001 - $50,000",32500,OSI SYS INC,OSI Systems Inc.,OSIS,stock,Information Technology
1003,2026-03-12,purchase,"$15,001 - $50,000",32500,GENERAL MOTORS CO UNSOLICITED,General Motors Company,GM,stock,Consumer Discretionary
1004,2026-03-12,purchase,"$15,001 - $50,000",32500,HP INC UNSOLICITED,HP Inc.,HPQ,stock,Information Technology
1005,2026-03-30,purchase,"$15,001 - $50,000",32500,GOOSEHEAD INS INC CLASS A,Goosehead Insurance Inc,GSHD,stock,Financials
1006,2026-03-12,purchase,"$15,001 - $50,000",32500,PALANTIR TECHNOLOGIES INC CL A UNSOLICITED,Palantir Technologies Inc.,PLTR,stock,Information Technology
1007,2026-03-12,purchase,"$15,001 - $50,000",32500,YUM! BRANDS INC UNSOLICITED,Yum! Brands Inc,YUM,stock,Consumer Discretionary
1008,2026-03-12,purchase,"$15,001 - $50,000",32500,PALO ALTO NETWORKS INC UNSOLICITED,"Palo Alto Networks, Inc.",PANW,stock,Information Technology
1009,2026-03-12,purchase,"$15,001 - $50,000",32500,EVERGY INC UNSOLICITED,Evergy Inc,EVRG,stock,Utilities
1010,2026-03-12,purchase,"$15,001 - $50,000",32500,CONS EDISON CO (HOLDING CO) UNSOLICITED,"Consolidated Edison, Inc.",ED,stock,Utilities
1011,2026-03-17,purchase,"$15,001 - $50,000",32500,AMAZON.COM INC,"Amazon.com, Inc.",AMZN,stock,Consumer Discretionary
1012,2026-03-12,purchase,"$15,001 - $50,000",32500,LOCKHEED MARTIN CORP UNSOLICITED,Lockheed Martin Corporation,LMT,stock,Industrials
1013,2026-03-12,purchase,"$15,001 - $50,000",32500,NISOURCE INC UNSOLICITED,NiSource Inc.,NI,stock,Utilities
1014,2026-03-12,purchase,"$15,001 - $50,000",32500,FORTINET INC UNSOLICITED,Fortinet Inc,FTNT,stock,Information Technology
1015,2026-03-12,purchase,"$15,001 - $50,000",32500,CONSTELLATION ENERGY UNSOLICITED,Constellation Energy Corporation,CEG,stock,Utilities
1016,2026-03-04,purchase,"$15,001 - $50,000",32500,MUELLER WATER PRODUC CLASS SERIES A,Mueller Water Products Inc,MWA,stock,Industrials
1017,2026-03-02,purchase,"$15,001 - $50,000",32500,UBER TECHNOLOGIES INC UNSOLICITED,Uber Technologies Inc,UBER,stock,Industrials
1018,2026-01-26,purchase,"$15,001 - $50,000",32500,ENPHASE ENERGY INC,Enphase Energy Inc,ENPH,stock,Information Technology
1019,2026-03-12,purchase,"$15,001 - $50,000",32500,VERISIGN INC UNSOLICITED,"VeriSign, Inc.",VRSN,stock,Information Technology
1020,2026-03-23,purchase,"$15,001 - $50,000",32500,ASGN INC,ASGN Incorporated,ASGN,stock,Industrials
1021,2026-03-12,purchase,"$15,001 - $50,000",32500,AON PLC CL A UNSOLICITED,Aon plc,AON,stock,Financials
1022,2026-03-12,purchase,"$15,001 - $50,000",32500,CROWDSTRIKE HLDGS INC CL A UNSOLICITED,CrowdStrike Holdings Inc,CRWD,stock,Information Technology
1023,2026-03-12,purchase,"$15,001 - $50,000",32500,WILLIAMS COS INC (DEL) UNSOLICITED,"The Williams Companies, Inc.",WMB,stock,Energy
1024,2026-03-12,purchase,"$15,001 - $50,000",32500,HEWLETT PACKARD ENTERPRISE CO UNSOLICITED,Hewlett Packard Enterprise Company,HPE,stock,Information Technology
1025,2026-02-26,purchase,"$15,001 - $50,000",32500,ENOVIS CORP,Enovis Corporation,ENOV,stock,Health Care
1026,2026-03-12,purchase,"$15,001 - $50,000",32500,KEYSIGHT TECHNOLOGIES INC COM UNSOLICITED,"Keysight Technologies, Inc.",KEYS,stock,Information Technology
1027,2026-03-12,purchase,"$15,001 - $50,000",32500,QUANTA SERVICES INC UNSOLICITED,"Quanta Services, Inc.",PWR,stock,Industrials
1028,2026-03-12,purchase,"$15,001 - $50,000",32500,BANK OF NEW YORK MELLON CORP UNSOLICITED,The Bank of New York Mellon Corporation,BK,stock,Financials
1029,2026-03-12,purchase,"$15,001 - $50,000",32500,ONEOK INC NEW UNSOLICITED,ONEOK Inc.,OKE,stock,Energy
1030,2026-03-12,purchase,"$15,001 - $50,000",32500,CISCO SYSTEMS INC UNSOLICITED,Cisco Systems Inc,CSCO,stock,Information Technology
1031,2026-03-12,purchase,"$15,001 - $50,000",32500,FOX CORP CL A UNSOLICITED,Fox Corporation,FOX,stock,Communication Services
1032,2026-03-12,purchase,"$15,001 - $50,000",32500,INTUIT UNSOLICITED,Intuit Inc.,INTU,stock,Information Technology
1033,2026-03-13,purchase,"$15,001 - $50,000",32500,INTEL CORP UNSOLICITED,Intel Corporation,INTC,stock,Information Technology
1034,2026-03-12,purchase,"$15,001 - $50,000",32500,PTC INC COM UNSOLICITED,PTC Inc.,PTC,stock,Information Technology
1035,2026-03-12,purchase,"$15,001 - $50,000",32500,AUTODESK INC UNSOLICITED,Autodesk Inc,ADSK,stock,Information Technology
1036,2026-03-12,purchase,"$15,001 - $50,000",32500,SKYWORKS SOLUTIONS INC UNSOLICITED,Skyworks Solutions Inc,SWKS,stock,Information Technology
1037,2026-03-12,purchase,"$15,001 - $50,000",32500,ROPER TECHNOLOGIES INC UNSOLICITED,"Roper Technologies, Inc.",ROP,stock,Industrials
1038,2026-03-12,purchase,"$15,001 - $50,000",32500,WARNER BROS DISCOVERY INC UNSOLICITED,"Warner Bros. Discovery, Inc.",WBD,stock,Communication Services
1039,2026-03-02,purchase,"$15,001 - $50,000",32500,EQUINIX INC REIT UNSOLICITED,Equinix Inc,EQIX,stock,Real Estate
1040,2026-03-12,purchase,"$15,001 - $50,000",32500,TJX COS INC NEW UNSOLICITED,"The TJX Companies, Inc.",TJX,stock,Consumer Discretionary
1041,2026-03-04,purchase,"$15,001 - $50,000",32500,ALAMO GROUP INC,Alamo Group Inc.,ALG,stock,Industrials
1042,2026-03-12,purchase,"$15,001 - $50,000",32500,BOSTON SCIENTIFIC CORP UNSOLICITED,Boston Scientific Corporation,BSX,stock,Health Care
1043,2026-03-12,purchase,"$15,001 - $50,000",32500,F5 INC UNSOLICITED,F5 Inc,FFIV,stock,Information Technology
1044,2026-03-04,purchase,"$15,001 - $50,000",32500,PERDOCEO ED CORP,Perdoceo Education Corporation,PRDO,stock,Consumer Discretionary
1045,2026-03-12,purchase,"$15,001 - $50,000",32500,BRISTOL MYERS SQUIBB CO UNSOLICITED,Bristol-Myers Squibb Company,BMY,stock,Health Care
1046,2026-02-26,purchase,"$15,001 - $50,000",32500,QUINSTREET INC,"QuinStreet, Inc.",QNST,stock,Communication Services
1047,2026-03-12,purchase,"$15,001 - $50,000",32500,STARBUCKS CORP UNSOLICITED,Starbucks Corporation,SBUX,stock,Consumer Discretionary
1048,2026-03-12,purchase,"$15,001 - $50,000",32500,NEWMONT CORP UNSOLICITED,Newmont Corporation,NEM,stock,Materials
1049,2026-03-12,purchase,"$15,001 - $50,000",32500,ADOBE INC. (DELAWARE) UNSOLICITED,Adobe Inc,ADBE,stock,Information Technology
1050,2026-03-02,purchase,"$15,001 - $50,000",32500,PEPSICO INC UNSOLICITED,"PepsiCo, Inc.",PEP,stock,Consumer Staples
1051,2026-03-12,purchase,"$15,001 - $50,000",32500,CADENCE DESIGN SYSTEM UNSOLICITED,Cadence Design Systems Inc,CDNS,stock,Information Technology
1052,2026-03-12,purchase,"$15,001 - $50,000",32500,MASTERCARD INC CL A UNSOLICITED,Mastercard Incorporated,MA,stock,Financials
1053,2026-03-12,purchase,"$15,001 - $50,000",32500,DEERE AND CO UNSOLICITED,Deere & Company,DE,stock,Industrials
1054,2026-03-12,purchase,"$15,001 - $50,000",32500,HONEYWELL INTL INC UNSOLICITED,Honeywell International Inc.,HON,stock,Industrials
1055,2026-03-12,purchase,"$15,001 - $50,000",32500,TRANE TECHNOLOGIES PLC UNSOLICITED,Trane Technologies plc,TT,stock,Industrials
1056,2026-03-12,purchase,"$15,001 - $50,000",32500,ARISTA NETWORKS INC UNSOLICITED,Arista Networks Inc,ANET,stock,Information Technology
1057,2026-03-12,purchase,"$15,001 - $50,000",32500,SCHWAB CHARLES CORP NEW UNSOLICITED,The Charles Schwab Corporation,SCHW,stock,Financials
1058,2026-03-12,purchase,"$15,001 - $50,000",32500,ORACLE CORP UNSOLICITED,Oracle Corporation,ORCL,stock,Information Technology
1059,2026-03-12,purchase,"$15,001 - $50,000",32500,TRIMBLE INC COM UNSOLICITED,Trimble Inc.,TRMB,stock,Information Technology
1060,2026-03-12,purchase,"$15,001 - $50,000",32500,SERVICENOW INC UNSOLICITED,ServiceNow Inc,NOW,stock,Information Technology
1061,2026-03-12,purchase,"$15,001 - $50,000",32500,EMCOR GROUP INC UNSOLICITED,EMCOR Group Inc.,EME,stock,Industrials
1062,2026-03-12,purchase,"$15,001 - $50,000",32500,VERTEX PHARMACEUTICAL INC UNSOLICITED,Vertex Pharmaceuticals Incorporated,VRTX,stock,Health Care
1063,2026-03-12,purchase,"$15,001 - $50,000",32500,ILLINOIS TOOL WORKS INC UNSOLICITED,Illinois Tool Works Inc.,ITW,stock,Industrials
1064,2026-03-12,purchase,"$15,001 - $50,000",32500,APPLOVIN CORP CL A UNSOLICITED,AppLovin Corporation,APP,stock,Communication Services
1065,2026-03-12,purchase,"$15,001 - $50,000",32500,LOWES COMPANIES INC UNSOLICITED,"Lowe's Companies, Inc.",LOW,stock,Consumer Discretionary
1066,2026-03-12,purchase,"$15,001 - $50,000",32500,WELLS FARGO & CO NEW UNSOLICITED,Wells Fargo & Company,WFC,stock,Financials
1067,2026-01-06,purchase,"$15,001 - $50,000",32500,PALANTIR TECHNOLOGIES INC CL A,Palantir Technologies Inc.,PLTR,stock,Information Technology
1068,2026-03-11,purchase,"$15,001 - $50,000",32500,TE CONNECTIVITY PLC UNSOLICITED,TE Connectivity plc,TEL,stock,Information Technology
1069,2026-03-12,purchase,"$15,001 - $50,000",32500,BLACKROCK INC UNSOLICITED,"BlackRock, Inc.",BLK,stock,Financials
1070,2026-03-12,purchase,"$15,001 - $50,000",32500,ACCENTURE PLC IRELAND CL A UNSOLICITED,Accenture plc,ACN,stock,Information Technology
1071,2026-03-02,purchase,"$15,001 - $50,000",32500,CONOCOPHILLIPS UNSOLICITED,ConocoPhillips,COP,stock,Energy
1072,2026-03-11,purchase,"$15,001 - $50,000",32500,JOHNSON & JOHNSON COM UNSOLICITED,Johnson & Johnson,JNJ,stock,Health Care
1073,2026-03-12,purchase,"$15,001 - $50,000",32500,AMPHENOL CORP NEW CL A UNSOLICITED,Amphenol Corporation,APH,stock,Information Technology
1074,2026-03-12,purchase,"$15,001 - $50,000",32500,MONOLITHIC POWER SYSTEMS INC UNSOLICITED,Monolithic Power Systems Inc,MPWR,stock,Information Technology
1075,2026-03-12,purchase,"$15,001 - $50,000",32500,HUBBELL INC UNSOLICITED,Hubbell Incorporated,HUBB,stock,Industrials
1076,2026-03-04,purchase,"$15,001 - $50,000",32500,VICTORY CAP HLDGS INC DE CLASS A,"Victory Capital Holdings, Inc.",VCTR,stock,Financials
1077,2026-03-12,purchase,"$15,001 - $50,000",32500,ON SEMICONDUCTOR CORP UNSOLICITED,ON Semiconductor Corporation,ON,stock,Information Technology
1078,2026-01-06,purchase,"$15,001 - $50,000",32500,Salesforce Inc.,Salesforce Inc,CRM,stock,Information Technology
1079,2026-03-12,purchase,"$15,001 - $50,000",32500,CITIGROUP INC UNSOLICITED,Citigroup Inc,C,stock,Financials
1080,2026-03-11,purchase,"$15,001 - $50,000",32500,GE AEROSPACE UNSOLICITED,GE Aerospace,GE,stock,Industrials
1081,2026-03-12,purchase,"$15,001 - $50,000",32500,BANK OF AMER CORP UNSOLICITED,Bank of America Corporation,BAC,stock,Financials
1082,2026-03-12,purchase,"$15,001 - $50,000",32500,WILLIAMS SONOMA INC UNSOLICITED,"Williams-Sonoma, Inc.",WSM,stock,Consumer Discretionary
1083,2026-03-12,purchase,"$15,001 - $50,000",32500,UNITED PARCEL SERVICE INC CL B UNSOLICITED,United Parcel Service Inc,UPS,stock,Industrials
1084,2026-03-12,purchase,"$15,001 - $50,000",32500,COMFORT SYSTEMS USA INC UNSOLICITED,"Comfort Systems USA, Inc.",FIX,stock,Industrials
1085,2026-03-12,purchase,"$15,001 - $50,000",32500,HUNT J B TRANS SVCS INC UNSOLICITED,J.B. Hunt Transport Services Inc.,JBHT,stock,Industrials
1086,2026-03-02,purchase,"$15,001 - $50,000",32500,WILLIAMS COS INC (DE) UNSOLICITED,"The Williams Companies, Inc.",WMB,stock,Energy
1087,2026-03-30,purchase,"$15,001 - $50,000",32500,NCR VOYIX CORP,NCR Voyix Corporation,VYX,stock,Information Technology
1088,2026-03-04,purchase,"$15,001 - $50,000",32500,CVB FINL CORP,CVB Financial Corp,CVBF,stock,Financials
1089,2026-03-12,purchase,"$15,001 - $50,000",32500,DANAHER CORP UNSOLICITED,Danaher Corporation,DHR,stock,Health Care
1090,2026-03-12,purchase,"$15,001 - $50,000",32500,SYNOPSYS INC UNSOLICITED,Synopsys Inc,SNPS,stock,Information Technology
1091,2026-03-12,purchase,"$15,001 - $50,000",32500,GE HEALTHCARE TECHNOLOGIES INC UNSOLICITED,GE HealthCare Technologies Inc,GEHC,stock,Health Care
1092,2026-03-12,purchase,"$15,001 - $50,000",32500,CHIPOTLE MEXICAN GRILL INC CL A UNSOLICITED,Chipotle Mexican Grill Inc,CMG,stock,Consumer Discretionary
1093,2026-03-12,purchase,"$15,001 - $50,000",32500,AMETEK INC (NEW) UNSOLICITED,AMETEK Inc,AME,stock,Industrials
1094,2026-01-23,purchase,"$15,001 - $50,000",32500,MONDELEZ INTERNATIONAL INC CL A,Mondelez International Inc,MDLZ,stock,Consumer Staples
1095,2026-03-23,purchase,"$15,001 - $50,000",32500,AMAZON.COM INC,"Amazon.com, Inc.",AMZN,stock,Consumer Discretionary
1096,2026-03-12,purchase,"$15,001 - $50,000",32500,DOORDASH INC CL A UNSOLICITED,DoorDash Inc.,DASH,stock,Consumer Discretionary
1097,2026-03-04,purchase,"$15,001 - $50,000",32500,PTC THERAPEUTICS INC,"PTC Therapeutics, Inc.",PTCT,stock,Health Care
1098,2026-03-12,purchase,"$15,001 - $50,000",32500,TEXAS INSTRUMENTS UNSOLICITED,Texas Instruments Incorporated,TXN,stock,Information Technology
1099,2026-03-12,purchase,"$15,001 - $50,000",32500,ZEBRA TECHNOLOGIES CORP CL A UNSOLICITED,Zebra Technologies Corporation,ZBRA,stock,Information Technology
1100,2026-03-12,purchase,"$15,001 - $50,000",32500,KKR & CO INC CL A UNSOLICITED,KKR & Co. Inc.,KKR,stock,Financials
1101,2026-03-12,purchase,"$15,001 - $50,000",32500,ANALOG DEVICES INC UNSOLICITED,Analog Devices Inc,ADI,stock,Information Technology
1102,2026-03-04,purchase,"$15,001 - $50,000",32500,NEXPOINT RESIDENTIAL TR REIT,"NexPoint Residential Trust, Inc.",NXRT,stock,Real Estate
1103,2026-03-02,purchase,"$15,001 - $50,000",32500,AON PLC CL A UNSOLICITED,Aon plc,AON,stock,Financials
1104,2026-03-11,purchase,"$15,001 - $50,000",32500,TEXAS INSTRUMENTS UNSOLICITED,Texas Instruments Incorporated,TXN,stock,Information Technology
1105,2026-03-12,purchase,"$15,001 - $50,000",32500,PARKER HANNIFIN CORP UNSOLICITED,Parker-Hannifin Corporation,PH,stock,Industrials
1106,2026-03-30,purchase,"$15,001 - $50,000",32500,MARA HLDGS INC,"MARA Holdings, Inc.",MARA,stock,Financials
1107,2026-03-12,purchase,"$15,001 - $50,000",32500,NXP SEMICONDUCTORS N V COM EUR UNSOLICITED,NXP Semiconductors N.V.,NXPI,stock,Information Technology
1108,2026-03-12,purchase,"$15,001 - $50,000",32500,TERADYNE INC UNSOLICITED,Teradyne Inc.,TER,stock,Information Technology
1109,2026-03-02,purchase,"$15,001 - $50,000",32500,EDWARDS LIFESCIENCES CORP UNSOLICITED,Edwards Lifesciences Corporation,EW,stock,Health Care
1110,2026-03-11,purchase,"$15,001 - $50,000",32500,BANK OF AMER CORP UNSOLICITED,Bank of America Corporation,BAC,stock,Financials
1111,2026-03-11,purchase,"$15,001 - $50,000",32500,ON SEMICONDUCTOR CORP UNSOLICITED,ON Semiconductor Corporation,ON,stock,Information Technology
1112,2026-03-11,purchase,"$15,001 - $50,000",32500,O'REILLY AUTOMOTIVE INC UNSOLICITED,O'Reilly Automotive Inc.,ORLY,stock,Consumer Discretionary
1113,2026-03-30,purchase,"$15,001 - $50,000",32500,ACM RESH INC CLASS A,ACM Research Inc,ACMR,stock,Information Technology
1114,2026-03-12,purchase,"$15,001 - $50,000",32500,GE AEROSPACE UNSOLICITED,GE Aerospace,GE,stock,Industrials
1115,2026-03-02,purchase,"$15,001 - $50,000",32500,STARBUCKS CORP UNSOLICITED,Starbucks Corporation,SBUX,stock,Consumer Discretionary
1116,2026-02-26,purchase,"$15,001 - $50,000",32500,ARMADA HOFFLER PPTYS INC REIT,AH Realty,AHRT,stock,Real Estate
1117,2026-03-13,purchase,"$15,001 - $50,000",32500,ALBEMARLE CORP UNSOLICITED,Albemarle Corporation,ALB,stock,Materials
1118,2026-01-26,purchase,"$15,001 - $50,000",32500,BLACKSTONE MTG TR INC REIT,"Blackstone Mortgage Trust, Inc.",BXMT,stock,Real Estate
1119,2026-03-02,purchase,"$15,001 - $50,000",32500,CHIPOTLE MEXICAN GRILL INC CL A UNSOLICITED,Chipotle Mexican Grill Inc,CMG,stock,Consumer Discretionary
1120,2026-03-11,purchase,"$15,001 - $50,000",32500,ORACLE CORP UNSOLICITED,Oracle Corporation,ORCL,stock,Information Technology
1121,2026-03-30,purchase,"$15,001 - $50,000",32500,CHESAPEAKE UTILS CORP,Chesapeake Utilities Corporation,CPK,stock,Utilities
1122,2026-03-04,purchase,"$15,001 - $50,000",32500,JACKSON FINL INC CLASS A,Jackson Financial Inc,JXN,stock,Financials
1123,2026-03-11,purchase,"$15,001 - $50,000",32500,KEYSIGHT TECHNOLOGIES INC COM UNSOLICITED,"Keysight Technologies, Inc.",KEYS,stock,Information Technology
1124,2026-03-02,purchase,"$15,001 - $50,000",32500,SOUTHERN CO UNSOLICITED,Southern Company,SO,stock,Utilities
1125,2026-03-02,purchase,"$15,001 - $50,000",32500,LOCKHEED MARTIN CORP UNSOLICITED,Lockheed Martin Corporation,LMT,stock,Industrials
1126,2026-01-26,purchase,"$15,001 - $50,000",32500,CONMED CORP,CONMED Corporation,CNMD,stock,Health Care
1127,2026-03-02,purchase,"$15,001 - $50,000",32500,GODADDY INC CL A UNSOLICITED,GoDaddy Inc,GDDY,stock,Information Technology
1128,2026-03-30,purchase,"$15,001 - $50,000",32500,BANK HAWAII CORP,Bank of Hawaii Corporation,BOH,stock,Financials
1129,2026-01-07,purchase,"$15,001 - $50,000",32500,LENNOX INTL INC,Lennox International Inc.,LII,stock,Industrials
1130,2026-01-23,purchase,"$15,001 - $50,000",32500,LYONDELLBASELL INDUSTRIES N V ORD SHS CL A,LyondellBasell Industries N.V.,LYB,stock,Materials
1131,2026-03-04,purchase,"$15,001 - $50,000",32500,STONEX GROUP INC,StoneX Group Inc.,SNEX,stock,Financials
1132,2026-03-12,purchase,"$15,001 - $50,000",32500,QINTY ELECTRONICS INC UNSOLICITED,Sanmina Corporation,SANM,stock,Information Technology
1133,2026-01-26,purchase,"$15,001 - $50,000",32500,PRESTIGE CONSUMER HEALTH,Prestige Consumer Healthcare Inc.,PBH,stock,Consumer Staples
1134,2026-03-04,purchase,"$15,001 - $50,000",32500,KADANT INC,Kadant Inc.,KAI,stock,Industrials
1135,2026-02-10,purchase,"$15,001 - $50,000",32500,"Block, Inc.",BLOCK INC A CLASS A,XYZ,stock,Information Technology
1136,2026-03-04,purchase,"$15,001 - $50,000",32500,SHAKE SHACK INC CLASS A,Shake Shack Inc,SHAK,stock,Consumer Discretionary
1137,2026-03-17,purchase,"$15,001 - $50,000",32500,AIR PRODUCTS & CHEMICALS INC,Air Products and Chemicals Inc,APD,stock,Materials
1138,2026-03-11,purchase,"$15,001 - $50,000",32500,SANDISK CORP UNSOLICITED,SanDisk Corporation,SNDK,stock,Information Technology
1139,2026-01-06,purchase,"$15,001 - $50,000",32500,KENVUE INC COM,Kenvue Inc,KVUE,stock,Consumer Discretionary
1140,2026-03-11,purchase,"$15,001 - $50,000",32500,EXPAND ENERGY CORP UNSOLICITED,Expand Energy Corporation,EXE,stock,Energy
1141,2026-03-02,purchase,"$15,001 - $50,000",32500,GENERAL MOTORS CO UNSOLICITED,General Motors Company,GM,stock,Consumer Discretionary
1142,2026-03-11,purchase,"$15,001 - $50,000",32500,EQUINIX INC REIT UNSOLICITED,Equinix Inc,EQIX,stock,Real Estate
1143,2026-03-02,purchase,"$15,001 - $50,000",32500,VERISIGN INC UNSOLICITED,"VeriSign, Inc.",VRSN,stock,Information Technology
1144,2026-03-11,purchase,"$15,001 - $50,000",32500,EOG RESOURCES INC UNSOLICITED,EOG Resources Inc,EOG,stock,Energy
1145,2026-03-11,purchase,"$15,001 - $50,000",32500,DATADOG INC UNSOLICITED,"Datadog, Inc.",DDOG,stock,Information Technology
1146,2026-03-30,purchase,"$15,001 - $50,000",32500,GRID DYNAMICS HLDGS INC CLASS A,Grid Dynamics Holdings Inc,GDYN,stock,Information Technology
1147,2026-03-11,purchase,"$15,001 - $50,000",32500,UBER TECHNOLOGIES INC UNSOLICITED,Uber Technologies Inc,UBER,stock,Industrials
1148,2026-03-30,purchase,"$15,001 - $50,000",32500,HERITAGE FINL CORP WASH,Heritage Financial Corporation,HFWA,stock,Financials
1149,2026-01-06,purchase,"$15,001 - $50,000",32500,NRG ENERGY INC,"NRG Energy, Inc.",NRG,stock,Utilities
1150,2026-03-11,purchase,"$15,001 - $50,000",32500,CHEVRON CORP UNSOLICITED,Chevron Corporation,CVX,stock,Energy
1151,2026-03-02,purchase,"$15,001 - $50,000",32500,CHEVRON CORP UNSOLICITED,Chevron Corporation,CVX,stock,Energy
1152,2026-01-26,purchase,"$15,001 - $50,000",32500,WILEY JOHN & SONS INC CLASS A,"John Wiley & Sons, Inc.",WLY,stock,Communication Services
1153,2026-03-30,purchase,"$15,001 - $50,000",32500,INTEGRA LIFESCIENCES HLD,Integra LifeSciences Holdings Corporation,IART,stock,Health Care
1154,2026-03-30,purchase,"$15,001 - $50,000",32500,HARMONY BIOSCIENCES HLDG,"Harmony Biosciences Holdings, Inc.",HRMY,stock,Health Care
1155,2026-03-17,purchase,"$15,001 - $50,000",32500,LAMB WESTON HLDGS INC COM,"Lamb Weston Holdings, Inc.",LW,stock,Consumer Staples
1156,2026-03-30,purchase,"$15,001 - $50,000",32500,NAPCO SEC TECHNOLOGIES I,Napco Security Technologies Inc,NSSC,stock,Industrials
1157,2026-03-11,purchase,"$15,001 - $50,000",32500,VISA INC CL A UNSOLICITED,Visa Inc.,V,stock,Financials
1158,2026-03-02,purchase,"$15,001 - $50,000",32500,F5 INC UNSOLICITED,F5 Inc,FFIV,stock,Information Technology
1159,2026-03-02,purchase,"$15,001 - $50,000",32500,PRICE T ROWE GROUP INC UNSOLICITED,T. Rowe Price Group Inc,TROW,stock,Financials
1160,2026-03-11,purchase,"$15,001 - $50,000",32500,DELL TECHNOLOGIES INC CL C UNSOLICITED,Dell Technologies Inc.,DELL,stock,Information Technology
1161,2026-03-02,purchase,"$15,001 - $50,000",32500,CDW CORP UNSOLICITED,CDW Corporation,CDW,stock,Information Technology
1162,2026-03-11,purchase,"$15,001 - $50,000",32500,AKAMAI TECHNOLOGIES INC UNSOLICITED,Akamai Technologies Inc,AKAM,stock,Information Technology
1163,2026-03-11,purchase,"$15,001 - $50,000",32500,INTEL CORP UNSOLICITED,Intel Corporation,INTC,stock,Information Technology
1164,2026-03-11,purchase,"$15,001 - $50,000",32500,ROSS STORES INC UNSOLICITED,"Ross Stores, Inc.",ROST,stock,Consumer Discretionary
1165,2026-01-23,purchase,"$15,001 - $50,000",32500,ADVANCED MICRO DEVICES INC,Advanced Micro Devices Inc,AMD,stock,Information Technology
1166,2026-03-04,purchase,"$15,001 - $50,000",32500,AMNEAL PHARMACEUTICALS | CLASS A,"Amneal Pharmaceuticals, Inc.",AMRX,stock,Health Care
1167,2026-03-11,purchase,"$15,001 - $50,000",32500,INTUITIVE SURGICAL INC UNSOLICITED,Intuitive Surgical Inc,ISRG,stock,Health Care
1168,2026-03-11,purchase,"$15,001 - $50,000",32500,JABIL INC UNSOLICITED,Jabil Inc,JBL,stock,Information Technology
1169,2026-03-11,purchase,"$15,001 - $50,000",32500,TERADYNE INC UNSOLICITED,Teradyne Inc.,TER,stock,Information Technology
1170,2026-03-11,purchase,"$15,001 - $50,000",32500,NETAPP INC UNSOLICITED,"NetApp, Inc.",NTAP,stock,Information Technology
1171,2026-03-11,purchase,"$15,001 - $50,000",32500,WESTN DIGITAL CORP UNSOLICITED,Western Digital Corporation,WDC,stock,Information Technology
1172,2026-03-30,purchase,"$15,001 - $50,000",32500,SCHRODINGER INC,"Schrodinger, Inc.",SDGR,stock,Health Care
1173,2026-03-11,purchase,"$15,001 - $50,000",32500,UNITEDHEALTH GROUP INC UNSOLICITED,UnitedHealth Group Inc,UNH,stock,Health Care
1174,2026-01-23,purchase,"$15,001 - $50,000",32500,COCA-COLA COMPANY,The Coca-Cola Company,KO,stock,Consumer Staples
1175,2026-03-11,purchase,"$15,001 - $50,000",32500,NORDSON CORP UNSOLICITED,Nordson Corporation,NDSN,stock,Industrials
1176,2026-03-11,purchase,"$15,001 - $50,000",32500,SKYWORKS SOLUTIONS INC UNSOLICITED,Skyworks Solutions Inc,SWKS,stock,Information Technology
1177,2026-03-11,purchase,"$15,001 - $50,000",32500,VERISK ANALYTICS INC UNSOLICITED,"Verisk Analytics, Inc.",VRSK,stock,Industrials
1178,2026-03-11,purchase,"$15,001 - $50,000",32500,RTX CORP UNSOLICITED,RTX Corporation,RTX,stock,Industrials
1179,2026-03-11,purchase,"$15,001 - $50,000",32500,TAKE-TWO INTERACTIVE SOFTWARE UNSOLICITED,Take-Two Interactive Software Inc,TTWO,stock,Communication Services
1180,2026-03-11,purchase,"$15,001 - $50,000",32500,DUKE ENERGY CORP NEW UNSOLICITED,Duke Energy Corporation,DUK,stock,Utilities
1181,2026-03-11,purchase,"$15,001 - $50,000",32500,TELEDYNE TECHNOLOGIES INC UNSOLICITED,Teledyne Technologies Incorporated,TDY,stock,Information Technology
1182,2026-03-11,purchase,"$15,001 - $50,000",32500,CROWNSTRIKE HLDGS INC CL A UNSOLICITED,CrowdStrike Holdings Inc,CRWD,stock,Information Technology
1183,2026-03-11,purchase,"$15,001 - $50,000",32500,MICROCHIP TECHNOLOGY INC UNSOLICITED,Microchip Technology Incorporated,MCHP,stock,Information Technology
1184,2026-03-30,purchase,"$15,001 - $50,000",32500,NAVIENT CORP,Navient Corporation,NAVI,stock,Financials
1185,2026-03-11,purchase,"$15,001 - $50,000",32500,GE VERNOVA LLC COM UNSOLICITED,GE Vernova Inc,GEV,stock,Industrials
1186,2026-03-11,purchase,"$15,001 - $50,000",32500,DIGITAL REALTY TRUST INC REIT UNSOLICITED,"Digital Realty Trust, Inc.",DLR,stock,Real Estate
1187,2026-03-11,purchase,"$15,001 - $50,000",32500,ROCKWELL AUTOMATION INC NEW UNSOLICITED,"Rockwell Automation, Inc.",ROK,stock,Industrials
1188,2026-03-11,purchase,"$15,001 - $50,000",32500,PRICE T ROWE GROUP INC UNSOLICITED,T. Rowe Price Group Inc,TROW,stock,Financials
1189,2026-03-11,purchase,"$15,001 - $50,000",32500,NEXTERA ENERGY INC COM UNSOLICITED,"NextEra Energy, Inc.",NEE,stock,Utilities
1190,2026-03-11,purchase,"$15,001 - $50,000",32500,ELECTRONIC ARTS UNSOLICITED,Electronic Arts Inc.,EA,stock,Communication Services
1191,2026-03-11,purchase,"$15,001 - $50,000",32500,SEAGATE TECHNOLOGY HLDGS UNSOLICITED,Seagate Technology Holdings plc,STX,stock,Information Technology
1192,2026-03-11,purchase,"$15,001 - $50,000",32500,CDW CORP UNSOLICITED,CDW Corporation,CDW,stock,Information Technology
1193,2026-03-11,purchase,"$15,001 - $50,000",32500,PALANTIR TECHNOLOGIES INC CL A UNSOLICITED,Palantir Technologies Inc.,PLTR,stock,Information Technology
1194,2026-03-11,purchase,"$15,001 - $50,000",32500,CADENCE DESIGN SYSTEM UNSOLICITED,Cadence Design Systems Inc,CDNS,stock,Information Technology
1195,2026-03-11,purchase,"$15,001 - $50,000",32500,AMGEN INC UNSOLICITED,Amgen Inc.,AMGN,stock,Health Care
1196,2026-03-11,purchase,"$15,001 - $50,000",32500,ROBINHOOD MKTS INC CL A UNSOLICITED,"Robinhood Markets, Inc.",HOOD,stock,Financials
1197,2026-03-11,purchase,"$15,001 - $50,000",32500,MOTOROLA SOLUTIONS INC UNSOLICITED,Motorola Solutions Inc,MSI,stock,Information Technology
1198,2026-03-11,purchase,"$15,001 - $50,000",32500,SYNOPSYS INC UNSOLICITED,Synopsys Inc,SNPS,stock,Information Technology
1199,2026-03-02,purchase,"$15,001 - $50,000",32500,APPLOVIN CORP CL A UNSOLICITED,AppLovin Corporation,APP,stock,Communication Services
1200,2026-03-11,purchase,"$15,001 - $50,000",32500,MORGAN STANLEY UNSOLICITED,Morgan Stanley,MS,stock,Financials
1201,2026-03-30,purchase,"$15,001 - $50,000",32500,VSE CORP,VSE Corporation,VSEC,stock,Industrials
1202,2026-03-04,purchase,"$15,001 - $50,000",32500,PATTERSON-UTI ENERGY INC,"Patterson-UTI Energy, Inc.",PTEN,stock,Energy
1203,2026-03-11,purchase,"$15,001 - $50,000",32500,WALT DISNEY CO (HOLDING CO) DISNEY COM UNSOLICITED,The Walt Disney Company,DIS,stock,Communication Services
1204,2026-03-11,purchase,"$15,001 - $50,000",32500,MERCK & CO INC COM UNSOLICITED,"Merck & Co., Inc.",MRK,stock,Health Care
1205,2026-03-11,purchase,"$15,001 - $50,000",32500,DUPONT DE NEMOURS INC UNSOLICITED,DuPont de Nemours Inc.,DD,stock,Materials
1206,2026-03-11,purchase,"$15,001 - $50,000",32500,COCA COLA CO COM UNSOLICITED,The Coca-Cola Company,KO,stock,Consumer Staples
1207,2026-03-11,purchase,"$15,001 - $50,000",32500,MCDONALDS CORP UNSOLICITED,McDonald's Corporation,MCD,stock,Consumer Discretionary
1208,2026-03-11,purchase,"$15,001 - $50,000",32500,INTL BUSINESS MACH UNSOLICITED,International Business Machines Corporation,IBM,stock,Information Technology
1209,2026-03-11,purchase,"$15,001 - $50,000",32500,AUTODESK INC UNSOLICITED,Autodesk Inc,ADSK,stock,Information Technology
1210,2026-03-11,purchase,"$15,001 - $50,000",32500,PALO ALTO NETWORKS INC UNSOLICITED,"Palo Alto Networks, Inc.",PANW,stock,Information Technology
1211,2026-03-11,purchase,"$15,001 - $50,000",32500,S&P GLOBAL INC UNSOLICITED,S&P Global Inc.,SPGI,stock,Financials
1212,2026-03-11,purchase,"$15,001 - $50,000",32500,ENTERGY CORP NEW UNSOLICITED,Entergy Corporation,ETR,stock,Utilities
1213,2026-03-11,purchase,"$15,001 - $50,000",32500,ARISTA NETWORKS INC UNSOLICITED,Arista Networks Inc,ANET,stock,Information Technology
1214,2026-03-11,purchase,"$15,001 - $50,000",32500,PUBLIC SERVICE ENTERPRISE GROUP INC UNSOLICITED,Public Service Enterprise Group Incorporated,PEG,stock,Utilities
1215,2026-03-11,purchase,"$15,001 - $50,000",32500,THERMO FISHER SCIENTIFIC INC UNSOLICITED,Thermo Fisher Scientific Inc.,TMO,stock,Health Care
1216,2026-03-11,purchase,"$15,001 - $50,000",32500,"SALESFORCE, INC. UNSOLICITED",Salesforce Inc,CRM,stock,Information Technology
1217,2026-03-11,purchase,"$15,001 - $50,000",32500,GILEAD SCIENCES INC UNSOLICITED,"Gilead Sciences, Inc.",GILD,stock,Health Care
1218,2026-03-11,purchase,"$15,001 - $50,000",32500,EDWARDS LIFESCIENCES CORP UNSOLICITED,Edwards Lifesciences Corporation,EW,stock,Health Care
1219,2026-02-26,purchase,"$15,001 - $50,000",32500,PROGYNY INC,Progyny Inc.,PGNY,stock,Health Care
1220,2026-03-11,purchase,"$15,001 - $50,000",32500,FORTINET INC UNSOLICITED,Fortinet Inc,FTNT,stock,Information Technology
1221,2026-03-11,purchase,"$15,001 - $50,000",32500,BOEING COMPANY UNSOLICITED,The Boeing Company,BA,stock,Industrials
1222,2026-03-11,purchase,"$15,001 - $50,000",32500,SERVICENOW INC UNSOLICITED,ServiceNow Inc,NOW,stock,Information Technology
1223,2026-03-11,purchase,"$15,001 - $50,000",32500,MSCI INC UNSOLICITED,MSCI Inc,MSCI,stock,Financials
1224,2026-03-11,purchase,"$15,001 - $50,000",32500,ADOBE INC. (DELAWARE) UNSOLICITED,Adobe Inc,ADBE,stock,Information Technology
1225,2026-03-11,purchase,"$15,001 - $50,000",32500,INTERCONTINENTALEXCHANGE GROUP UNSOLICITED,"Intercontinental Exchange, Inc.",ICE,stock,Financials
1226,2026-03-11,purchase,"$15,001 - $50,000",32500,WELLS FARGO & CO NEW UNSOLICITED,Wells Fargo & Company,WFC,stock,Financials
1227,2026-03-11,purchase,"$15,001 - $50,000",32500,TRACTOR SUPPLY COMPANY UNSOLICITED,Tractor Supply Company,TSCO,stock,Consumer Discretionary
1228,2026-03-11,purchase,"$15,001 - $50,000",32500,TYLER TECHNOLOGIES INC UNSOLICITED,"Tyler Technologies, Inc.",TYL,stock,Information Technology
1229,2026-03-11,purchase,"$15,001 - $50,000",32500,FREEPORT-MCMORAN INC UNSOLICITED,Freeport-McMoRan Inc,FCX,stock,Materials
1230,2026-03-02,purchase,"$15,001 - $50,000",32500,BRISTOL MYERS SQUIBB CO UNSOLICITED,Bristol-Myers Squibb Company,BMY,stock,Health Care
1231,2026-03-11,purchase,"$15,001 - $50,000",32500,NASDAQ INC UNSOLICITED,Nasdaq Inc,NDAQ,stock,Financials
1232,2026-03-11,purchase,"$15,001 - $50,000",32500,HUMANA INC UNSOLICITED,Humana Inc.,HUM,stock,Health Care
1233,2026-03-11,purchase,"$15,001 - $50,000",32500,MASTERCARD INC CL A UNSOLICITED,Mastercard Incorporated,MA,stock,Financials
1234,2026-03-11,purchase,"$15,001 - $50,000",32500,PROCTER & GAMBLE CO UNSOLICITED,The Procter & Gamble Company,PG,stock,Consumer Staples
1235,2026-03-11,purchase,"$15,001 - $50,000",32500,APOLLO GLOBAL MGMT INC UNSOLICITED,Apollo Global Management Inc,APO,stock,Financials
1236,2026-03-11,purchase,"$15,001 - $50,000",32500,PROGRESSIVE CORP OHIO UNSOLICITED,The Progressive Corporation,PGR,stock,Financials
1237,2026-03-11,purchase,"$15,001 - $50,000",32500,T-MOBILE US INC COM UNSOLICITED,T-Mobile US Inc,TMUS,stock,Communication Services
1238,2026-03-11,purchase,"$15,001 - $50,000",32500,RESMED INC UNSOLICITED,ResMed Inc.,RMD,stock,Health Care
1239,2026-01-26,purchase,"$15,001 - $50,000",32500,MIRION TECHNOLOGIES INC CLASS A,Mirion Technologies Inc,MIR,stock,Health Care
1240,2026-03-11,purchase,"$15,001 - $50,000",32500,GOLDMAN SACHS GROUP INC UNSOLICITED,The Goldman Sachs Group Inc,GS,stock,Financials
1241,2026-03-17,purchase,"$15,001 - $50,000",32500,ALPHABET INC CL C,Alphabet Inc,GOOGL,stock,Communication Services
1242,2026-03-11,purchase,"$15,001 - $50,000",32500,INTUIT UNSOLICITED,Intuit Inc.,INTU,stock,Information Technology
1243,2026-03-11,purchase,"$15,001 - $50,000",32500,CORNING INC UNSOLICITED,Corning Incorporated,GLW,stock,Information Technology
1244,2026-03-11,purchase,"$15,001 - $50,000",32500,BLACKROCK INC UNSOLICITED,"BlackRock, Inc.",BLK,stock,Financials
1245,2026-03-11,purchase,"$15,001 - $50,000",32500,AT&T INC UNSOLICITED,AT&T Inc,T,stock,Communication Services
1246,2026-03-04,purchase,"$15,001 - $50,000",32500,RINGCENTRAL INC CLASS A,"RingCentral, Inc.",RNG,stock,Information Technology
1247,2026-03-11,purchase,"$15,001 - $50,000",32500,BLACKSTONE INC CL A UNSOLICITED,Blackstone Inc,BX,stock,Financials
1248,2026-01-23,purchase,"$15,001 - $50,000",32500,ONEOK INC,ONEOK Inc.,OKE,stock,Energy
1249,2026-03-11,purchase,"$15,001 - $50,000",32500,WORKDAY INC CL A UNSOLICITED,"Workday, Inc.",WDAY,stock,Information Technology
1250,2026-03-30,purchase,"$15,001 - $50,000",32500,PAYONEER GLOBAL INC,Payoneer Global Inc,PAYO,stock,Financials
1251,2026-03-11,purchase,"$15,001 - $50,000",32500,PHILIP MORRIS INTL INC UNSOLICITED,Philip Morris International Inc.,PM,stock,Consumer Staples
1252,2026-03-11,purchase,"$15,001 - $50,000",32500,GODADDY INC CL A UNSOLICITED,GoDaddy Inc,GDDY,stock,Information Technology
1253,2026-03-02,purchase,"$15,001 - $50,000",32500,CONS EDISON CO (HOLDING CO) UNSOLICITED,"Consolidated Edison, Inc.",ED,stock,Utilities
1254,2026-03-02,purchase,"$15,001 - $50,000",32500,CME GROUP INC UNSOLICITED,CME Group Inc,CME,stock,Financials
1255,2026-03-02,purchase,"$15,001 - $50,000",32500,CONSTELLATION ENERGY UNSOLICITED,Constellation Energy Corporation,CEG,stock,Utilities
1256,2026-03-04,purchase,"$15,001 - $50,000",32500,QORVO INC,"Qorvo, Inc.",QRVO,stock,Information Technology
1257,2026-03-30,purchase,"$15,001 - $50,000",32500,FRANKLIN BSP REALTY,Franklin BSP Realty Trust Inc,FBRT,stock,Real Estate
1258,2026-03-11,purchase,"$15,001 - $50,000",32500,NRG ENERGY INC NEW UNSOLICITED,"NRG Energy, Inc.",NRG,stock,Utilities
1259,2026-01-26,purchase,"$15,001 - $50,000",32500,RYMAN HOSPITALITY PPTYS REIT,"Ryman Hospitality Properties, Inc.",RHP,stock,Real Estate
1260,2026-03-04,purchase,"$15,001 - $50,000",32500,ARCHROCK INC,Archrock Inc,AROC,stock,Energy
1261,2026-03-30,purchase,"$15,001 - $50,000",32500,LGI HOMES INC,"LGI Homes, Inc.",LGIH,stock,Consumer Discretionary
1262,2026-01-26,purchase,"$15,001 - $50,000",32500,ALKERMES PLC F,Alkermes plc,ALKS,stock,Health Care
1263,2026-03-30,purchase,"$15,001 - $50,000",32500,KEMPER CORP DEL,Kemper Corporation,KMPR,stock,Financials
1264,2026-03-04,purchase,"$15,001 - $50,000",32500,VISHAY INTERTECHNOLOGY I,"Vishay Intertechnology, Inc.",VSH,stock,Information Technology
1265,2026-01-26,purchase,"$15,001 - $50,000",32500,AMERISAFE INC,AmeriSafe Inc,AMSF,stock,Financials
1266,2026-03-04,purchase,"$15,001 - $50,000",32500,URBAN OUTFITTERS INC,Urban Outfitters Inc,URBN,stock,Consumer Discretionary
1267,2026-03-04,purchase,"$15,001 - $50,000",32500,AMENTUM HLDGS INC EQUITY,"Amentum Holdings, Inc.",AMTM,stock,Industrials
1268,2026-03-04,purchase,"$15,001 - $50,000",32500,ENPHASE ENERGY INC,Enphase Energy Inc,ENPH,stock,Information Technology
1269,2026-03-04,purchase,"$15,001 - $50,000",32500,DAUCH CORP,Dauch Corporation,DCH,stock,Industrials
1270,2026-03-04,purchase,"$15,001 - $50,000",32500,NORTHERN OIL & GAS INC,"Northern Oil and Gas, Inc.",NOG,stock,Energy
1271,2026-03-30,purchase,"$15,001 - $50,000",32500,COMSTOCK RES INC,"Comstock Resources, Inc.",CRK,stock,Energy
1272,2026-03-02,purchase,"$15,001 - $50,000",32500,AXON ENTERPRISE INC COM UNSOLICITED,Axon Enterprise Inc,AXON,stock,Industrials
1273,2026-03-02,purchase,"$15,001 - $50,000",32500,MARATHON PETROLEUM CO UNSOLICITED,Marathon Petroleum Corporation,MPC,stock,Energy
1274,2026-03-30,purchase,"$15,001 - $50,000",32500,MATCH GROUP INC NEW,Match Group Inc,MTCH,stock,Communication Services
1275,2026-03-17,purchase,"$15,001 - $50,000",32500,BROADRIDGE FINL SOLUTIONS INC,Broadridge Financial Solutions Inc,BR,stock,Information Technology
1276,2026-02-26,purchase,"$15,001 - $50,000",32500,TRUPANION INC,"Trupanion, Inc.",TRUP,stock,Financials
1277,2026-01-06,purchase,"$15,001 - $50,000",32500,DANAHER CORP,Danaher Corporation,DHR,stock,Health Care
1278,2026-03-02,purchase,"$15,001 - $50,000",32500,COINBASE GLOBAL INC CL A UNSOLICITED,Coinbase Global Inc,COIN,stock,Financials
1279,2026-03-30,purchase,"$15,001 - $50,000",32500,ONESPAWORLD HLDGS LTD F,OneSpaWorld Holdings Limited,OSW,stock,Consumer Discretionary
1280,2026-03-04,purchase,"$15,001 - $50,000",32500,POWER INTEGRATIONS INC,Power Integrations Inc.,POWI,stock,Information Technology
1281,2026-03-17,purchase,"$15,001 - $50,000",32500,LINDE PLC SHS,Linde plc,LIN,stock,Materials
1282,2026-03-02,purchase,"$15,001 - $50,000",32500,KKR & CO INC CL A UNSOLICITED,KKR & Co. Inc.,KKR,stock,Financials
1283,2026-03-30,purchase,"$15,001 - $50,000",32500,LA Z BOY INC,La-Z-Boy Incorporated,LZB,stock,Consumer Discretionary
1284,2026-02-12,purchase,"$15,001 - $50,000",32500,RINGCENTRAL INC CLASS A,"RingCentral, Inc.",RNG,stock,Information Technology
1285,2026-02-26,purchase,"$15,001 - $50,000",32500,ADT INC DEL,ADT Inc,ADT,stock,Industrials
1286,2026-03-02,purchase,"$15,001 - $50,000",32500,DEVON ENERGY CORP NEW UNSOLICITED,Devon Energy Corporation,DVN,stock,Energy
1287,2026-03-02,purchase,"$15,001 - $50,000",32500,FIRSTENERGY CORP UNSOLICITED,FirstEnergy Corp,FE,stock,Utilities
1288,2026-03-04,purchase,"$15,001 - $50,000",32500,BJS RESTAURANTS INC,"BJ's Restaurants, Inc.",BJRI,stock,Consumer Discretionary
1289,2026-01-06,purchase,"$15,001 - $50,000",32500,SNAP ON INC COM,Snap-on Incorporated,SNA,stock,Industrials
1290,2026-03-02,purchase,"$15,001 - $50,000",32500,OLD DOMINION FREIGHT LINES INC UNSOLICITED,Old Dominion Freight Line Inc.,ODFL,stock,Industrials
1291,2026-02-26,purchase,"$15,001 - $50,000",32500,CSW INDUSTRIALS INC,CSW Industrials Inc,CSW,stock,Industrials
1292,2026-03-04,purchase,"$15,001 - $50,000",32500,CELANESE CORP DEL CLASS A,Celanese Corporation,CE,stock,Materials
1293,2026-03-02,purchase,"$15,001 - $50,000",32500,HEWLETT PACKARD ENTERPRISE CO UNSOLICITED,Hewlett Packard Enterprise Company,HPE,stock,Information Technology
1294,2026-03-04,purchase,"$15,001 - $50,000",32500,SCANSOURCE INC,"ScanSource, Inc.",SCSC,stock,Information Technology
1295,2026-03-02,purchase,"$15,001 - $50,000",32500,FAIR ISAAC CORP UNSOLICITED,Fair Isaac Corporation,FICO,stock,Information Technology
1296,2026-03-02,purchase,"$15,001 - $50,000",32500,TEXAS PAC LAND CORP UNSOLICITED,Texas Pacific Land Corporation,TPL,stock,Energy
1297,2026-03-02,purchase,"$15,001 - $50,000",32500,KINDER MORGAN INC UNSOLICITED,"Kinder Morgan, Inc.",KMI,stock,Energy
1298,2026-03-04,purchase,"$15,001 - $50,000",32500,AVISTA CORP,Avista Corporation,AVA,stock,Utilities
1299,2026-03-02,purchase,"$15,001 - $50,000",32500,TRIMBLE INC COM UNSOLICITED,Trimble Inc.,TRMB,stock,Information Technology
1300,2026-03-04,purchase,"$15,001 - $50,000",32500,PATHWARD FINL INC,"Pathward Financial, Inc.",CASH,stock,Financials
1301,2026-03-02,purchase,"$15,001 - $50,000",32500,HUBBELL INC UNSOLICITED,Hubbell Incorporated,HUBB,stock,Industrials
1302,2026-03-02,purchase,"$15,001 - $50,000",32500,GENERAC HLDGS INC UNSOLICITED,Generac Holdings Inc,GNRC,stock,Industrials
1303,2026-03-02,purchase,"$15,001 - $50,000",32500,TRANE TECHNOLOGIES PLC UNSOLICITED,Trane Technologies plc,TT,stock,Industrials
1304,2026-03-02,purchase,"$15,001 - $50,000",32500,ARES MANAGEMENT CORPORATION CL A COM UNSOLICITED,Ares Management Corporation,ARES,stock,Financials
1305,2026-03-02,purchase,"$15,001 - $50,000",32500,NTHN TRUST CORP UNSOLICITED,Northern Trust,NTRS,stock,Financials
1306,2026-03-02,purchase,"$15,001 - $50,000",32500,THE TRADE DESK INC CL A UNSOLICITED,"The Trade Desk, Inc.",TTD,stock,Communication Services
1307,2026-03-02,purchase,"$15,001 - $50,000",32500,FIRST SOLAR INC UNSOLICITED,First Solar Inc,FSLR,stock,Information Technology
1308,2026-03-02,purchase,"$15,001 - $50,000",32500,PTC INC COM UNSOLICITED,PTC Inc.,PTC,stock,Information Technology
1309,2026-02-26,purchase,"$15,001 - $50,000",32500,AMERICAN STS WTR CO,American States Water Company,AWR,stock,Utilities
1310,2026-03-02,purchase,"$15,001 - $50,000",32500,BLOCK INC CL A UNSOLICITED,BLOCK INC A CLASS A,XYZ,stock,Information Technology
1311,2026-03-30,purchase,"$15,001 - $50,000",32500,GLAUKOS CORP,Glaukos Corporation,GKOS,stock,Health Care
1312,2026-03-02,purchase,"$15,001 - $50,000",32500,CSX CORPORATION UNSOLICITED,CSX Corporation,CSX,stock,Industrials
1313,2026-03-02,purchase,"$15,001 - $50,000",32500,CITIGROUP INC UNSOLICITED,Citigroup Inc,C,stock,Financials
1314,2026-03-02,purchase,"$15,001 - $50,000",32500,TAKE-TWO INTERACTIVE SOFTWRE UNSOLICITED,Take-Two Interactive Software Inc,TTWO,stock,Communication Services
1315,2026-03-02,purchase,"$15,001 - $50,000",32500,JOHNSON CTLS INTL PLC UNSOLICITED,Johnson Controls International plc,JCI,stock,Industrials
1316,2026-03-02,purchase,"$15,001 - $50,000",32500,COPART INC UNSOLICITED,"Copart, Inc.",CPRT,stock,Industrials
1317,2026-03-02,purchase,"$15,001 - $50,000",32500,UNION PACIFIC CORP UNSOLICITED,Union Pacific Corporation,UNP,stock,Industrials
1318,2026-01-23,purchase,"$15,001 - $50,000",32500,KRAFT HEINZ CO,The Kraft Heinz Company,KHC,stock,Consumer Staples
1319,2026-03-02,purchase,"$15,001 - $50,000",32500,AMETEK INC (NEW) UNSOLICITED,AMETEK Inc,AME,stock,Industrials
1320,2026-03-02,purchase,"$15,001 - $50,000",32500,GARMIN LTD SHS UNSOLICITED,Garmin Ltd,GRMN,stock,Consumer Discretionary
1321,2026-03-02,purchase,"$15,001 - $50,000",32500,SCHWAB CHARLES CORP NEW UNSOLICITED,The Charles Schwab Corporation,SCHW,stock,Financials
1322,2026-03-02,purchase,"$15,001 - $50,000",32500,MORGAN STANLEY UNSOLICITED,Morgan Stanley,MS,stock,Financials
1323,2026-02-26,purchase,"$15,001 - $50,000",32500,PRA GROUP INC,PRA Group Inc.,PRAA,stock,Financials
1324,2026-03-02,purchase,"$15,001 - $50,000",32500,PG & E CORP (HOLDING COMPANY) UNSOLICITED,PG&E Corporation,PCG,stock,Utilities
1325,2026-03-04,purchase,"$15,001 - $50,000",32500,BOISE CASCADE CO,Boise Cascade Company,BCC,stock,Materials
1326,2026-02-26,purchase,"$15,001 - $50,000",32500,COVISTA INC,Covista Inc,CVSA,stock,Consumer Discretionary
1327,2026-03-02,purchase,"$15,001 - $50,000",32500,REGENERON PHARMACEUTICALS INC UNSOLICITED,"Regeneron Pharmaceuticals, Inc.",REGN,stock,Health Care
1328,2026-02-26,purchase,"$15,001 - $50,000",32500,SHUTTERSTOCK INC MERGER ELECTION EXP: 03/31/26,Shutterstock Inc,SSTK,stock,Communication Services
1329,2026-03-02,purchase,"$15,001 - $50,000",32500,DOORDASH INC CL A UNSOLICITED,DoorDash Inc.,DASH,stock,Consumer Discretionary
1330,2026-03-02,purchase,"$15,001 - $50,000",32500,WEC ENERGY GROUP INC COM UNSOLICITED,WEC Energy Group Inc,WEC,stock,Utilities
1331,2026-03-02,purchase,"$15,001 - $50,000",32500,STRYKER CORP UNSOLICITED,Stryker Corporation,SYK,stock,Health Care
1332,2026-03-02,purchase,"$15,001 - $50,000",32500,AMER ELECTRIC POWER CO UNSOLICITED,"American Electric Power Company, Inc.",AEP,stock,Utilities
1333,2026-03-02,purchase,"$15,001 - $50,000",32500,EXPEDITORS INTL WASH INC UNSOLICITED,Expeditors International of Washington,EXPD,stock,Industrials
1334,2026-01-26,purchase,"$15,001 - $50,000",32500,LIVERAMP HLDGS INC,"LiveRamp Holdings, Inc.",RAMP,stock,Information Technology
1335,2026-03-02,purchase,"$15,001 - $50,000",32500,MSCI INC UNSOLICITED,MSCI Inc,MSCI,stock,Financials
1336,2026-03-02,purchase,"$15,001 - $50,000",32500,CBOE GLOBAL MARKETS INC UNSOLICITED,Cboe Global Markets Inc.,CBOE,stock,Financials
1337,2026-03-02,purchase,"$15,001 - $50,000",32500,ZEBRA TECHNOLOGIES CORP CL A UNSOLICITED,Zebra Technologies Corporation,ZBRA,stock,Information Technology
1338,2026-03-02,purchase,"$15,001 - $50,000",32500,MODERNA INC UNSOLICITED,"Moderna, Inc.",MRNA,stock,Health Care
1339,2026-03-02,purchase,"$15,001 - $50,000",32500,FEDEX CORP UNSOLICITED,FedEx Corporation,FDX,stock,Industrials
1340,2026-03-02,purchase,"$15,001 - $50,000",32500,EDISON INTL UNSOLICITED,Edison International,EIX,stock,Utilities
1341,2026-03-02,purchase,"$15,001 - $50,000",32500,EPAM SYSTEMS INC UNSOLICITED,EPAM Systems Inc,EPAM,stock,Information Technology
1342,2026-03-02,purchase,"$15,001 - $50,000",32500,FORTIVE CORP UNSOLICITED,Fortive Corporation,FTV,stock,Industrials
1343,2026-01-26,purchase,"$15,001 - $50,000",32500,BEACON FINL CORP,Beacon Financial Corporation,BBT,stock,Financials
1344,2026-03-02,purchase,"$15,001 - $50,000",32500,NRG ENERGY INC NEW UNSOLICITED,"NRG Energy, Inc.",NRG,stock,Utilities
1345,2026-03-02,purchase,"$15,001 - $50,000",32500,PAYPAL HOLDINGS INC UNSOLICITED,"PayPal Holdings, Inc.",PYPL,stock,Financials
1346,2026-03-02,purchase,"$15,001 - $50,000",32500,AIRBNB INC CL A UNSOLICITED,Airbnb Inc,ABNB,stock,Consumer Discretionary
1347,2026-03-02,purchase,"$15,001 - $50,000",32500,CUMMINS INC UNSOLICITED,Cummins Inc,CMI,stock,Industrials
1348,2026-03-02,purchase,"$15,001 - $50,000",32500,VERTEX PHARMACEUTICAL INC UNSOLICITED,Vertex Pharmaceuticals Incorporated,VRTX,stock,Health Care
1349,2026-03-02,purchase,"$15,001 - $50,000",32500,ACCENTURE PLC IRELAND CL A UNSOLICITED,Accenture plc,ACN,stock,Information Technology
1350,2026-03-02,purchase,"$15,001 - $50,000",32500,APTIV PLC UNSOLICITED,Aptiv PLC,APTV,stock,Consumer Discretionary
1351,2026-03-02,purchase,"$15,001 - $50,000",32500,UNITED PARCEL SERVICE INC CL B UNSOLICITED,United Parcel Service Inc,UPS,stock,Industrials
1352,2026-03-02,purchase,"$15,001 - $50,000",32500,PFIZER INC UNSOLICITED,Pfizer Inc.,PFE,stock,Health Care
1353,2026-03-02,purchase,"$15,001 - $50,000",32500,ABBOTT LABS UNSOLICITED,Abbott Laboratories,ABT,stock,Health Care
1354,2026-03-02,purchase,"$15,001 - $50,000",32500,SUPER MICRO COMPUTER INC UNSOLICITED,Super Micro Computer Inc,SMCI,stock,Information Technology
1355,2026-03-02,purchase,"$15,001 - $50,000",32500,NIKE INC CL B UNSOLICITED,Nike Inc.,NKE,stock,Consumer Discretionary
1356,2026-03-30,purchase,"$15,001 - $50,000",32500,TRIPADVISOR INC,"Tripadvisor, Inc.",TRIP,stock,Communication Services
1357,2026-03-02,purchase,"$15,001 - $50,000",32500,WILLIAMS SONOMA INC UNSOLICITED,"Williams-Sonoma, Inc.",WSM,stock,Consumer Discretionary
1358,2026-03-30,purchase,"$15,001 - $50,000",32500,SUN CTRY AIRLS HLDGS INC,Sun Country Airlines Holdings Inc,SNCY,stock,Industrials
1359,2026-03-02,purchase,"$15,001 - $50,000",32500,DECKERS OUTDOOR CORP UNSOLICITED,Deckers Outdoor Corporation,DECK,stock,Consumer Discretionary
1360,2026-03-02,purchase,"$15,001 - $50,000",32500,MOODY'S CORP UNSOLICITED,Moody's Corporation,MCO,stock,Financials
1361,2026-03-02,purchase,"$15,001 - $50,000",32500,HP INC UNSOLICITED,HP Inc.,HPQ,stock,Information Technology
1362,2026-01-23,purchase,"$15,001 - $50,000",32500,PALO ALTO NETWORKS INC,"Palo Alto Networks, Inc.",PANW,stock,Information Technology
1363,2026-03-02,purchase,"$15,001 - $50,000",32500,DANAHER CORP UNSOLICITED,Danaher Corporation,DHR,stock,Health Care
1364,2026-03-04,purchase,"$15,001 - $50,000",32500,JETBLUE AWYS CORP EQUITY CLASS EQUITY,JetBlue Airways Corporation,JBLU,stock,Industrials
1365,2026-01-23,purchase,"$15,001 - $50,000",32500,KIMBERLY CLARK CORP,Kimberly-Clark Corporation,KMB,stock,Consumer Staples
1366,2026-03-04,purchase,"$15,001 - $50,000",32500,BANK HAWAII CORP,Bank of Hawaii Corporation,BOH,stock,Financials
1367,2026-01-23,purchase,"$15,001 - $50,000",32500,COMCAST CORP CL A,Comcast Corp,CMCSA,stock,Communication Services
1368,2026-03-02,purchase,"$15,001 - $50,000",32500,CARVANA CO CL A UNSOLICITED,Carvana Co.,CVNA,stock,Consumer Discretionary
1369,2026-03-30,purchase,"$15,001 - $50,000",32500,CITY HLDG CO,City Holding Co,CHCO,stock,Financials
1370,2026-03-30,purchase,"$15,001 - $50,000",32500,LYFT INC CLASS A,"Lyft, Inc.",LYFT,stock,Industrials
1371,2026-03-02,purchase,"$15,001 - $50,000",32500,WATERS CORP UNSOLICITED,Waters Corporation,WAT,stock,Health Care
1372,2026-02-26,purchase,"$15,001 - $50,000",32500,PATTERSON-UTI ENERGY INC,"Patterson-UTI Energy, Inc.",PTEN,stock,Energy
1373,2026-03-02,purchase,"$15,001 - $50,000",32500,VISTRA CORP UNSOLICITED,Vistra Corp.,VST,stock,Utilities
1374,2026-03-02,purchase,"$15,001 - $50,000",32500,GE HEALTHCARE TECHNOLOGIES INC UNSOLICITED,GE HealthCare Technologies Inc,GEHC,stock,Health Care
1375,2026-03-02,purchase,"$15,001 - $50,000",32500,LULULEMON ATHLETICA INC UNSOLICITED,Lululemon Athletica Inc.,LULU,stock,Consumer Discretionary
1376,2026-03-04,purchase,"$15,001 - $50,000",32500,MACERICH CO REIT,Macerich Company,MAC,stock,Real Estate
1377,2026-01-23,purchase,"$15,001 - $50,000",32500,KENVUE INC,Kenvue Inc,KVUE,stock,Consumer Discretionary
1378,2026-03-02,purchase,"$15,001 - $50,000",32500,FORD MOTOR CO COM UNSOLICITED,Ford Motor Company,F,stock,Consumer Discretionary
1379,2026-03-23,purchase,"$15,001 - $50,000",32500,KEMPER CORP DEL,Kemper Corporation,KMPR,stock,Financials
1380,2026-03-17,purchase,"$15,001 - $50,000",32500,VERIZON COMMUNICATIONS INC,Verizon Communications Inc.,VZ,stock,Communication Services
1381,2026-01-26,purchase,"$15,001 - $50,000",32500,PHILLIPS EDISON & CO INC,Phillips Edison & Company Inc.,PECO,stock,Real Estate
1382,2026-03-30,purchase,"$15,001 - $50,000",32500,APPLE HOSPITALITY REIT I REIT,Apple Hospitality REIT Inc,APLE,stock,Real Estate
1383,2026-01-23,purchase,"$15,001 - $50,000",32500,ROPER TECHNOLOGIES INC,"Roper Technologies, Inc.",ROP,stock,Industrials
1384,2026-03-30,purchase,"$15,001 - $50,000",32500,MERCHANTS BANCORP IND,Merchants Bancorp,MBIN,stock,Financials
1385,2026-03-04,purchase,"$15,001 - $50,000",32500,WORLD KINECT CORP,World Kinect Corporation,WKC,stock,Energy
1386,2026-03-04,purchase,"$15,001 - $50,000",32500,ADEIA INC,Adeia Inc,ADEA,stock,Information Technology
1387,2026-02-26,purchase,"$15,001 - $50,000",32500,BLOOMIN BRANDS INC,"Bloomin' Brands, Inc.",BLMN,stock,Consumer Discretionary
1388,2026-03-17,purchase,"$15,001 - $50,000",32500,BROADCOM INC,Broadcom Inc,AVGO,stock,Information Technology
1389,2026-03-23,purchase,"$15,001 - $50,000",32500,BROADCOM INC,Broadcom Inc,AVGO,stock,Information Technology
1390,2026-01-22,purchase,"$15,001 - $50,000",32500,CHEVRON CORP,Chevron Corporation,CVX,stock,Energy
1391,2026-02-26,purchase,"$15,001 - $50,000",32500,VITAL FARMS INC,"Vital Farms, Inc.",VITL,stock,Consumer Staples
1392,2026-01-23,purchase,"$15,001 - $50,000",32500,TEXAS INSTRUMENTS INC,Texas Instruments Incorporated,TXN,stock,Information Technology
1393,2026-03-04,purchase,"$15,001 - $50,000",32500,BGC GROUP INC CLASS A,"BGC Group, Inc.",BGC,stock,Financials
1394,2026-01-22,purchase,"$15,001 - $50,000",32500,PAYCHEX INC,"Paychex, Inc.",PAYX,stock,Industrials
1395,2026-01-22,purchase,"$15,001 - $50,000",32500,UNITED PARCEL SERVICE INC CL B,United Parcel Service Inc,UPS,stock,Industrials
1396,2026-02-23,purchase,"$15,001 - $50,000",32500,VISA INC CLASS A,Visa Inc.,V,stock,Financials
1397,2026-01-22,purchase,"$15,001 - $50,000",32500,AMGEN INC,Amgen Inc.,AMGN,stock,Health Care
1398,2026-03-26,purchase,"$15,001 - $50,000",32500,MICROSOFT CORP,Microsoft Corporation,MSFT,stock,Information Technology
1399,2026-01-22,purchase,"$15,001 - $50,000",32500,HOME DEPOT INC,The Home Depot Inc.,HD,stock,Consumer Discretionary
1400,2026-03-04,purchase,"$15,001 - $50,000",32500,MILLROSE PPTYS INC CLASS A,Millrose Properties Inc,MRP,stock,Real Estate
1401,2026-01-26,purchase,"$15,001 - $50,000",32500,SCHRODINGER INC,"Schrodinger, Inc.",SDGR,stock,Health Care
1402,2026-03-04,purchase,"$15,001 - $50,000",32500,AMPHASTAR PHARMACEUTICAL,"Amphastar Pharmaceuticals, Inc.",AMPH,stock,Health Care
1403,2026-03-04,purchase,"$15,001 - $50,000",32500,ADMA BIOLOGICS INC,ADMA Biologics Inc,ADMA,stock,Health Care
1404,2026-02-26,purchase,"$15,001 - $50,000",32500,ANGI INC CLASS A,Angi Inc,ANGI,stock,Communication Services
1405,2026-03-30,purchase,"$15,001 - $50,000",32500,ARGAN INC,Argan Inc,AGX,stock,Industrials
1406,2026-03-30,purchase,"$15,001 - $50,000",32500,WISDOMTREE INC,"WisdomTree, Inc.",WT,stock,Financials
1407,2026-03-30,purchase,"$15,001 - $50,000",32500,YELP INC,Yelp Inc,YELP,stock,Communication Services
1408,2026-02-12,purchase,"$15,001 - $50,000",32500,ONESPAWORLD HLDGS LTD F,OneSpaWorld Holdings Limited,OSW,stock,Consumer Discretionary
1409,2026-03-04,purchase,"$15,001 - $50,000",32500,PITNEY BOWES INC,Pitney Bowes Inc.,PBI,stock,Industrials
1410,2026-03-30,purchase,"$15,001 - $50,000",32500,INSPERITY INC,"Insperity, Inc.",NSP,stock,Industrials
1411,2026-01-23,purchase,"$15,001 - $50,000",32500,KINDER MORGAN INC DE,"Kinder Morgan, Inc.",KMI,stock,Energy
1412,2026-02-26,purchase,"$15,001 - $50,000",32500,STEPAN CO,Stepan Company,SCL,stock,Materials
1413,2026-03-04,purchase,"$15,001 - $50,000",32500,SITIME CORP,SiTime Corporation,SITM,stock,Information Technology
1414,2026-02-02,purchase,"$15,001 - $50,000",32500,ITRON INC EQUITY CLASS EQUITY,Itron Inc,ITRI,stock,Information Technology
1415,2026-03-23,purchase,"$15,001 - $50,000",32500,META PLATFORMS INC CLASS A,Meta Platforms Inc,META,stock,Communication Services
1416,2026-01-06,purchase,"$15,001 - $50,000",32500,APPLOVIN CORP COM CL A,AppLovin Corporation,APP,stock,Communication Services
1417,2026-03-04,purchase,"$15,001 - $50,000",32500,ARMSTRONG WORLD INDS INC,Armstrong World Industries Inc,AWI,stock,Industrials
1418,2026-03-04,purchase,"$15,001 - $50,000",32500,VICOR CORP,Vicor Corporation,VICR,stock,Information Technology
1419,2026-01-26,purchase,"$15,001 - $50,000",32500,A10 NETWORKS INC,A10 Networks Inc,ATEN,stock,Information Technology
1420,2026-01-23,purchase,"$15,001 - $50,000",32500,DOORDASH INC CL A,DoorDash Inc.,DASH,stock,Consumer Discretionary
1421,2026-03-04,purchase,"$15,001 - $50,000",32500,CRESCENT ENERGY CO CLASS A,Crescent Energy Company,CRGY,stock,Energy
1422,2026-02-02,purchase,"$15,001 - $50,000",32500,SM ENERGY CO,SM Energy Company,SM,stock,Energy
1423,2026-03-04,purchase,"$15,001 - $50,000",32500,PJT PARTNERS INC CLASS A,PJT Partners Inc.,PJT,stock,Financials
1424,2026-03-04,purchase,"$15,001 - $50,000",32500,XPEL INC,XPEL Inc,XPEL,stock,Consumer Discretionary
1425,2026-03-17,purchase,"$15,001 - $50,000",32500,LUMENTUM HOLDINGS INC,Lumentum Holdings Inc.,LITE,stock,Information Technology
1426,2026-01-06,purchase,"$15,001 - $50,000",32500,ON SEMICONDUCTOR CORP,ON Semiconductor Corporation,ON,stock,Information Technology
1427,2026-03-30,purchase,"$15,001 - $50,000",32500,ASTRANA HEALTH INC,Astrana Health Inc,ASTH,stock,Health Care
1428,2026-01-26,purchase,"$15,001 - $50,000",32500,N-ABLE INC,N-able Inc,NABL,stock,Information Technology
1429,2026-03-30,purchase,"$15,001 - $50,000",32500,LAUREATE ED INC,"Laureate Education, Inc.",LAUR,stock,Consumer Discretionary
1430,2026-03-17,purchase,"$15,001 - $50,000",32500,META PLATFORMS INC CLASS A,Meta Platforms Inc,META,stock,Communication Services
1431,2026-03-30,purchase,"$15,001 - $50,000",32500,MONRO INC,Monro Inc,MNRO,stock,Consumer Discretionary
1432,2026-03-30,purchase,"$15,001 - $50,000",32500,MEDICAL PPTYS TR INC REIT,Medical Properties Trust Inc,MPT,stock,Real Estate
1433,2026-02-26,purchase,"$15,001 - $50,000",32500,LKQ CORP,LKQ Corporation,LKQ,stock,Consumer Discretionary
1434,2026-03-17,purchase,"$15,001 - $50,000",32500,GENERAC HLDGS INC,Generac Holdings Inc,GNRC,stock,Industrials
1435,2026-01-26,purchase,"$15,001 - $50,000",32500,INSPIRE MED SYS INC,"Inspire Medical Systems, Inc.",INSP,stock,Health Care
1436,2026-03-04,purchase,"$15,001 - $50,000",32500,SIX FLAGS ENTMNT CORP CLASS EQUITY,Six Flags Entertainment Corporation,FUN,stock,Consumer Discretionary
1437,2026-03-17,purchase,"$15,001 - $50,000",32500,UNITEDHEALTH GROUP INC,UnitedHealth Group Inc,UNH,stock,Health Care
1438,2026-01-30,purchase,"$15,001 - $50,000",32500,RALLIANT CORP,Ralliant Corp,RAL,stock,Information Technology
1439,2026-03-30,purchase,"$15,001 - $50,000",32500,ZIFF DAVIS INC,Ziff Davis Inc,ZD,stock,Communication Services
1440,2026-03-30,purchase,"$15,001 - $50,000",32500,COGENT COMMUNICATIONS HL,Cogent Communications Holdings Inc,CCOI,stock,Communication Services
1441,2026-02-26,purchase,"$15,001 - $50,000",32500,MOELIS & CO CLASS A,Moelis & Company,MC,stock,Financials
1442,2026-03-04,purchase,"$15,001 - $50,000",32500,BANCFIRST CORP,BancFirst Corporation,BANF,stock,Financials
1443,2026-01-23,purchase,"$15,001 - $50,000",32500,DOMINION ENERGY INC,"Dominion Energy, Inc.",D,stock,Utilities
1444,2026-03-04,purchase,"$15,001 - $50,000",32500,RXO INC,RXO Inc.,RXO,stock,Industrials
1445,2026-02-02,purchase,"$15,001 - $50,000",32500,RALLIANT CORP,Ralliant Corp,RAL,stock,Information Technology
1446,2026-03-04,purchase,"$15,001 - $50,000",32500,LXP INDUSTRIAL TRUST REI,LXP Industrial Trust,LXP,stock,Real Estate
1447,2026-03-04,purchase,"$15,001 - $50,000",32500,UPBOUND GROUP INC,Upbound Group Inc,UPBD,stock,Consumer Discretionary
1448,2026-03-04,purchase,"$15,001 - $50,000",32500,CARMAX INC,CarMax Inc,KMX,stock,Consumer Discretionary
1449,2026-03-04,purchase,"$15,001 - $50,000",32500,QUIDELORTHO CORP,QuidelOrtho Corporation,QDEL,stock,Health Care
1450,2026-03-04,purchase,"$15,001 - $50,000",32500,CHEESECAKE FACTORY INC.,The Cheesecake Factory Incorporated,CAKE,stock,Consumer Discretionary
1451,2026-03-30,purchase,"$15,001 - $50,000",32500,BRIGHTSPRING HEALTH SVCS,"BrightSpring Health Services, Inc.",BTSG,stock,Health Care
1452,2026-02-10,purchase,"$15,001 - $50,000",32500,BUNGE GLOBAL SA COM SHS,Bunge Global SA,BG,stock,Consumer Staples
1453,2026-02-12,purchase,"$15,001 - $50,000",32500,ICHOR HLDGS LTD F,Ichor Holdings Ltd.,ICHR,stock,Information Technology
1454,2026-03-04,purchase,"$15,001 - $50,000",32500,PEDIATRIX MEDICAL GR,"Pediatrix Medical Group, Inc.",MD,stock,Health Care
1455,2026-03-04,purchase,"$15,001 - $50,000",32500,CORE NAT RES INC,"Core Natural Resources, Inc.",CNR,stock,Energy
1456,2026-03-30,purchase,"$15,001 - $50,000",32500,NEWELL BRANDS INC,Newell Brands Inc.,NWL,stock,Consumer Discretionary
1457,2026-02-02,purchase,"$15,001 - $50,000",32500,LEGALZOOM COM INC,"LegalZoom.com, Inc.",LZ,stock,Industrials
1458,2026-03-04,purchase,"$15,001 - $50,000",32500,STEWART INFORMATION SVCS,Stewart Information Services Corporation,STC,stock,Financials
1459,2026-03-04,purchase,"$15,001 - $50,000",32500,CINEMARK HLDGS INC,Cinemark Holdings Inc,CNK,stock,Communication Services
1460,2026-01-26,purchase,"$15,001 - $50,000",32500,HARMONY BIOSCIENCES HLDG,"Harmony Biosciences Holdings, Inc.",HRMY,stock,Health Care
1461,2026-03-30,purchase,"$15,001 - $50,000",32500,LAMB WESTON HLDGS INC,"Lamb Weston Holdings, Inc.",LW,stock,Consumer Staples
1462,2026-01-26,purchase,"$15,001 - $50,000",32500,MARCUS & MILLICHAP INC,"Marcus & Millichap, Inc.",MMI,stock,Real Estate
1463,2026-03-04,purchase,"$15,001 - $50,000",32500,KINETIK HLDGS INC CLASS A,Kinetik Holdings Inc.,KNTK,stock,Energy
1464,2026-03-04,purchase,"$15,001 - $50,000",32500,LIQUIDITY SVCS INC,"Liquidity Services, Inc.",LQDT,stock,Industrials
1465,2026-01-26,purchase,"$15,001 - $50,000",32500,SM ENERGY CO,SM Energy Company,SM,stock,Energy
1466,2026-03-04,purchase,"$15,001 - $50,000",32500,ENERGIZER HLDGS INC NEW,Energizer Holdings Inc.,ENR,stock,Consumer Staples
1467,2026-03-30,purchase,"$15,001 - $50,000",32500,SOUTHSIDE BANCSHARES INC,Southside Bancshares Inc,SBSI,stock,Financials
1468,2026-03-04,purchase,"$15,001 - $50,000",32500,MARKETAXESS HLDGS INC,MarketAxess Holdings Inc.,MKTX,stock,Financials
1469,2026-03-04,purchase,"$15,001 - $50,000",32500,SYLVAMO CORP,Sylvamo Corporation,SLVM,stock,Materials
1470,2026-03-30,purchase,"$15,001 - $50,000",32500,UNIFIRST CORP MASS,UniFirst Corporation,UNF,stock,Industrials
1471,2026-03-04,purchase,"$15,001 - $50,000",32500,MILLERKNOLL INC,MillerKnoll Inc,MLKN,stock,Industrials
1472,2026-01-26,purchase,"$15,001 - $50,000",32500,MATSON INC,Matson Inc,MATX,stock,Industrials
1473,2026-03-30,purchase,"$15,001 - $50,000",32500,TWO HARBORS INVESTME,Two Harbors Investment Corp.,TWO,stock,Financials
1474,2026-01-23,purchase,"$15,001 - $50,000",32500,O REILLY AUTOMOTIVE INC,O'Reilly Automotive Inc.,ORLY,stock,Consumer Discretionary
1475,2026-03-04,purchase,"$15,001 - $50,000",32500,BOX INC CLASS A,"Box, Inc.",BOX,stock,Information Technology
1476,2026-03-04,purchase,"$15,001 - $50,000",32500,REDWOOD TR INC REIT,"Redwood Trust, Inc.",RWT,stock,Financials
1477,2026-03-04,purchase,"$15,001 - $50,000",32500,WILLSCOT HOLDINGS CO A CLASS A,WillScot Holdings Corporation,WSC,stock,Industrials
1478,2026-02-12,purchase,"$15,001 - $50,000",32500,MERCHANTS BANCORP IND,Merchants Bancorp,MBIN,stock,Financials
1479,2026-02-26,purchase,"$15,001 - $50,000",32500,OTTER TAIL CORP,Otter Tail Corporation,OTTR,stock,Utilities
1480,2026-02-23,purchase,"$15,001 - $50,000",32500,BERKSHIRE HATHAWAY CLASS B,Berkshire Hathaway Inc.,BRK.B,stock,Financials
1481,2026-01-06,purchase,"$15,001 - $50,000",32500,MARTIN MARIETTA MATLS INC,"Martin Marietta Materials, Inc.",MLM,stock,Materials
1482,2026-02-26,purchase,"$15,001 - $50,000",32500,DAVE & BUSTERS ENTMT INC,"Dave & Buster's Entertainment, Inc.",PLAY,stock,Consumer Discretionary
1483,2026-01-23,purchase,"$15,001 - $50,000",32500,KIMBERLY CLARK CORP,Kimberly-Clark Corporation,KMB,stock,Consumer Staples
1484,2026-03-04,purchase,"$15,001 - $50,000",32500,TG THERAPEUTICS INC,"TG Therapeutics, Inc.",TGTX,stock,Health Care
1485,2026-01-23,purchase,"$15,001 - $50,000",32500,INTUIT INC,Intuit Inc.,INTU,stock,Information Technology
1486,2026-03-04,purchase,"$15,001 - $50,000",32500,BREAD FINL HOLDINGS,"Bread Financial Holdings, Inc.",BFH,stock,Financials
1487,2026-03-04,purchase,"$15,001 - $50,000",32500,EMPLOYERS HLDGS INC,Employers Holdings Inc.,EIG,stock,Financials
1488,2026-03-04,purchase,"$15,001 - $50,000",32500,MARTEN TRANS LTD,"Marten Transport, Ltd.",MRTN,stock,Industrials
1489,2026-03-04,purchase,"$15,001 - $50,000",32500,GEO GROUP INC NEW REIT,The GEO Group Inc,GEO,stock,Real Estate
1490,2026-03-04,purchase,"$15,001 - $50,000",32500,AMERICAN WOODMARK CORP,American Woodmark Corporation,AMWD,stock,Industrials
1491,2026-03-04,purchase,"$15,001 - $50,000",32500,PROGYNY INC,Progyny Inc.,PGNY,stock,Health Care
1492,2026-03-04,purchase,"$15,001 - $50,000",32500,PRIVIA HEALTH GROUP INC,Privia Health Group Inc.,PRVA,stock,Health Care
1493,2026-03-04,purchase,"$15,001 - $50,000",32500,COMMUNITY FINL SYS INC,"Community Financial System, Inc.",CBU,stock,Financials
1494,2026-03-04,purchase,"$15,001 - $50,000",32500,VERSANT MEDIA GROUP INC,Versant Media Group Inc.,VSNT,stock,Communication Services
1495,2026-03-30,purchase,"$15,001 - $50,000",32500,PROG HLDGS INC,PROG Holdings Inc.,PRG,stock,Financials
1496,2026-03-04,purchase,"$15,001 - $50,000",32500,MOELIS & CO CLASS A,Moelis & Company,MC,stock,Financials
1497,2026-03-04,purchase,"$15,001 - $50,000",32500,ALARM COM HLDGS INC,"Alarm.com Holdings, Inc.",ALRM,stock,Information Technology
1498,2026-03-04,purchase,"$15,001 - $50,000",32500,UNITED CMNTY BK BLAIRSVI,United Community Banks Inc,UCB,stock,Financials
1499,2026-03-04,purchase,"$15,001 - $50,000",32500,BANNER CORP,Banner Corporation,BANR,stock,Financials
1500,2026-03-04,purchase,"$15,001 - $50,000",32500,INSIGHT ENTERPRISES INC,"Insight Enterprises, Inc.",NSIT,stock,Information Technology
1501,2026-03-26,purchase,"$15,001 - $50,000",32500,MASTERCARD INC CLASS A,Mastercard Incorporated,MA,stock,Financials
1502,2026-03-04,purchase,"$15,001 - $50,000",32500,BANC CALIF INC,Banc of California Inc,BANC,stock,Financials
1503,2026-03-04,purchase,"$15,001 - $50,000",32500,PENGUIN SOLUTIONS INC DE,"Penguin Solutions, Inc.",PENG,stock,Information Technology
1504,2026-03-04,purchase,"$15,001 - $50,000",32500,RADNET INC,"RadNet, Inc.",RDNT,stock,Health Care
1505,2026-03-04,purchase,"$15,001 - $50,000",32500,FIRST BANCORP P R F,First BanCorp,FBP,stock,Financials
1506,2026-03-04,purchase,"$15,001 - $50,000",32500,ORGANON & CO,Organon & Co.,OGN,stock,Health Care
1507,2026-03-04,purchase,"$15,001 - $50,000",32500,TELEFLEX INC,Teleflex Incorporated,TFX,stock,Health Care
1508,2026-03-04,purchase,"$15,001 - $50,000",32500,OPENLANE INC,Openlane Inc.,OPLN,stock,Industrials
1509,2026-03-04,purchase,"$15,001 - $50,000",32500,ADDUS HOMECARE CORP,Addus HomeCare Corporation,ADUS,stock,Health Care
1510,2026-03-04,purchase,"$15,001 - $50,000",32500,BEACON FINL CORP,Beacon Financial Corporation,BBT,stock,Financials
1511,2026-03-04,purchase,"$15,001 - $50,000",32500,GENTHERM INC,Gentherm Inc,THRM,stock,Consumer Discretionary
1512,2026-03-04,purchase,"$15,001 - $50,000",32500,BADGER METER INC,Badger Meter Inc,BMI,stock,Industrials
1513,2026-03-04,purchase,"$15,001 - $50,000",32500,PROGRESS SOFTWARE CORP,Progress Software Corporation,PRGS,stock,Information Technology
1514,2026-03-04,purchase,"$15,001 - $50,000",32500,DOUBLEVERIFY HLDGS INC,DoubleVerify Holdings Inc.,DV,stock,Communication Services
1515,2026-03-04,purchase,"$15,001 - $50,000",32500,ARMOUR RESIDENTIAL REIT,ARMOUR Residential REIT Inc,ARR,stock,Financials
1516,2026-03-04,purchase,"$15,001 - $50,000",32500,NTNL BK HLDGS CORP A CLASS A,National Bank Holdings Corporation,NBHC,stock,Financials
1517,2026-03-04,purchase,"$15,001 - $50,000",32500,HCI GROUP INC,HCI Group Inc,HCI,stock,Financials
1518,2026-03-04,purchase,"$15,001 - $50,000",32500,CORCEPT THERAPEUTICS INC,Corcept Therapeutics Incorporated,CORT,stock,Health Care
1519,2026-03-04,purchase,"$15,001 - $50,000",32500,MAGNOLIA OIL & GAS CORP CLASS A,Magnolia Oil & Gas Corporation,MGY,stock,Energy
1520,2026-03-04,purchase,"$15,001 - $50,000",32500,WINMARK CORP,Winmark Corporation,WINA,stock,Consumer Discretionary
1521,2026-03-04,purchase,"$15,001 - $50,000",32500,CHAMPION HOMES INC,Champion Homes Inc.,SKY,stock,Consumer Discretionary
1522,2026-03-04,purchase,"$15,001 - $50,000",32500,CSG SYS INTL INC,CSG Systems International Inc,CSGS,stock,Information Technology
1523,2026-03-04,purchase,"$15,001 - $50,000",32500,CHEFS WARE INC,Chef's Warehouse Inc.,CHEF,stock,Consumer Staples
1524,2026-03-04,purchase,"$15,001 - $50,000",32500,RADIAN GROUP INC,Radian Group Inc.,RDN,stock,Financials
1525,2026-03-04,purchase,"$15,001 - $50,000",32500,CLEANSPARK INC,CleanSpark Inc,CLSK,stock,Information Technology
1526,2026-03-04,purchase,"$15,001 - $50,000",32500,PATRICK INDS INC,"Patrick Industries, Inc.",PATK,stock,Industrials
1527,2026-03-04,purchase,"$15,001 - $50,000",32500,UNDER ARMOUR INC CLASS A,"Under Armour, Inc.",UAA,stock,Consumer Discretionary
1528,2026-03-04,purchase,"$15,001 - $50,000",32500,ADVANCE AUTO PTS INC,Advance Auto Parts Inc,AAP,stock,Consumer Discretionary
1529,2026-03-04,purchase,"$15,001 - $50,000",32500,PARK NATL CORP,Park National Corporation,PRK,stock,Financials
1530,2026-03-04,purchase,"$15,001 - $50,000",32500,CSW INDUSTRIALS INC,CSW Industrials Inc,CSW,stock,Industrials
1531,2026-03-04,purchase,"$15,001 - $50,000",32500,NEOGENOMICS INC,"NeoGenomics, Inc.",NEO,stock,Health Care
1532,2026-03-04,purchase,"$15,001 - $50,000",32500,AXCELIS TECHNOLOGIES INC,Axcelis Technologies Inc,ACLS,stock,Information Technology
1533,2026-03-04,purchase,"$15,001 - $50,000",32500,SAREPTA THERAPEUTICS INC,"Sarepta Therapeutics, Inc.",SRPT,stock,Health Care
1534,2026-03-04,purchase,"$15,001 - $50,000",32500,CAVCO INDS INC DEL,Cavco Industries Inc.,CVCO,stock,Consumer Discretionary
1535,2026-03-04,purchase,"$15,001 - $50,000",32500,FRESHPET INC,Freshpet Inc,FRPT,stock,Consumer Staples
1536,2026-03-04,purchase,"$15,001 - $50,000",32500,HAYWARD HLDGS INC,Hayward Holdings Inc,HAYW,stock,Industrials
1537,2026-03-04,purchase,"$15,001 - $50,000",32500,WD 40 CO,WD-40 Company,WDFC,stock,Materials
1538,2026-03-04,purchase,"$15,001 - $50,000",32500,STEPAN CO,Stepan Company,SCL,stock,Materials
1539,2026-03-04,purchase,"$15,001 - $50,000",32500,PIPER SANDLER COMPANIES,Piper Sandler Companies,PIPR,stock,Financials
1540,2026-03-04,purchase,"$15,001 - $50,000",32500,GATES INDL CORP PLC F,Gates Industrial Corporation plc,GTES,stock,Industrials
1541,2026-03-04,purchase,"$15,001 - $50,000",32500,UNITI GROUP INC NEW,Uniti Group Inc,UNIT,stock,Real Estate
1542,2026-03-04,purchase,"$15,001 - $50,000",32500,SEZZLE INC,Sezzle Inc,SEZL,stock,Financials
1543,2026-03-04,purchase,"$15,001 - $50,000",32500,AVANOS MED INC,Avanos Medical Inc,AVNS,stock,Health Care
1544,2026-03-04,purchase,"$15,001 - $50,000",32500,WOLVERINE WORLD WIDE INC,"Wolverine World Wide, Inc.",WWW,stock,Consumer Discretionary
1545,2026-03-04,purchase,"$15,001 - $50,000",32500,SANMINA CORP,Sanmina Corporation,SANM,stock,Information Technology
1546,2026-03-04,purchase,"$15,001 - $50,000",32500,ENOVA INTL INC,Enova International Inc,ENVA,stock,Financials
1547,2026-03-04,purchase,"$15,001 - $50,000",32500,BIOLIFE SOLUTIONS INC,"BioLife Solutions, Inc.",BLFS,stock,Health Care
1548,2026-03-04,purchase,"$15,001 - $50,000",32500,VIRTU FINL INC CLASS A,"Virtu Financial, Inc.",VIRT,stock,Financials
1549,2026-03-04,purchase,"$15,001 - $50,000",32500,DXP ENTERPRISES INC,DXP Enterprises Inc.,DXPE,stock,Industrials
1550,2026-01-26,purchase,"$15,001 - $50,000",32500,J & J SNACK FOODS CORP,J&J Snack Foods Corp,JJSF,stock,Consumer Staples
1551,2026-03-17,purchase,"$15,001 - $50,000",32500,TESLA INC,"Tesla, Inc.",TSLA,stock,Consumer Discretionary
1552,2026-03-04,purchase,"$15,001 - $50,000",32500,ICHOR HLDGS LTD F,Ichor Holdings Ltd.,ICHR,stock,Information Technology
1553,2026-03-04,purchase,"$15,001 - $50,000",32500,KONTOOR BRANDS INC,"Kontoor Brands, Inc.",KTB,stock,Consumer Discretionary
1554,2026-03-04,purchase,"$15,001 - $50,000",32500,STRIDE INC,Stride Inc,LRN,stock,Consumer Discretionary
1555,2026-03-30,purchase,"$15,001 - $50,000",32500,ARCHROCK INC,Archrock Inc,AROC,stock,Energy
1556,2026-03-04,purchase,"$15,001 - $50,000",32500,ULTRA CLEAN HLDGS INC,"Ultra Clean Holdings, Inc.",UCTT,stock,Information Technology
1557,2026-03-04,purchase,"$15,001 - $50,000",32500,TANDEM DIABETES CARE INC,Tandem Diabetes Care Inc,TNDM,stock,Health Care
1558,2026-03-04,purchase,"$15,001 - $50,000",32500,LUMEN TECHNOLOGIES INC,"Lumen Technologies, Inc.",LUMN,stock,Communication Services
1559,2026-03-04,purchase,"$15,001 - $50,000",32500,SUNRUN INC,Sunrun Inc,RUN,stock,Information Technology
1560,2026-02-26,purchase,"$15,001 - $50,000",32500,WILLSCOT HOLDINGS CO A CLASS A,WillScot Holdings Corporation,WSC,stock,Industrials
1561,2026-03-30,purchase,"$15,001 - $50,000",32500,AGILISYS INC,Agilysys Inc,AGYS,stock,Information Technology
1562,2026-01-08,purchase,"$15,001 - $50,000",32500,CRH PLC ORD SHS .32 EACH ORD EUR UNSOLICITED,CRH plc,CRH,stock,Materials
1563,2026-01-23,purchase,"$15,001 - $50,000",32500,CONOCOPHILLIPS,ConocoPhillips,COP,stock,Energy
1564,2026-03-30,purchase,"$15,001 - $50,000",32500,ACUSHNET HLDGS CORP,Acushnet Holdings Corp,GOLF,stock,Consumer Discretionary
1565,2026-02-26,purchase,"$15,001 - $50,000",32500,EMBECTA CORP,Embecta Corp.,EMBC,stock,Health Care
1566,2026-03-17,purchase,"$15,001 - $50,000",32500,BECTON DICKINSON & CO,Becton Dickinson and Company,BDX,stock,Health Care
1567,2026-03-30,purchase,"$15,001 - $50,000",32500,ARLO TECHNOLOGIES INC,Arlo Technologies Inc,ARLO,stock,Information Technology
1568,2026-01-23,purchase,"$15,001 - $50,000",32500,PAYCHEX INC,"Paychex, Inc.",PAYX,stock,Industrials
1569,2026-03-30,purchase,"$15,001 - $50,000",32500,WESTAMERICA BANCORP,Westamerica Bancorporation,WABC,stock,Financials
1570,2026-03-30,purchase,"$15,001 - $50,000",32500,WERNER ENTERPRISES INC,"Werner Enterprises, Inc.",WERN,stock,Industrials
1571,2026-03-30,purchase,"$15,001 - $50,000",32500,CARGURUS INC CLASS A,CarGurus Inc,CARG,stock,Communication Services
1572,2026-03-30,purchase,"$15,001 - $50,000",32500,ZURN ELKAY WTR SOLUTIONS,Zurn Elkay Water Solutions Corporation,ZWS,stock,Industrials
1573,2026-02-02,purchase,"$15,001 - $50,000",32500,PALOMAR HLDGS INC,"Palomar Holdings, Inc.",PLMR,stock,Financials
1574,2026-02-02,purchase,"$15,001 - $50,000",32500,TWO HARBORS INVESTME,Two Harbors Investment Corp.,TWO,stock,Financials
1575,2026-03-30,purchase,"$15,001 - $50,000",32500,AAR CORP,AAR Corp.,AIR,stock,Industrials
1576,2026-03-30,purchase,"$15,001 - $50,000",32500,SABRE CORP,Sabre Corporation,SABR,stock,Information Technology
1577,2026-03-30,purchase,"$15,001 - $50,000",32500,PROTO LABS INC EQUITY CLASS EQUITY,Proto Labs Inc.,PRLB,stock,Information Technology
1578,2026-03-23,purchase,"$15,001 - $50,000",32500,TESLA INC,"Tesla, Inc.",TSLA,stock,Consumer Discretionary
1579,2026-01-21,purchase,"$15,001 - $50,000",32500,MASTERCARD INC CLASS A,Mastercard Incorporated,MA,stock,Financials
1580,2026-03-30,purchase,"$15,001 - $50,000",32500,MARRIOTT VACATIONS WORLD,Marriott Vacations Worldwide Corporation,VAC,stock,Consumer Discretionary
1581,2026-02-26,purchase,"$15,001 - $50,000",32500,PAPA JOHNS INTL INC,"Papa John's International, Inc.",PZZA,stock,Consumer Discretionary
1582,2026-02-12,purchase,"$15,001 - $50,000",32500,DIODES INC,Diodes Incorporated,DIOD,stock,Information Technology
1583,2026-01-23,purchase,"$15,001 - $50,000",32500,DTE ENERGY CO,DTE Energy Company,DTE,stock,Utilities
1584,2026-01-30,purchase,"$15,001 - $50,000",32500,SM ENERGY CO,SM Energy Company,SM,stock,Energy
1585,2026-02-02,purchase,"$15,001 - $50,000",32500,MATSON INC,Matson Inc,MATX,stock,Industrials
1586,2026-02-02,purchase,"$15,001 - $50,000",32500,CHEFS WHSE INC,Chef's Warehouse Inc.,CHEF,stock,Consumer Staples
1587,2026-02-02,purchase,"$15,001 - $50,000",32500,ACM RESH INC CLASS A,ACM Research Inc,ACMR,stock,Information Technology
1588,2026-01-26,purchase,"$15,001 - $50,000",32500,CERTARA INC,Certara Inc.,CERT,stock,Health Care
1589,2026-01-23,purchase,"$15,001 - $50,000",32500,FORTINET INC,Fortinet Inc,FTNT,stock,Information Technology
1590,2026-02-26,purchase,"$15,001 - $50,000",32500,INNOVATIVE INDL PPTYS IN REIT,"Innovative Industrial Properties, Inc.",IIPR,stock,Real Estate
1591,2026-01-26,purchase,"$15,001 - $50,000",32500,UNIVERSAL CORP VA,Universal Corporation,UVV,stock,Consumer Staples
1592,2026-02-23,purchase,"$15,001 - $50,000",32500,ADOBE INC,Adobe Inc,ADBE,stock,Information Technology
1593,2026-02-02,purchase,"$15,001 - $50,000",32500,CAVCO INDS INC DEL,Cavco Industries Inc.,CVCO,stock,Consumer Discretionary
1594,2026-01-26,purchase,"$15,001 - $50,000",32500,MILLERKNOLL INC,MillerKnoll Inc,MLKN,stock,Industrials
1595,2026-02-12,purchase,"$15,001 - $50,000",32500,STRIDE INC,Stride Inc,LRN,stock,Consumer Discretionary
1596,2026-01-26,purchase,"$15,001 - $50,000",32500,GLAUKOS CORP,Glaukos Corporation,GKOS,stock,Health Care
1597,2026-02-12,purchase,"$15,001 - $50,000",32500,CSG SYS INTL INC,CSG Systems International Inc,CSGS,stock,Information Technology
1598,2026-01-30,purchase,"$15,001 - $50,000",32500,CELANESE CORP DEL CLASS A,Celanese Corporation,CE,stock,Materials
1599,2026-01-30,purchase,"$15,001 - $50,000",32500,PRA GROUP INC,PRA Group Inc.,PRAA,stock,Financials
1600,2026-01-26,purchase,"$15,001 - $50,000",32500,ICU MED INC,ICU Medical Inc.,ICUI,stock,Health Care
1601,2026-02-12,purchase,"$15,001 - $50,000",32500,TERRENO RLTY CORP REIT,Terreno Realty Corporation,TRNO,stock,Real Estate
1602,2026-02-12,purchase,"$15,001 - $50,000",32500,UNIFIRST CORP MASS,UniFirst Corporation,UNF,stock,Industrials
1603,2026-03-17,purchase,"$15,001 - $50,000",32500,BUNGE GLOBAL SA COM SHS,Bunge Global SA,BG,stock,Consumer Staples
1604,2026-02-12,purchase,"$15,001 - $50,000",32500,APOGEE ENTERPRISES INC,Apogee Enterprises Inc,APOG,stock,Industrials
1605,2026-02-12,purchase,"$15,001 - $50,000",32500,DNOW INC,DNOW Inc.,DNOW,stock,Energy
1606,2026-01-30,purchase,"$15,001 - $50,000",32500,JBT MAREL CORP,JBT Corporation,JBT,stock,Industrials
1607,2026-02-12,purchase,"$15,001 - $50,000",32500,EVERTEC INC F,EVERTEC Inc,EVTC,stock,Information Technology
1608,2026-02-12,purchase,"$15,001 - $50,000",32500,SOLSTICE ADVANCED MATLS,Solstice Advanced Materials,SOLS,stock,Materials
1609,2026-01-26,purchase,"$15,001 - $50,000",32500,BGC GROUP INC CLASS A,"BGC Group, Inc.",BGC,stock,Financials
1610,2026-01-30,purchase,"$15,001 - $50,000",32500,CABLE ONE INC,Cable One Inc,CABO,stock,Communication Services
1611,2026-01-30,purchase,"$15,001 - $50,000",32500,COGENT COMMUNICATIONS HL,Cogent Communications Holdings Inc,CCOI,stock,Communication Services
1612,2026-01-30,purchase,"$15,001 - $50,000",32500,NCR VOYIX CORP,NCR Voyix Corporation,VYX,stock,Information Technology
1613,2026-01-26,purchase,"$15,001 - $50,000",32500,LINDSAY CORP,Lindsay Corporation,LNN,stock,Industrials
1614,2026-01-26,purchase,"$15,001 - $50,000",32500,LCI INDS,LCI Industries,LCII,stock,Consumer Discretionary
1615,2026-01-30,purchase,"$15,001 - $50,000",32500,PERRIGO CO PLC F,Perrigo Company plc,PRGO,stock,Health Care
1616,2026-01-26,purchase,"$15,001 - $50,000",32500,CURBLINE PPTYS CORP,Curbline Properties Corp,CURB,stock,Real Estate
1617,2026-01-21,purchase,"$15,001 - $50,000",32500,HOME DEPOT INC,The Home Depot Inc.,HD,stock,Consumer Discretionary
1618,2026-01-30,purchase,"$15,001 - $50,000",32500,PACIRA BIOSCIENCES INC,"Pacira BioSciences, Inc.",PCRX,stock,Health Care
1619,2026-01-26,purchase,"$15,001 - $50,000",32500,ADEIA INC,Adeia Inc,ADEA,stock,Information Technology
1620,2026-01-26,purchase,"$15,001 - $50,000",32500,GETTY RLTY CORP NEW REIT,Getty Realty Corp,GTY,stock,Real Estate
1621,2026-02-12,purchase,"$15,001 - $50,000",32500,MASTERBRAND INC,MasterBrand Inc,MBC,stock,Industrials
1622,2026-01-26,purchase,"$15,001 - $50,000",32500,PATHWARD FINL INC,"Pathward Financial, Inc.",CASH,stock,Financials
1623,2026-01-26,purchase,"$15,001 - $50,000",32500,AMN HEALTHCARE SVCS INC,AMN Healthcare Services Inc,AMN,stock,Health Care
1624,2026-01-30,purchase,"$15,001 - $50,000",32500,INNOVIVA INC,"Innoviva, Inc.",INVA,stock,Health Care
1625,2026-01-26,purchase,"$15,001 - $50,000",32500,CAL MAINE FOODS INC,Cal-Maine Foods Inc,CALM,stock,Consumer Staples
1626,2026-01-26,purchase,"$15,001 - $50,000",32500,PROGRESS SOFTWARE CORP,Progress Software Corporation,PRGS,stock,Information Technology
1627,2026-01-26,purchase,"$15,001 - $50,000",32500,SEZZLE INC,Sezzle Inc,SEZL,stock,Financials
1628,2026-01-26,purchase,"$15,001 - $50,000",32500,SABRE CORP,Sabre Corporation,SABR,stock,Information Technology
1629,2026-01-30,purchase,"$15,001 - $50,000",32500,ADTALEM GLOBAL ED INC,Covista Inc,CVSA,stock,Consumer Discretionary
1630,2026-01-30,purchase,"$15,001 - $50,000",32500,PRIMORIS SVCS CORP,Primoris Services Corporation,PRIM,stock,Industrials
1631,2026-01-30,purchase,"$15,001 - $50,000",32500,CSW INDUSTRIALS INC,CSW Industrials Inc,CSW,stock,Industrials
1632,2026-01-26,purchase,"$15,001 - $50,000",32500,BLACKLINE INC,"BlackLine, Inc.",BL,stock,Information Technology
1633,2026-01-30,purchase,"$15,001 - $50,000",32500,CATALYST PHARMACEUTICALS,"Catalyst Pharmaceuticals, Inc.",CPRX,stock,Health Care
1634,2026-01-30,purchase,"$15,001 - $50,000",32500,INDIVIOR PHARMACEUTICALS,Indivior PLC,INDV,stock,Health Care
1635,2026-01-30,purchase,"$15,001 - $50,000",32500,IRIDIUM COMMUNICATIONS I,Iridium Communications Inc.,IRDM,stock,Communication Services
1636,2026-01-23,purchase,"$15,001 - $50,000",32500,EXELON CORP,Exelon Corporation,EXC,stock,Utilities
1637,2026-02-12,purchase,"$15,001 - $50,000",32500,INSPERITY INC,"Insperity, Inc.",NSP,stock,Industrials
1638,2026-03-17,purchase,"$15,001 - $50,000",32500,PEPSICO INC,"PepsiCo, Inc.",PEP,stock,Consumer Staples
1639,2026-01-26,purchase,"$15,001 - $50,000",32500,KORN FERRY,Korn Ferry,KFY,stock,Industrials
1640,2026-01-21,purchase,"$15,001 - $50,000",32500,MICROSOFT CORP,Microsoft Corporation,MSFT,stock,Information Technology
1641,2026-01-23,purchase,"$15,001 - $50,000",32500,KEURIG DR PEPPER INC,Keurig Dr Pepper Inc.,KDP,stock,Consumer Staples
1642,2026-01-06,purchase,"$15,001 - $50,000",32500,CARVANA CO CL A UNSOLICITED,Carvana Co.,CVNA,stock,Consumer Discretionary
1643,2026-01-23,purchase,"$1,001 - $15,000",8000,WILLIAMS COS INC DEL,"The Williams Companies, Inc.",WMB,stock,Energy
1644,2026-01-23,purchase,"$1,001 - $15,000",8000,PUBLIC SERVICE ENTERPRISE GROUP INC,Public Service Enterprise Group Incorporated,PEG,stock,Utilities
1645,2026-01-23,purchase,"$1,001 - $15,000",8000,SMURFIT WESTROCK PLC,Smurfit WestRock plc,SW,stock,Materials
1646,2026-03-23,purchase,"$1,001 - $15,000",8000,BERKSHIRE HATHAWAY CLASS B,Berkshire Hathaway Inc.,BRK.B,stock,Financials
1647,2026-01-23,purchase,"$1,001 - $15,000",8000,WEC ENERGY GROUP INC,WEC Energy Group Inc,WEC,stock,Utilities
1648,2026-01-23,purchase,"$1,001 - $15,000",8000,COPART INC,"Copart, Inc.",CPRT,stock,Industrials
1649,2026-01-23,purchase,"$1,001 - $15,000",8000,GENERAL MILLS INC,General Mills Inc,GIS,stock,Consumer Staples
1650,2026-03-17,purchase,"$1,001 - $15,000",8000,BERKSHIRE HATHAWAY CLASS B,Berkshire Hathaway Inc.,BRK.B,stock,Financials
1651,2026-03-26,purchase,"$1,001 - $15,000",8000,NETFLIX INC,Netflix Inc.,NFLX,stock,Communication Services
1652,2026-03-17,purchase,"$1,001 - $15,000",8000,CASEYS GENL STORES INC,Casey's General Stores Inc.,CASY,stock,Consumer Staples
1653,2026-01-06,purchase,"$1,001 - $15,000",8000,COMFORT SYSTEMS USA INC UNSOLICITED,"Comfort Systems USA, Inc.",FIX,stock,Industrials
1654,2026-03-17,purchase,"$1,001 - $15,000",8000,PALANTIR TECHNOLOGIES IN CLASS A,Palantir Technologies Inc.,PLTR,stock,Information Technology
1655,2026-02-23,purchase,"$1,001 - $15,000",8000,PROGRESSIVE CORP OH,The Progressive Corporation,PGR,stock,Financials
1656,2026-03-04,purchase,"$1,001 - $15,000",8000,UNITEDHEALTH GROUP INC,UnitedHealth Group Inc,UNH,stock,Health Care
1657,2026-01-23,purchase,"$1,001 - $15,000",8000,VERISIGN INC,"VeriSign, Inc.",VRSN,stock,Information Technology
1658,2026-01-23,purchase,"$1,001 - $15,000",8000,CLOROX COMPANY,The Clorox Co,CLX,stock,Consumer Staples
1659,2026-02-12,purchase,"$1,001 - $15,000",8000,MICROSOFT CORP,Microsoft Corporation,MSFT,stock,Information Technology
1660,2026-03-17,purchase,"$1,001 - $15,000",8000,ACCENTURE PLC IRELAND F CLASS A,Accenture plc,ACN,stock,Information Technology
1661,2026-02-23,purchase,"$1,001 - $15,000",8000,ABBOTT LABS,Abbott Laboratories,ABT,stock,Health Care
1662,2026-01-06,purchase,"$1,001 - $15,000",8000,SANDISK CORP COM,SanDisk Corporation,SNDK,stock,Information Technology
1663,2026-01-23,purchase,"$1,001 - $15,000",8000,NEXTERA ENERGY INC,"NextEra Energy, Inc.",NEE,stock,Utilities
1664,2026-01-23,purchase,"$1,001 - $15,000",8000,STARBUCKS CORP,Starbucks Corporation,SBUX,stock,Consumer Discretionary
1665,2026-02-23,purchase,"$1,001 - $15,000",8000,INTUIT,Intuit Inc.,INTU,stock,Information Technology
1666,2026-03-17,purchase,"$1,001 - $15,000",8000,ELI LILLY AND CO,Eli Lilly and Company,LLY,stock,Health Care
1667,2026-01-21,purchase,"$1,001 - $15,000",8000,T MOBILE US INC,T-Mobile US Inc,TMUS,stock,Communication Services
1668,2026-01-23,purchase,"$1,001 - $15,000",8000,COREWEAVE INC CL A,"CoreWeave, Inc.",CRWV,stock,Information Technology
1669,2026-01-21,purchase,"$1,001 - $15,000",8000,AT&T INC,AT&T Inc,T,stock,Communication Services
1670,2026-01-23,purchase,"$1,001 - $15,000",8000,HORMEL FOODS CORP,Hormel Foods Corporation,HRL,stock,Consumer Staples
1671,2026-03-26,purchase,"$1,001 - $15,000",8000,SALESFORCE INC,Salesforce Inc,CRM,stock,Information Technology
1672,2026-01-23,purchase,"$1,001 - $15,000",8000,WORKDAY INC CL A,"Workday, Inc.",WDAY,stock,Information Technology
1673,2026-03-23,purchase,"$1,001 - $15,000",8000,ELI LILLY AND CO,Eli Lilly and Company,LLY,stock,Health Care
1674,2026-03-23,purchase,"$1,001 - $15,000",8000,JPMORGAN CHASE & CO,JPMorgan Chase & Co.,JPM,stock,Financials
1675,2026-01-23,purchase,"$1,001 - $15,000",8000,HP INC,HP Inc.,HPQ,stock,Information Technology
1676,2026-03-17,purchase,"$1,001 - $15,000",8000,JPMORGAN CHASE & CO,JPMorgan Chase & Co.,JPM,stock,Financials
1677,2026-01-23,purchase,"$1,001 - $15,000",8000,INSMED INC PAR $.01,Insmed Incorporated,INSM,stock,Health Care
1678,2026-02-23,purchase,"$1,001 - $15,000",8000,META PLATFORMS INC CLASS A,Meta Platforms Inc,META,stock,Communication Services
1679,2026-03-17,purchase,"$1,001 - $15,000",8000,CITIGROUP INC,Citigroup Inc,C,stock,Financials
1680,2026-03-23,purchase,"$1,001 - $15,000",8000,EXXON MOBIL CORP,Exxon Mobil Corporation,XOM,stock,Energy
1681,2026-02-19,purchase,"$1,001 - $15,000",8000,MICROSOFT CORP,Microsoft Corporation,MSFT,stock,Information Technology
1682,2026-03-17,purchase,"$1,001 - $15,000",8000,HOME DEPOT INC,The Home Depot Inc.,HD,stock,Consumer Discretionary
1683,2026-01-23,purchase,"$1,001 - $15,000",8000,BOOKING HOLDINGS INC,Booking Holdings Inc.,BKNG,stock,Consumer Discretionary
1684,2026-01-23,purchase,"$1,001 - $15,000",8000,ADOBE INC,Adobe Inc,ADBE,stock,Information Technology
1685,2026-01-23,purchase,"$1,001 - $15,000",8000,AMCOR PLC,Amcor plc,AMCR,stock,Materials
1686,2026-01-23,purchase,"$1,001 - $15,000",8000,PPL CORP,PPL Corporation,PPL,stock,Utilities
1687,2026-01-12,purchase,"$1,001 - $15,000",8000,VISA INC CLASS A,Visa Inc.,V,stock,Financials
1688,2026-01-12,purchase,"$1,001 - $15,000",8000,PROCTER & GAMBLE CO,The Procter & Gamble Company,PG,stock,Consumer Staples
1689,2026-01-23,purchase,"$1,001 - $15,000",8000,KEURIG DR PEPPER INC,Keurig Dr Pepper Inc.,KDP,stock,Consumer Staples
1690,2026-03-17,purchase,"$1,001 - $15,000",8000,EXXON MOBIL CORP,Exxon Mobil Corporation,XOM,stock,Energy
1691,2026-03-17,purchase,"$1,001 - $15,000",8000,MASTERCARD INC CLASS A,Mastercard Incorporated,MA,stock,Financials
1692,2026-03-17,purchase,"$1,001 - $15,000",8000,AST SPACEMOBILE INC CL A,AST SpaceMobile Inc,ASTS,stock,Communication Services
1693,2026-03-17,purchase,"$1,001 - $15,000",8000,UNITEDHEALTH GROUP INC,UnitedHealth Group Inc,UNH,stock,Health Care
1694,2026-03-17,purchase,"$1,001 - $15,000",8000,DAVITA INC.,DaVita Inc.,DVA,stock,Health Care
1695,2026-03-23,purchase,"$1,001 - $15,000",8000,JOHNSON & JOHNSON,Johnson & Johnson,JNJ,stock,Health Care
1696,2026-03-17,purchase,"$1,001 - $15,000",8000,PAYCHEX INC,"Paychex, Inc.",PAYX,stock,Industrials
1697,2026-01-21,purchase,"$1,001 - $15,000",8000,SERVICENOW INC,ServiceNow Inc,NOW,stock,Information Technology
1698,2026-01-23,purchase,"$1,001 - $15,000",8000,CADENCE DESIGN SYSTEMS INC,Cadence Design Systems Inc,CDNS,stock,Information Technology
1699,2026-03-17,purchase,"$1,001 - $15,000",8000,INTUITIVE SURGICAL INC,Intuitive Surgical Inc,ISRG,stock,Health Care
1700,2026-03-26,purchase,"$1,001 - $15,000",8000,AUTOMATIC DATA PROCESSIN,Automatic Data Processing Inc,ADP,stock,Information Technology
1701,2026-03-23,purchase,"$1,001 - $15,000",8000,WALMART INC,Walmart Inc,WMT,stock,Consumer Staples
1702,2026-02-23,purchase,"$1,001 - $15,000",8000,WORKDAY INC CLASS A,"Workday, Inc.",WDAY,stock,Information Technology
1703,2026-03-26,purchase,"$1,001 - $15,000",8000,DISNEY WALT CO,The Walt Disney Company,DIS,stock,Communication Services
1704,2026-03-17,purchase,"$1,001 - $15,000",8000,WABTEC,Westinghouse Air Brake Technologies Corporation,WAB,stock,Industrials
1705,2026-01-23,purchase,"$1,001 - $15,000",8000,AIRBNB INC CL A,Airbnb Inc,ABNB,stock,Consumer Discretionary
1706,2026-01-23,purchase,"$1,001 - $15,000",8000,TARGET CORP,Target Corporation,TGT,stock,Consumer Discretionary
1707,2026-01-22,purchase,"$1,001 - $15,000",8000,INTL PAPER COMPANY,International Paper Company,IP,stock,Materials
1708,2026-03-17,purchase,"$1,001 - $15,000",8000,Iron Mtn Inc New,Iron Mountain Inc,IRM,stock,Real Estate
1709,2026-03-17,purchase,"$1,001 - $15,000",8000,ABBOTT LABS,Abbott Laboratories,ABT,stock,Health Care
1710,2026-01-23,purchase,"$1,001 - $15,000",8000,ATLASSIAN CORP CL A,Atlassian Corporation,TEAM,stock,Information Technology
1711,2026-03-23,purchase,"$1,001 - $15,000",8000,COSTCO WHSL CORP NEW,Costco Wholesale Corporation,COST,stock,Consumer Staples
1712,2026-01-23,purchase,"$1,001 - $15,000",8000,ALNYLAM PHARMACEUTICALS INC,"Alnylam Pharmaceuticals, Inc.",ALNY,stock,Health Care
1713,2026-01-23,purchase,"$1,001 - $15,000",8000,TRACTOR SUPPLY CO,Tractor Supply Company,TSCO,stock,Consumer Discretionary
1714,2026-02-12,purchase,"$1,001 - $15,000",8000,ADOBE INC,Adobe Inc,ADBE,stock,Information Technology
1715,2026-03-26,purchase,"$1,001 - $15,000",8000,BOOKING HLDGS INC FORWARD SPLIT WITH STOCK SPLIT SHARES,Booking Holdings Inc.,BKNG,stock,Consumer Discretionary
1716,2026-01-23,purchase,"$1,001 - $15,000",8000,CONSOLIDATED EDISON INC,"Consolidated Edison, Inc.",ED,stock,Utilities
1717,2026-03-26,purchase,"$1,001 - $15,000",8000,ACCENTURE PLC IRELAND F CLASS A,Accenture plc,ACN,stock,Information Technology
1718,2026-03-17,purchase,"$1,001 - $15,000",8000,MC CORMICK & CO INC NON VOTING,McCormick & Company Incorporated,MKC.V,stock,Consumer Staples
1719,2026-01-21,purchase,"$1,001 - $15,000",8000,NETFLIX INC,Netflix Inc.,NFLX,stock,Communication Services
1720,2026-03-17,purchase,"$1,001 - $15,000",8000,ADVANCED MICRO DEVIC,Advanced Micro Devices Inc,AMD,stock,Information Technology
1721,2026-03-26,purchase,"$1,001 - $15,000",8000,S&P GLOBAL INC,S&P Global Inc.,SPGI,stock,Financials
1722,2026-03-04,purchase,"$1,001 - $15,000",8000,NISOURCE INC,NiSource Inc.,NI,stock,Utilities
1723,2026-03-04,purchase,"$1,001 - $15,000",8000,BEST BUY COMPANY INC,"Best Buy Co., Inc.",BBY,stock,Consumer Discretionary
1724,2026-02-19,purchase,"$1,001 - $15,000",8000,BOOKING HOLDINGS INC,Booking Holdings Inc.,BKNG,stock,Consumer Discretionary
1725,2026-02-19,purchase,"$1,001 - $15,000",8000,META PLATFORMS INC CL A,Meta Platforms Inc,META,stock,Communication Services
1726,2026-03-23,purchase,"$1,001 - $15,000",8000,LAM RESH CORP,Lam Research Corporation,LRCX,stock,Information Technology
1727,2026-03-17,purchase,"$1,001 - $15,000",8000,INTL PAPER COMPANY,International Paper Company,IP,stock,Materials
1728,2026-03-23,purchase,"$1,001 - $15,000",8000,VISA INC CLASS A,Visa Inc.,V,stock,Financials
1729,2026-03-26,purchase,"$1,001 - $15,000",8000,STRYKER CORP,Stryker Corporation,SYK,stock,Health Care
1730,2026-02-12,purchase,"$1,001 - $15,000",8000,SERVICENOW INC,ServiceNow Inc,NOW,stock,Information Technology
1731,2026-01-23,purchase,"$1,001 - $15,000",8000,CMS ENERGY CORP,CMS Energy Corp,CMS,stock,Utilities
1732,2026-03-17,purchase,"$1,001 - $15,000",8000,OMNICOM GROUP INC,Omnicom Group Inc.,OMC,stock,Communication Services
1733,2026-03-17,purchase,"$1,001 - $15,000",8000,LOWES COS INC,"Lowe's Companies, Inc.",LOW,stock,Consumer Discretionary
1734,2026-03-17,purchase,"$1,001 - $15,000",8000,VISA INC CLASS A,Visa Inc.,V,stock,Financials
1735,2026-03-26,purchase,"$1,001 - $15,000",8000,SERVICENOW INC,ServiceNow Inc,NOW,stock,Information Technology
1736,2026-03-17,purchase,"$1,001 - $15,000",8000,STRYKER CORP,Stryker Corporation,SYK,stock,Health Care
1737,2026-03-26,purchase,"$1,001 - $15,000",8000,BOSTON SCIENTIFIC CORP,Boston Scientific Corporation,BSX,stock,Health Care
1738,2026-03-23,purchase,"$1,001 - $15,000",8000,MICRON TECHNOLOGY INC,Micron Technology Inc,MU,stock,Information Technology
1739,2026-02-23,purchase,"$1,001 - $15,000",8000,INTERCONTINENTAL EXCHANG,"Intercontinental Exchange, Inc.",ICE,stock,Financials
1740,2026-02-19,purchase,"$1,001 - $15,000",8000,ON SEMICONDUCTOR CORP,ON Semiconductor Corporation,ON,stock,Information Technology
1741,2026-03-23,purchase,"$1,001 - $15,000",8000,NETFLIX INC,Netflix Inc.,NFLX,stock,Communication Services
1742,2026-02-19,purchase,"$1,001 - $15,000",8000,AMAZON.COM INC,"Amazon.com, Inc.",AMZN,stock,Consumer Discretionary
1743,2026-02-19,purchase,"$1,001 - $15,000",8000,CROWDSTRIKE HOLDINGS INC CL A,CrowdStrike Holdings Inc,CRWD,stock,Information Technology
1744,2026-03-17,purchase,"$1,001 - $15,000",8000,PROCTER & GAMBLE CO,The Procter & Gamble Company,PG,stock,Consumer Staples
1745,2026-03-17,purchase,"$1,001 - $15,000",8000,UBER TECHNOLOGIES INC,Uber Technologies Inc,UBER,stock,Industrials
1746,2026-03-17,purchase,"$1,001 - $15,000",8000,ILLINOIS TOOL WKS INC,Illinois Tool Works Inc.,ITW,stock,Industrials
1747,2026-02-23,purchase,"$1,001 - $15,000",8000,VERIZON COMMUNICATIONS I,Verizon Communications Inc.,VZ,stock,Communication Services
1748,2026-03-23,purchase,"$1,001 - $15,000",8000,HILTON WORLDWIDE HLDGS I,Hilton Worldwide Holdings Inc.,HLT,stock,Consumer Discretionary
1749,2026-03-17,purchase,"$1,001 - $15,000",8000,S&P GLOBAL INC,S&P Global Inc.,SPGI,stock,Financials
1750,2026-03-17,purchase,"$1,001 - $15,000",8000,INTUIT,Intuit Inc.,INTU,stock,Information Technology
1751,2026-03-17,purchase,"$1,001 - $15,000",8000,MICRON TECHNOLOGY INC,Micron Technology Inc,MU,stock,Information Technology
1752,2026-03-17,purchase,"$1,001 - $15,000",8000,EQUITY RESIDENTIAL REIT,Equity Residential,EQR,stock,Real Estate
1753,2026-01-21,purchase,"$1,001 - $15,000",8000,MARSH & MCLENNAN COS INC,Marsh & McLennan Companies,MRSH,stock,Financials
1754,2026-03-17,purchase,"$1,001 - $15,000",8000,HONEYWELL INTL INC,Honeywell International Inc.,HON,stock,Industrials
1755,2026-03-17,purchase,"$1,001 - $15,000",8000,CARRIER GLOBAL CORP,Carrier Global Corporation,CARR,stock,Industrials
1756,2026-03-04,purchase,"$1,001 - $15,000",8000,STELLANTIS N V,Stellantis N.V.,STLA,stock,Consumer Discretionary
1757,2026-03-17,purchase,"$1,001 - $15,000",8000,DANAHER CORP,Danaher Corporation,DHR,stock,Health Care
1758,2026-03-17,purchase,"$1,001 - $15,000",8000,DELTA AIR LINES INC DEL,"Delta Air Lines, Inc.",DAL,stock,Industrials
1759,2026-01-23,purchase,"$1,001 - $15,000",8000,CYBER ARK SOFTWARE GHG LTD,CyberArk Software Ltd,CYBR,stock,Information Technology
1760,2026-03-17,purchase,"$1,001 - $15,000",8000,BLACKSTONE INC,Blackstone Inc,BX,stock,Financials
1761,2026-03-17,purchase,"$1,001 - $15,000",8000,CHEVRON CORP NEW,Chevron Corporation,CVX,stock,Energy
1762,2026-03-17,purchase,"$1,001 - $15,000",8000,TJX COS INC NEW,"The TJX Companies, Inc.",TJX,stock,Consumer Discretionary
1763,2026-03-17,purchase,"$1,001 - $15,000",8000,MERCK & CO. INC.,"Merck & Co., Inc.",MRK,stock,Health Care
1764,2026-03-23,purchase,"$1,001 - $15,000",8000,THE COCA-COLA CO,The Coca-Cola Company,KO,stock,Consumer Staples
1765,2026-03-23,purchase,"$1,001 - $15,000",8000,ABBVIE INC,AbbVie Inc.,ABBV,stock,Health Care
1766,2026-03-23,purchase,"$1,001 - $15,000",8000,PROCTER & GAMBLE CO,The Procter & Gamble Company,PG,stock,Consumer Staples
1767,2026-03-17,purchase,"$1,001 - $15,000",8000,WALMART INC,Walmart Inc,WMT,stock,Consumer Staples
1768,2026-03-17,purchase,"$1,001 - $15,000",8000,ARES MANAGEMENT CORP CL A,Ares Management Corporation,ARES,stock,Financials
1769,2026-01-23,purchase,"$1,001 - $15,000",8000,SYSCO CORP,Sysco Corporation,SYY,stock,Consumer Staples
1770,2026-01-21,purchase,"$1,001 - $15,000",8000,BROWN & BROWN INC,Brown & Brown Inc,BRO,stock,Financials
1771,2026-01-23,purchase,"$1,001 - $15,000",8000,ZSCALER INC,Zscaler Inc,ZS,stock,Information Technology
1772,2026-03-26,purchase,"$1,001 - $15,000",8000,PALANTIR TECHNOLOGIES IN CLASS A,Palantir Technologies Inc.,PLTR,stock,Information Technology
1773,2026-02-23,purchase,"$1,001 - $15,000",8000,GODADDY INC CLASS A,GoDaddy Inc,GDDY,stock,Information Technology
1774,2026-03-17,purchase,"$1,001 - $15,000",8000,COSTCO WHSL CORP NEW,Costco Wholesale Corporation,COST,stock,Consumer Staples
1775,2026-02-23,purchase,"$1,001 - $15,000",8000,BROADRIDGE FINL SOLUTION,Broadridge Financial Solutions Inc,BR,stock,Information Technology
1776,2026-01-23,purchase,"$1,001 - $15,000",8000,KRAFT HEINZ CO,The Kraft Heinz Company,KHC,stock,Consumer Staples
1777,2026-03-04,purchase,"$1,001 - $15,000",8000,BRISTOL MYERS SQUIBB COMPANY,Bristol-Myers Squibb Company,BMY,stock,Health Care
1778,2026-03-23,purchase,"$1,001 - $15,000",8000,CHEVRON CORP NEW,Chevron Corporation,CVX,stock,Energy
1779,2026-03-26,purchase,"$1,001 - $15,000",8000,BLACKSTONE INC,Blackstone Inc,BX,stock,Financials
1780,2026-02-12,purchase,"$1,001 - $15,000",8000,NETFLIX INC,Netflix Inc.,NFLX,stock,Communication Services
1781,2026-03-17,purchase,"$1,001 - $15,000",8000,TARGET CORP,Target Corporation,TGT,stock,Consumer Discretionary
1782,2026-02-23,purchase,"$1,001 - $15,000",8000,MORNINGSTAR INC,Morningstar Inc,MORN,stock,Financials
1783,2026-01-23,purchase,"$1,001 - $15,000",8000,AMEREN CORP,Ameren Corporation,AEE,stock,Utilities
1784,2026-03-23,purchase,"$1,001 - $15,000",8000,PALANTIR TECHNOLOGIES IN CLASS A,Palantir Technologies Inc.,PLTR,stock,Information Technology
1785,2026-02-23,purchase,"$1,001 - $15,000",8000,BLUE OWL CAP INC CLASS A,Blue Owl Capital Inc.,OWL,stock,Financials
1786,2026-02-19,purchase,"$1,001 - $15,000",8000,NVIDIA CORP,NVIDIA Corporation,NVDA,stock,Information Technology
1787,2026-03-23,purchase,"$1,001 - $15,000",8000,MORGAN STANLEY,Morgan Stanley,MS,stock,Financials
1788,2026-03-23,purchase,"$1,001 - $15,000",8000,SOMNIGROUP INTERNTNL,SomniGroup International,SGI,stock,Consumer Discretionary
1789,2026-03-17,purchase,"$1,001 - $15,000",8000,GE AEROSPACE,GE Aerospace,GE,stock,Industrials
1790,2026-02-23,purchase,"$1,001 - $15,000",8000,FORTINET INC,Fortinet Inc,FTNT,stock,Information Technology
1791,2026-03-17,purchase,"$1,001 - $15,000",8000,GOLDMAN SACHS GROUP INC,The Goldman Sachs Group Inc,GS,stock,Financials
1792,2026-03-23,purchase,"$1,001 - $15,000",8000,CBRE GROUP INC CLASS A,CBRE Group Inc,CBRE,stock,Real Estate
1793,2026-03-17,purchase,"$1,001 - $15,000",8000,M&T BK CORP,M&T Bank Corporation,MTB,stock,Financials
1794,2026-02-12,purchase,"$1,001 - $15,000",8000,SALESFORCE INC,Salesforce Inc,CRM,stock,Information Technology
1795,2026-03-04,purchase,"$1,001 - $15,000",8000,PEPSICO INC,"PepsiCo, Inc.",PEP,stock,Consumer Staples
1796,2026-03-23,purchase,"$1,001 - $15,000",8000,CAPITAL ONE FINL CORP,Capital One Financial Corporation,COF,stock,Financials
1797,2026-03-17,purchase,"$1,001 - $15,000",8000,PHILIP MORRIS INTL INC,Philip Morris International Inc.,PM,stock,Consumer Staples
1798,2026-03-17,purchase,"$1,001 - $15,000",8000,ORACLE CORP,Oracle Corporation,ORCL,stock,Information Technology
1799,2026-01-23,purchase,"$1,001 - $15,000",8000,DARDEN RESTAURANTS INC,"Darden Restaurants, Inc.",DRI,stock,Consumer Discretionary
1800,2026-03-26,purchase,"$1,001 - $15,000",8000,UBER TECHNOLOGIES INC,Uber Technologies Inc,UBER,stock,Industrials
1801,2026-03-23,purchase,"$1,001 - $15,000",8000,MASTERCARD INC CLASS A,Mastercard Incorporated,MA,stock,Financials
1802,2026-03-26,purchase,"$1,001 - $15,000",8000,COLGATE PALMOLIVE CO,Colgate-Palmolive Co,CL,stock,Consumer Staples
1803,2026-03-17,purchase,"$1,001 - $15,000",8000,TEXAS INSTRS INC,Texas Instruments Incorporated,TXN,stock,Information Technology
1804,2026-03-23,purchase,"$1,001 - $15,000",8000,CISCO SYS INC,Cisco Systems Inc,CSCO,stock,Information Technology
1805,2026-03-17,purchase,"$1,001 - $15,000",8000,BANK OF AMERICA CORP,Bank of America Corporation,BAC,stock,Financials
1806,2026-03-23,purchase,"$1,001 - $15,000",8000,GE VERNOVA INC,GE Vernova Inc,GEV,stock,Industrials
1807,2026-03-23,purchase,"$1,001 - $15,000",8000,STANLEY BLACK & DECKER I,"Stanley Black & Decker, Inc.",SWK,stock,Industrials
1808,2026-01-21,purchase,"$1,001 - $15,000",8000,PAYCHEX INC,"Paychex, Inc.",PAYX,stock,Industrials
1809,2026-01-23,purchase,"$1,001 - $15,000",8000,CHARTER COMMUNICATIONS INC NEW CL A,Charter Communications Inc,CHTR,stock,Communication Services
1810,2026-03-17,purchase,"$1,001 - $15,000",8000,NETFLIX INC,Netflix Inc.,NFLX,stock,Communication Services
1811,2026-03-23,purchase,"$1,001 - $15,000",8000,CADENCE DESIGN SYS INC,Cadence Design Systems Inc,CDNS,stock,Information Technology
1812,2026-02-23,purchase,"$1,001 - $15,000",8000,ATLASSIAN CORP CLASS A,Atlassian Corporation,TEAM,stock,Information Technology
1813,2026-02-19,purchase,"$1,001 - $15,000",8000,CADENCE DESIGN SYSTEMS INC,Cadence Design Systems Inc,CDNS,stock,Information Technology
1814,2026-03-17,purchase,"$1,001 - $15,000",8000,EVERSOURCE ENERGY,Eversource Energy,ES,stock,Utilities
1815,2026-03-23,purchase,"$1,001 - $15,000",8000,ADVANCED MICRO DEVIC,Advanced Micro Devices Inc,AMD,stock,Information Technology
1816,2026-03-17,purchase,"$1,001 - $15,000",8000,DOORDASH INC CLASS A,DoorDash Inc.,DASH,stock,Consumer Discretionary
1817,2026-03-17,purchase,"$1,001 - $15,000",8000,QUALCOMM INC,QUALCOMM Incorporated,QCOM,stock,Information Technology
1818,2026-01-21,purchase,"$1,001 - $15,000",8000,PAYPAL HLDGS INC,"PayPal Holdings, Inc.",PYPL,stock,Financials
1819,2026-01-23,purchase,"$1,001 - $15,000",8000,ALLIANT ENERGY CORP,Alliant Energy Corporation,LNT,stock,Utilities
1820,2026-02-23,purchase,"$1,001 - $15,000",8000,FIDELITY NATL INFORMATIO,Fidelity National Information Services,FIS,stock,Financials
1821,2026-01-12,purchase,"$1,001 - $15,000",8000,PHILIP MORRIS INTL INC,Philip Morris International Inc.,PM,stock,Consumer Staples
1822,2026-02-23,purchase,"$1,001 - $15,000",8000,OKTA INC CLASS A,Okta Inc.,OKTA,stock,Information Technology
1823,2026-02-23,purchase,"$1,001 - $15,000",8000,ORACLE CORP,Oracle Corporation,ORCL,stock,Information Technology
1824,2026-03-17,purchase,"$1,001 - $15,000",8000,FASTENAL CO,Fastenal Company,FAST,stock,Industrials
1825,2026-01-23,purchase,"$1,001 - $15,000",8000,TRADE DESK INC (THE) CL A,"The Trade Desk, Inc.",TTD,stock,Communication Services
1826,2026-02-19,purchase,"$1,001 - $15,000",8000,MARVELL TECHNOLOGY INC,"Marvell Technology, Inc.",MRVL,stock,Information Technology
1827,2026-03-17,purchase,"$1,001 - $15,000",8000,TRANE TECHNOLOGIES PLC F,Trane Technologies plc,TT,stock,Industrials
1828,2026-01-21,purchase,"$1,001 - $15,000",8000,CONAGRA BRANDS INC,"Conagra Brands, Inc.",CAG,stock,Consumer Staples
1829,2026-03-17,purchase,"$1,001 - $15,000",8000,IBM CORP,International Business Machines Corporation,IBM,stock,Information Technology
1830,2026-02-23,purchase,"$1,001 - $15,000",8000,TYLER TECHNOLOGIES INC,"Tyler Technologies, Inc.",TYL,stock,Information Technology
1831,2026-03-17,purchase,"$1,001 - $15,000",8000,RTXCORP,RTX Corporation,RTX,stock,Industrials
1832,2026-03-23,purchase,"$1,001 - $15,000",8000,GE AEROSPACE,GE Aerospace,GE,stock,Industrials
1833,2026-02-19,purchase,"$1,001 - $15,000",8000,PALO ALTO NETWORKS INC,"Palo Alto Networks, Inc.",PANW,stock,Information Technology
1834,2026-03-17,purchase,"$1,001 - $15,000",8000,TRUIST FINL CORP,Truist Financial Corporation,TFC,stock,Financials
1835,2026-03-17,purchase,"$1,001 - $15,000",8000,MARSH & MCLENNAN COS INC,Marsh & McLennan Companies,MRSH,stock,Financials
1836,2026-02-12,purchase,"$1,001 - $15,000",8000,BLUE OWL CAP INC CLASS A,Blue Owl Capital Inc.,OWL,stock,Financials
1837,2026-03-23,purchase,"$1,001 - $15,000",8000,INVITATION HOMES INC,Invitation Homes Inc.,INVH,stock,Real Estate
1838,2026-02-12,purchase,"$1,001 - $15,000",8000,AMERICAN TOWER CORP NEW REIT,American Tower Corporation,AMT,stock,Real Estate
1839,2026-02-19,purchase,"$1,001 - $15,000",8000,INSMED INC PAR $.01,Insmed Incorporated,INSM,stock,Health Care
1840,2026-03-17,purchase,"$1,001 - $15,000",8000,DISNEY WALT CO,The Walt Disney Company,DIS,stock,Communication Services
1841,2026-01-21,purchase,"$1,001 - $15,000",8000,DYNATRACE INC,Dynatrace Inc.,DT,stock,Information Technology
1842,2026-03-17,purchase,"$1,001 - $15,000",8000,NEXTERA ENERGY INC,"NextEra Energy, Inc.",NEE,stock,Utilities
1843,2026-03-17,purchase,"$1,001 - $15,000",8000,APPLIED MATLS INC,Applied Materials Inc,AMAT,stock,Information Technology
1844,2026-03-17,purchase,"$1,001 - $15,000",8000,STARBUCKS CORP,Starbucks Corporation,SBUX,stock,Consumer Discretionary
1845,2026-03-17,purchase,"$1,001 - $15,000",8000,UNITED PARCEL SERVICE INC CL B,United Parcel Service Inc,UPS,stock,Industrials
1846,2026-03-17,purchase,"$1,001 - $15,000",8000,IQVIA HLDGS INC,IQVIA Holdings Inc.,IQV,stock,Health Care
1847,2026-01-21,purchase,"$1,001 - $15,000",8000,DUKE ENERGY CORP NEW,Duke Energy Corporation,DUK,stock,Utilities
1848,2026-02-23,purchase,"$1,001 - $15,000",8000,CISCO SYS INC,Cisco Systems Inc,CSCO,stock,Information Technology
1849,2026-02-12,purchase,"$1,001 - $15,000",8000,FLUTTER ENTMT PLC F,Flutter Entertainment plc,FLUT,stock,Consumer Discretionary
1850,2026-03-23,purchase,"$1,001 - $15,000",8000,CURTISS WRIGHT CORP,Curtiss-Wright Corporation,CW,stock,Industrials
1851,2026-01-21,purchase,"$1,001 - $15,000",8000,ROPER TECHNOLOGIES INC,"Roper Technologies, Inc.",ROP,stock,Industrials
1852,2026-03-17,purchase,"$1,001 - $15,000",8000,CIENA CORP,Ciena Corp,CIEN,stock,Information Technology
1853,2026-01-23,purchase,"$1,001 - $15,000",8000,BAXTER INTL INC,Baxter International Inc,BAX,stock,Health Care
1854,2026-02-19,purchase,"$1,001 - $15,000",8000,AIRBNB INC CL A,Airbnb Inc,ABNB,stock,Consumer Discretionary
1855,2026-03-17,purchase,"$1,001 - $15,000",8000,AMERICAN TOWER CORP NEW REIT,American Tower Corporation,AMT,stock,Real Estate
1856,2026-02-23,purchase,"$1,001 - $15,000",8000,CROWDSTRIKE HLDGS INC CLASS A,CrowdStrike Holdings Inc,CRWD,stock,Information Technology
1857,2026-01-21,purchase,"$1,001 - $15,000",8000,UBER TECHNOLOGIES INC,Uber Technologies Inc,UBER,stock,Industrials
1858,2026-03-23,purchase,"$1,001 - $15,000",8000,LINDE PLC F,Linde plc,LIN,stock,Materials
1859,2026-03-17,purchase,"$1,001 - $15,000",8000,CROWDSTRIKE HLDGS INC CLASS A,CrowdStrike Holdings Inc,CRWD,stock,Information Technology
1860,2026-03-17,purchase,"$1,001 - $15,000",8000,PAYPAL HLDGS INC,"PayPal Holdings, Inc.",PYPL,stock,Financials
1861,2026-03-17,purchase,"$1,001 - $15,000",8000,PALO ALTO NETWORKS INC,"Palo Alto Networks, Inc.",PANW,stock,Information Technology
1862,2026-03-23,purchase,"$1,001 - $15,000",8000,MERCK & CO. INC.,"Merck & Co., Inc.",MRK,stock,Health Care
1863,2026-03-17,purchase,"$1,001 - $15,000",8000,TYSON FOODS INC CLASS A,"Tyson Foods, Inc.",TSN,stock,Consumer Staples
1864,2026-02-12,purchase,"$1,001 - $15,000",8000,VERIZON COMMUNICATIONS I,Verizon Communications Inc.,VZ,stock,Communication Services
1865,2026-01-12,purchase,"$1,001 - $15,000",8000,COSTCO WHSL CORP NEW,Costco Wholesale Corporation,COST,stock,Consumer Staples
1866,2026-03-17,purchase,"$1,001 - $15,000",8000,API GROUP CORP,API Group Corporation,APG,stock,Industrials
1867,2026-02-19,purchase,"$1,001 - $15,000",8000,DATADOG INC CL A,"Datadog, Inc.",DDOG,stock,Information Technology
1868,2026-03-17,purchase,"$1,001 - $15,000",8000,SOFI TECHNOLOGIES INC,SoFi Technologies Inc,SOFI,stock,Financials
1869,2026-03-17,purchase,"$1,001 - $15,000",8000,ABBVIE INC,AbbVie Inc.,ABBV,stock,Health Care
1870,2026-01-23,purchase,"$1,001 - $15,000",8000,FIRSTENERGY CORP,FirstEnergy Corp,FE,stock,Utilities
1871,2026-02-23,purchase,"$1,001 - $15,000",8000,BENTLEY SYS INC CLASS B,Bentley Systems Inc,BSY,stock,Information Technology
1872,2026-02-12,purchase,"$1,001 - $15,000",8000,MORNINGSTAR INC,Morningstar Inc,MORN,stock,Financials
1873,2026-03-26,purchase,"$1,001 - $15,000",8000,MCDONALDS CORP,McDonald's Corporation,MCD,stock,Consumer Discretionary
1874,2026-03-17,purchase,"$1,001 - $15,000",8000,UNION PAC CORP,Union Pacific Corporation,UNP,stock,Industrials
1875,2026-02-19,purchase,"$1,001 - $15,000",8000,FORTINET INC,Fortinet Inc,FTNT,stock,Information Technology
1876,2026-03-23,purchase,"$1,001 - $15,000",8000,CARLYLE GROUP INC,The Carlyle Group Inc,CG,stock,Financials
1877,2026-03-23,purchase,"$1,001 - $15,000",8000,PARKER-HANNIFIN CORP,Parker-Hannifin Corporation,PH,stock,Industrials
1878,2026-03-26,purchase,"$1,001 - $15,000",8000,CLOROX CO,The Clorox Co,CLX,stock,Consumer Staples
1879,2026-03-23,purchase,"$1,001 - $15,000",8000,AMCOR PLC F,Amcor plc,AMCR,stock,Materials
1880,2026-03-23,purchase,"$1,001 - $15,000",8000,UNITEDHEALTH GROUP INC,UnitedHealth Group Inc,UNH,stock,Health Care
1881,2026-03-17,purchase,"$1,001 - $15,000",8000,GALLAGHER ARTHUR J & CO,Arthur J. Gallagher & Co,AJG,stock,Financials
1882,2026-03-23,purchase,"$1,001 - $15,000",8000,VITAL FARMS INC,"Vital Farms, Inc.",VITL,stock,Consumer Staples
1883,2026-03-17,purchase,"$1,001 - $15,000",8000,AMERICAN EXPRESS CO,American Express Company,AXP,stock,Financials
1884,2026-03-17,purchase,"$1,001 - $15,000",8000,CSX CORP,CSX Corporation,CSX,stock,Industrials
1885,2026-03-17,purchase,"$1,001 - $15,000",8000,WELLS FARGO & CO,Wells Fargo & Company,WFC,stock,Financials
1886,2026-03-26,purchase,"$1,001 - $15,000",8000,KKR & CO INC,KKR & Co. Inc.,KKR,stock,Financials
1887,2026-03-17,purchase,"$1,001 - $15,000",8000,MSCI INC,MSCI Inc,MSCI,stock,Financials
1888,2026-03-23,purchase,"$1,001 - $15,000",8000,VULCAN MATLS CO,Vulcan Materials Company,VMC,stock,Materials
1889,2026-03-17,purchase,"$1,001 - $15,000",8000,BRISTOL MYERS SQUIBB CO,Bristol-Myers Squibb Company,BMY,stock,Health Care
1890,2026-03-23,purchase,"$1,001 - $15,000",8000,DYNATRACE INC,Dynatrace Inc.,DT,stock,Information Technology
1891,2026-03-17,purchase,"$1,001 - $15,000",8000,QUALCOMM INC,QUALCOMM Incorporated,QCOM,stock,Information Technology
1892,2026-03-17,purchase,"$1,001 - $15,000",8000,BOOKING HLDGS INC FORWARD SPLIT WITH STOCK SPLIT SHARES,Booking Holdings Inc.,BKNG,stock,Consumer Discretionary
1893,2026-03-04,purchase,"$1,001 - $15,000",8000,COREBRIDGE FINANCIAL INC,"Corebridge Financial, Inc.",CRBG,stock,Financials
1894,2026-03-23,purchase,"$1,001 - $15,000",8000,ESSEX PPTY TR INC REIT,Essex Property Trust Inc,ESS,stock,Real Estate
1895,2026-03-23,purchase,"$1,001 - $15,000",8000,PHILIP MORRIS INTL INC,Philip Morris International Inc.,PM,stock,Consumer Staples
1896,2026-03-17,purchase,"$1,001 - $15,000",8000,AMPHENOL CORP NEW CLASS A,Amphenol Corporation,APH,stock,Information Technology
1897,2026-03-17,purchase,"$1,001 - $15,000",8000,KLA CORP,KLA Corporation,KLAC,stock,Information Technology
1898,2026-03-17,purchase,"$1,001 - $15,000",8000,FIDELITY NATL INFORMATIO,Fidelity National Information Services,FIS,stock,Financials
1899,2026-02-23,purchase,"$1,001 - $15,000",8000,FLUTTER ENTMNT PLC F,Flutter Entertainment plc,FLUT,stock,Consumer Discretionary
1900,2026-02-23,purchase,"$1,001 - $15,000",8000,SNOWFLAKE INC CLASS A,Snowflake Inc,SNOW,stock,Information Technology
1901,2026-03-26,purchase,"$1,001 - $15,000",8000,VICI PPTYS INC REIT,VICI Properties Inc.,VICI,stock,Real Estate
1902,2026-02-23,purchase,"$1,001 - $15,000",8000,ZILLOW GROUP INC CLASS C,Zillow Group Inc,ZG,stock,Communication Services
1903,2026-03-23,purchase,"$1,001 - $15,000",8000,REGIONS FINL CORP NEW,Regions Financial Corporation,RF,stock,Financials
1904,2026-01-23,purchase,"$1,001 - $15,000",8000,EBAY INC,eBay Inc.,EBAY,stock,Consumer Discretionary
1905,2026-03-26,purchase,"$1,001 - $15,000",8000,HEICO CORP NEW,HEICO Corporation,HEI,stock,Industrials
1906,2026-03-17,purchase,"$1,001 - $15,000",8000,KKR & CO INC,KKR & Co. Inc.,KKR,stock,Financials
1907,2026-03-04,purchase,"$1,001 - $15,000",8000,T ROWE PRICE GROUP INC,T. Rowe Price Group Inc,TROW,stock,Financials
1908,2026-01-21,purchase,"$1,001 - $15,000",8000,TRANE TECHNOLOGIES PLC F,Trane Technologies plc,TT,stock,Industrials
1909,2026-03-26,purchase,"$1,001 - $15,000",8000,FISERV INC,Fiserv Inc,FI,stock,Financials
1910,2026-02-19,purchase,"$1,001 - $15,000",8000,AUTODESK INC,Autodesk Inc,ADSK,stock,Information Technology
1911,2026-02-23,purchase,"$1,001 - $15,000",8000,TOAST INC CLASS A,"Toast, Inc.",TOST,stock,Information Technology
1912,2026-03-17,purchase,"$1,001 - $15,000",8000,CITIGROUP INC,Citigroup Inc,C,stock,Financials
1913,2026-03-17,purchase,"$1,001 - $15,000",8000,ALTRIA GROUP INC,"Altria Group, Inc.",MO,stock,Consumer Staples
1914,2026-03-23,purchase,"$1,001 - $15,000",8000,PINNACLE FINL PARTNERS I,Pinnacle Financial Partners Inc.,PNFP,stock,Financials
1915,2026-03-17,purchase,"$1,001 - $15,000",8000,O REILLY AUTOMOTIVE INC,O'Reilly Automotive Inc.,ORLY,stock,Consumer Discretionary
1916,2026-03-23,purchase,"$1,001 - $15,000",8000,ORACLE CORP,Oracle Corporation,ORCL,stock,Information Technology
1917,2026-03-17,purchase,"$1,001 - $15,000",8000,CISCO SYS INC,Cisco Systems Inc,CSCO,stock,Information Technology
1918,2026-03-17,purchase,"$1,001 - $15,000",8000,RB GLOBAL INC F,RB Global Inc.,RBA,stock,Industrials
1919,2026-02-19,purchase,"$1,001 - $15,000",8000,WORKDAY INC CL A,"Workday, Inc.",WDAY,stock,Information Technology
1920,2026-02-23,purchase,"$1,001 - $15,000",8000,FACTSET RESH SYS INC,FactSet Research Systems Inc,FDS,stock,Financials
1921,2026-02-23,purchase,"$1,001 - $15,000",8000,PTC INC,PTC Inc.,PTC,stock,Information Technology
1922,2026-03-17,purchase,"$1,001 - $15,000",8000,CONOCOPHILLIPS,ConocoPhillips,COP,stock,Energy
1923,2026-02-19,purchase,"$1,001 - $15,000",8000,INTUIT INC,Intuit Inc.,INTU,stock,Information Technology
1924,2026-03-23,purchase,"$1,001 - $15,000",8000,STATE STR CORP,State Street Corporation,STT,stock,Financials
1925,2026-03-23,purchase,"$1,001 - $15,000",8000,CATERPILLAR INC,Caterpillar Inc,CAT,stock,Industrials
1926,2026-02-12,purchase,"$1,001 - $15,000",8000,WORKDAY INC CLASS A,"Workday, Inc.",WDAY,stock,Information Technology
1927,2026-03-23,purchase,"$1,001 - $15,000",8000,CINTAS CORP,Cintas Corp,CTAS,stock,Industrials
1928,2026-03-17,purchase,"$1,001 - $15,000",8000,TAKE-TWO INTERACTIVE SOF,Take-Two Interactive Software Inc,TTWO,stock,Communication Services
1929,2026-02-12,purchase,"$1,001 - $15,000",8000,ROPER TECHNOLOGIES INC,"Roper Technologies, Inc.",ROP,stock,Industrials
1930,2026-03-23,purchase,"$1,001 - $15,000",8000,MONSTER BEVERAGE CORP NE,Monster Beverage Corporation,MNST,stock,Consumer Staples
1931,2026-02-12,purchase,"$1,001 - $15,000",8000,PROGRESSIVE CORP OH,The Progressive Corporation,PGR,stock,Financials
1932,2026-02-12,purchase,"$1,001 - $15,000",8000,SS&C TECHNOLOGIES HLDGS,"SS&C Technologies Holdings, Inc.",SSNC,stock,Information Technology
1933,2026-03-17,purchase,"$1,001 - $15,000",8000,STRATEGY INC CLASS A,Strategy Inc. (MicroStrategy),MSTR,stock,Information Technology
1934,2026-02-23,purchase,"$1,001 - $15,000",8000,SOUTHERN CO,Southern Company,SO,stock,Utilities
1935,2026-03-23,purchase,"$1,001 - $15,000",8000,STIFEL FINL CORP,Stifel Financial Corp.,SF,stock,Financials
1936,2026-03-17,purchase,"$1,001 - $15,000",8000,JOHNSON & JOHNSON,Johnson & Johnson,JNJ,stock,Health Care
1937,2026-03-17,purchase,"$1,001 - $15,000",8000,PPG INDS INC,PPG Industries Inc.,PPG,stock,Materials
1938,2026-03-17,purchase,"$1,001 - $15,000",8000,THE COCA-COLA CO,The Coca-Cola Company,KO,stock,Consumer Staples
1939,2026-03-23,purchase,"$1,001 - $15,000",8000,ANNALY CAP MGMT INC REIT,Annaly Capital Management Inc,NLY,stock,Financials
1940,2026-02-23,purchase,"$1,001 - $15,000",8000,PAYCOM SOFTWARE INC,"Paycom Software, Inc.",PAYC,stock,Industrials
1941,2026-02-23,purchase,"$1,001 - $15,000",8000,GUIDEWIRE SOFTWARE INC,Guidewire Software Inc,GWRE,stock,Information Technology
1942,2026-03-17,purchase,"$1,001 - $15,000",8000,DEERE & CO,Deere & Company,DE,stock,Industrials
1943,2026-02-19,purchase,"$1,001 - $15,000",8000,ADVANCED MICRO DEVICES INC,Advanced Micro Devices Inc,AMD,stock,Information Technology
1944,2026-03-23,purchase,"$1,001 - $15,000",8000,MCDONALDS CORP,McDonald's Corporation,MCD,stock,Consumer Discretionary
1945,2026-02-19,purchase,"$1,001 - $15,000",8000,STARBUCKS CORP,Starbucks Corporation,SBUX,stock,Consumer Discretionary
1946,2026-03-23,purchase,"$1,001 - $15,000",8000,NIKE INC CLASS B,Nike Inc.,NKE,stock,Consumer Discretionary
1947,2026-03-23,purchase,"$1,001 - $15,000",8000,APPLIED MATLS INC,Applied Materials Inc,AMAT,stock,Information Technology
1948,2026-03-26,purchase,"$1,001 - $15,000",8000,INGERSOLL RAND INC,Ingersoll Rand Inc.,IR,stock,Industrials
1949,2026-01-21,purchase,"$1,001 - $15,000",8000,EXELON CORP,Exelon Corporation,EXC,stock,Utilities
1950,2026-03-23,purchase,"$1,001 - $15,000",8000,HOME DEPOT INC,The Home Depot Inc.,HD,stock,Consumer Discretionary
1951,2026-03-26,purchase,"$1,001 - $15,000",8000,APOLLO GLOBAL MGMT INC CLASS A,Apollo Global Management Inc,APO,stock,Financials
1952,2026-03-23,purchase,"$1,001 - $15,000",8000,RTX CORP,RTX Corporation,RTX,stock,Industrials
1953,2026-01-21,purchase,"$1,001 - $15,000",8000,ACCENTURE PLC IRELAND F CLASS A,Accenture plc,ACN,stock,Information Technology
1954,2026-03-17,purchase,"$1,001 - $15,000",8000,EQUINIX INC REIT,Equinix Inc,EQIX,stock,Real Estate
1955,2026-02-23,purchase,"$1,001 - $15,000",8000,DOORDASH INC CLASS A,DoorDash Inc.,DASH,stock,Consumer Discretionary
1956,2026-03-17,purchase,"$1,001 - $15,000",8000,MCDONALDS CORP,McDonald's Corporation,MCD,stock,Consumer Discretionary
1957,2026-02-19,purchase,"$1,001 - $15,000",8000,TEXAS INSTRUMENTS INC,Texas Instruments Incorporated,TXN,stock,Information Technology
1958,2026-01-12,purchase,"$1,001 - $15,000",8000,UBER TECHNOLOGIES INC,Uber Technologies Inc,UBER,stock,Industrials
1959,2026-02-23,purchase,"$1,001 - $15,000",8000,TRANSDIGM GROUP INC,TransDigm Group Incorporated,TDG,stock,Industrials
1960,2026-03-23,purchase,"$1,001 - $15,000",8000,INTEL CORP,Intel Corporation,INTC,stock,Information Technology
1961,2026-02-19,purchase,"$1,001 - $15,000",8000,CDW CORP,CDW Corporation,CDW,stock,Information Technology
1962,2026-03-26,purchase,"$1,001 - $15,000",8000,MOODYS CORP,Moody's Corporation,MCO,stock,Financials
1963,2026-03-23,purchase,"$1,001 - $15,000",8000,GE HEALTHCARE TECHNOLOGI,GE HealthCare Technologies Inc,GEHC,stock,Health Care
1964,2026-03-17,purchase,"$1,001 - $15,000",8000,PNC FINL SERVICES,PNC Financial Services Group Inc.,PNC,stock,Financials
1965,2026-01-23,purchase,"$1,001 - $15,000",8000,SUPER MICRO COMPUTER INC,Super Micro Computer Inc,SMCI,stock,Information Technology
1966,2026-03-23,purchase,"$1,001 - $15,000",8000,ROYAL CARIBBEAN GROU F,Royal Caribbean Group,RCL,stock,Consumer Discretionary
1967,2026-03-17,purchase,"$1,001 - $15,000",8000,BLACKROCK INC NEW,"BlackRock, Inc.",BLK,stock,Financials
1968,2026-03-17,purchase,"$1,001 - $15,000",8000,PPL CORP,PPL Corporation,PPL,stock,Utilities
1969,2026-03-17,purchase,"$1,001 - $15,000",8000,EMERSON ELEC CO,Emerson Electric Co.,EMR,stock,Industrials
1970,2026-02-19,purchase,"$1,001 - $15,000",8000,PTC INC,PTC Inc.,PTC,stock,Information Technology
1971,2026-03-17,purchase,"$1,001 - $15,000",8000,ENTERGY CORP NEW,Entergy Corporation,ETR,stock,Utilities
1972,2026-03-17,purchase,"$1,001 - $15,000",8000,VERALTO CORP,Veralto Corporation,VLTO,stock,Industrials
1973,2026-01-23,purchase,"$1,001 - $15,000",8000,XCEL ENERGY INC,Xcel Energy Inc,XEL,stock,Utilities
1974,2026-03-17,purchase,"$1,001 - $15,000",8000,PFIZER INC,Pfizer Inc.,PFE,stock,Health Care
1975,2026-02-12,purchase,"$1,001 - $15,000",8000,PAYLOCITY HLDG CORP,Paylocity Holding Corporation,PCTY,stock,Information Technology
1976,2026-03-17,purchase,"$1,001 - $15,000",8000,INTERNATIONAL FLAVORS & FRAGRANCES INC,International Flavors & Fragrances Inc.,IFF,stock,Materials
1977,2026-03-23,purchase,"$1,001 - $15,000",8000,FERGUSON ENTERPRISES INC,Ferguson Enterprises Inc,FERG,stock,Industrials
1978,2026-03-23,purchase,"$1,001 - $15,000",8000,BANK OF AMERICA CORP,Bank of America Corporation,BAC,stock,Financials
1979,2026-03-23,purchase,"$1,001 - $15,000",8000,LULULEMON ATHLETICA INC,Lululemon Athletica Inc.,LULU,stock,Consumer Discretionary
1980,2026-03-23,purchase,"$1,001 - $15,000",8000,ROBINHOOD MKTS INC CLASS A,"Robinhood Markets, Inc.",HOOD,stock,Financials
1981,2026-02-19,purchase,"$1,001 - $15,000",8000,VERTEX PHARMACEUTICALS INC,Vertex Pharmaceuticals Incorporated,VRTX,stock,Health Care
1982,2026-03-23,purchase,"$1,001 - $15,000",8000,PACCAR INC,PACCAR Inc.,PCAR,stock,Industrials
1983,2026-03-23,purchase,"$1,001 - $15,000",8000,CNH INDL N V F,CNH Industrial NV,CNHI,stock,Industrials
1984,2026-01-12,purchase,"$1,001 - $15,000",8000,WELLTOWER INC REIT,Welltower Inc.,WELL,stock,Real Estate
1985,2026-02-23,purchase,"$1,001 - $15,000",8000,PROCORE TECHNOLOGIES INC,Procore Technologies Inc.,PCOR,stock,Information Technology
1986,2026-01-21,purchase,"$1,001 - $15,000",8000,GALLAGHER ARTHUR J & CO,Arthur J. Gallagher & Co,AJG,stock,Financials
1987,2026-01-12,purchase,"$1,001 - $15,000",8000,UNITEDHEALTH GROUP INC,UnitedHealth Group Inc,UNH,stock,Health Care
1988,2026-03-23,purchase,"$1,001 - $15,000",8000,GENUINE PARTS CO,Genuine Parts Company,GPC,stock,Consumer Discretionary
1989,2026-03-23,purchase,"$1,001 - $15,000",8000,MEDTRONIC PLC F,Medtronic plc,MDT,stock,Health Care
1990,2026-01-12,purchase,"$1,001 - $15,000",8000,CROWDSTRIKE HLDGS INC CLASS A,CrowdStrike Holdings Inc,CRWD,stock,Information Technology
1991,2026-03-17,purchase,"$1,001 - $15,000",8000,APPLOVIN CORP CLASS A,AppLovin Corporation,APP,stock,Communication Services
1992,2026-03-26,purchase,"$1,001 - $15,000",8000,COPART INC,"Copart, Inc.",CPRT,stock,Industrials
1993,2026-03-23,purchase,"$1,001 - $15,000",8000,TOAST INC CLASS A,"Toast, Inc.",TOST,stock,Information Technology
1994,2026-03-23,purchase,"$1,001 - $15,000",8000,PROLOGIS INC REIT,Prologis Inc.,PLD,stock,Real Estate
1995,2026-03-23,purchase,"$1,001 - $15,000",8000,REGENERON PHARMACEUTICAL,"Regeneron Pharmaceuticals, Inc.",REGN,stock,Health Care
1996,2026-02-12,purchase,"$1,001 - $15,000",8000,AGILENT TECHNOLOGIES INC,Agilent Technologies Inc,A,stock,Health Care
1997,2026-03-17,purchase,"$1,001 - $15,000",8000,WOODWARD INC,Woodward Inc,WWD,stock,Industrials
1998,2026-01-12,purchase,"$1,001 - $15,000",8000,WEC ENERGY GROUP INC,WEC Energy Group Inc,WEC,stock,Utilities
1999,2026-01-21,purchase,"$1,001 - $15,000",8000,AON PLC F CLASS A,Aon plc,AON,stock,Financials
2000,2026-03-23,purchase,"$1,001 - $15,000",8000,BEST BUY INC,"Best Buy Co., Inc.",BBY,stock,Consumer Discretionary
2001,2026-03-23,purchase,"$1,001 - $15,000",8000,SMUCKER J M CO,J.M. Smucker Company,SJM,stock,Consumer Staples
2002,2026-03-17,purchase,"$1,001 - $15,000",8000,EMCOR GROUP INC,EMCOR Group Inc.,EME,stock,Industrials
2003,2026-03-23,purchase,"$1,001 - $15,000",8000,WATERS CORP,Waters Corporation,WAT,stock,Health Care
2004,2026-03-26,purchase,"$1,001 - $15,000",8000,PAYPAL HLDGS INC,"PayPal Holdings, Inc.",PYPL,stock,Financials
2005,2026-02-23,purchase,"$1,001 - $15,000",8000,EXLSERVICE HLDGS INC,ExlService Holdings Inc,EXLS,stock,Industrials
2006,2026-03-23,purchase,"$1,001 - $15,000",8000,NAPCO SEC TECHNOLOGIES I,Napco Security Technologies Inc,NSSC,stock,Industrials
2007,2026-03-23,purchase,"$1,001 - $15,000",8000,ROYAL GOLD INC,"Royal Gold, Inc.",RGLD,stock,Materials
2008,2026-03-23,purchase,"$1,001 - $15,000",8000,UNION PAC CORP,Union Pacific Corporation,UNP,stock,Industrials
2009,2026-02-12,purchase,"$1,001 - $15,000",8000,COSTAR GROUP INC,"CoStar Group, Inc.",CSGP,stock,Real Estate
2010,2026-02-23,purchase,"$1,001 - $15,000",8000,DATADOG INC CLASS A,"Datadog, Inc.",DDOG,stock,Information Technology
2011,2026-01-12,purchase,"$1,001 - $15,000",8000,T-MOBILE US INC,T-Mobile US Inc,TMUS,stock,Communication Services
2012,2026-03-26,purchase,"$1,001 - $15,000",8000,GALLAGHER ARTHUR J & CO,Arthur J. Gallagher & Co,AJG,stock,Financials
2013,2026-02-12,purchase,"$1,001 - $15,000",8000,BROADRIDGE FINL SOLUTION,Broadridge Financial Solutions Inc,BR,stock,Information Technology
2014,2026-02-12,purchase,"$1,001 - $15,000",8000,FACTSET RESH SYS INC,FactSet Research Systems Inc,FDS,stock,Financials
2015,2026-01-21,purchase,"$1,001 - $15,000",8000,EOG RES INC,EOG Resources Inc,EOG,stock,Energy
2016,2026-03-23,purchase,"$1,001 - $15,000",8000,L3HARRIS TECHNOLOGIES IN,"L3Harris Technologies, Inc.",LHX,stock,Industrials
2017,2026-02-19,purchase,"$1,001 - $15,000",8000,DEXCOM INC,"DexCom, Inc.",DXCM,stock,Health Care
2018,2026-03-23,purchase,"$1,001 - $15,000",8000,NVENT ELEC PLC F,nVent Electric plc,NVT,stock,Industrials
2019,2026-03-23,purchase,"$1,001 - $15,000",8000,MCKESSON CORP,McKesson Corporation,MCK,stock,Health Care
2020,2026-03-23,purchase,"$1,001 - $15,000",8000,COTERRA ENERGY INC,Coterra Energy Inc.,CTRA,stock,Energy
2021,2026-02-23,purchase,"$1,001 - $15,000",8000,COINBASE GLOBAL INC CLASS A,Coinbase Global Inc,COIN,stock,Financials
2022,2026-01-21,purchase,"$1,001 - $15,000",8000,PAYLOCITY HLDG CORP,Paylocity Holding Corporation,PCTY,stock,Information Technology
2023,2026-03-23,purchase,"$1,001 - $15,000",8000,ZIMMER BIOMET HLDGS INC,Zimmer Biomet Holdings Inc,ZBH,stock,Health Care
2024,2026-03-17,purchase,"$1,001 - $15,000",8000,GLOBAL PMTS INC,Global Payments Inc,GPN,stock,Financials
2025,2026-03-23,purchase,"$1,001 - $15,000",8000,KEYSIGHT TECHNOLOGIES IN,"Keysight Technologies, Inc.",KEYS,stock,Information Technology
2026,2026-03-17,purchase,"$1,001 - $15,000",8000,METLIFE INC,MetLife Inc,MET,stock,Financials
2027,2026-02-12,purchase,"$1,001 - $15,000",8000,ARES MGMT CORP CLASS A,Ares Management Corporation,ARES,stock,Financials
2028,2026-03-23,purchase,"$1,001 - $15,000",8000,VERIZON COMMUNICATIONS I,Verizon Communications Inc.,VZ,stock,Communication Services
2029,2026-03-26,purchase,"$1,001 - $15,000",8000,ADVANCED MICRO DEVIC,Advanced Micro Devices Inc,AMD,stock,Information Technology
2030,2026-03-26,purchase,"$1,001 - $15,000",8000,KRAFT HEINZ CO,The Kraft Heinz Company,KHC,stock,Consumer Staples
2031,2026-03-23,purchase,"$1,001 - $15,000",8000,TALEN ENERGY CORP NEW CLASS EQUITY,Talen Energy Corporation,TLN,stock,Utilities
2032,2026-02-23,purchase,"$1,001 - $15,000",8000,GEN DIGITAL INC,Gen Digital Inc,GEN,stock,Information Technology
2033,2026-03-17,purchase,"$1,001 - $15,000",8000,ANALOG DEVICES INC,Analog Devices Inc,ADI,stock,Information Technology
2034,2026-03-23,purchase,"$1,001 - $15,000",8000,DISNEY WALT CO,The Walt Disney Company,DIS,stock,Communication Services
2035,2026-02-12,purchase,"$1,001 - $15,000",8000,BROWN & BROWN INC,Brown & Brown Inc,BRO,stock,Financials
2036,2026-01-21,purchase,"$1,001 - $15,000",8000,COPART INC,"Copart, Inc.",CPRT,stock,Industrials
2037,2026-03-17,purchase,"$1,001 - $15,000",8000,BOSTON SCIENTIFIC CORP,Boston Scientific Corporation,BSX,stock,Health Care
2038,2026-03-17,purchase,"$1,001 - $15,000",8000,QUANTA SVCS INC,"Quanta Services, Inc.",PWR,stock,Industrials
2039,2026-03-17,purchase,"$1,001 - $15,000",8000,EQT CORP,EQT Corporation,EQT,stock,Energy
2040,2026-03-23,purchase,"$1,001 - $15,000",8000,ENTEGRIS INC,Entegris Inc,ENTG,stock,Materials
2041,2026-03-23,purchase,"$1,001 - $15,000",8000,TE CONNECTIVITY PLC F,TE Connectivity plc,TEL,stock,Information Technology
2042,2026-03-23,purchase,"$1,001 - $15,000",8000,ITT INC,ITT Inc,ITT,stock,Industrials
2043,2026-03-17,purchase,"$1,001 - $15,000",8000,BOEING CO,The Boeing Company,BA,stock,Industrials
2044,2026-03-17,purchase,"$1,001 - $15,000",8000,ONEOK INC NEW,ONEOK Inc.,OKE,stock,Energy
2045,2026-03-23,purchase,"$1,001 - $15,000",8000,AUTOZONE INC,AutoZone Inc,AZO,stock,Consumer Discretionary
2046,2026-02-23,purchase,"$1,001 - $15,000",8000,TRANSUNION,TransUnion,TRU,stock,Industrials
2047,2026-03-26,purchase,"$1,001 - $15,000",8000,STRATEGY INC CLASS A,Strategy Inc. (MicroStrategy),MSTR,stock,Information Technology
2048,2026-03-23,purchase,"$1,001 - $15,000",8000,RAYMOND JAMES FINL INC,"Raymond James Financial, Inc.",RJF,stock,Financials
2049,2026-03-23,purchase,"$1,001 - $15,000",8000,PEPSICO INC,"PepsiCo, Inc.",PEP,stock,Consumer Staples
2050,2026-03-23,purchase,"$1,001 - $15,000",8000,GILEAD SCIENCES INC,"Gilead Sciences, Inc.",GILD,stock,Health Care
2051,2026-03-17,purchase,"$1,001 - $15,000",8000,YUM BRANDS INC,Yum! Brands Inc,YUM,stock,Consumer Discretionary
2052,2026-02-12,purchase,"$1,001 - $15,000",8000,DOCUSIGN INC,"DocuSign, Inc.",DOCU,stock,Information Technology
2053,2026-03-23,purchase,"$1,001 - $15,000",8000,GUIDEWIRE SOFTWARE INC,Guidewire Software Inc,GWRE,stock,Information Technology
2054,2026-02-12,purchase,"$1,001 - $15,000",8000,COUPANG INC CLASS A,Coupang Inc,CPNG,stock,Consumer Discretionary
2055,2026-03-23,purchase,"$1,001 - $15,000",8000,DIAMONDBACK ENERGY INC,"Diamondback Energy, Inc.",FANG,stock,Energy
2056,2026-03-23,purchase,"$1,001 - $15,000",8000,TRAVELERS COS INC,"The Travelers Companies, Inc.",TRV,stock,Financials
2057,2026-03-23,purchase,"$1,001 - $15,000",8000,PROGRESSIVE CORP OH,The Progressive Corporation,PGR,stock,Financials
2058,2026-03-23,purchase,"$1,001 - $15,000",8000,CHUBB LTD F,Chubb Ltd,CB,stock,Financials
2059,2026-01-23,purchase,"$1,001 - $15,000",8000,ELECTRONIC ARTS INC,Electronic Arts Inc.,EA,stock,Communication Services
2060,2026-03-17,purchase,"$1,001 - $15,000",8000,EOG RES INC,EOG Resources Inc,EOG,stock,Energy
2061,2026-03-17,purchase,"$1,001 - $15,000",8000,EATON CORP PLC F,Eaton Corporation plc,ETN,stock,Industrials
2062,2026-03-23,purchase,"$1,001 - $15,000",8000,CDW CORP,CDW Corporation,CDW,stock,Information Technology
2063,2026-03-23,purchase,"$1,001 - $15,000",8000,FEDEX CORP,FedEx Corporation,FDX,stock,Industrials
2064,2026-03-17,purchase,"$1,001 - $15,000",8000,VERTEX PHARMACEUTICALS I,Vertex Pharmaceuticals Incorporated,VRTX,stock,Health Care
2065,2026-03-26,purchase,"$1,001 - $15,000",8000,CONSTELLATION ENERGY COR,Constellation Energy Corporation,CEG,stock,Utilities
2066,2026-01-21,purchase,"$1,001 - $15,000",8000,ADVANCED MICRO DEVIC,Advanced Micro Devices Inc,AMD,stock,Information Technology
2067,2026-03-17,purchase,"$1,001 - $15,000",8000,PFIZER INC,Pfizer Inc.,PFE,stock,Health Care
2068,2026-03-23,purchase,"$1,001 - $15,000",8000,EVEREST REINSURANCE GR F,Everest Group Ltd,EG,stock,Financials
2069,2026-03-23,purchase,"$1,001 - $15,000",8000,MONOLITHIC PWR SYS INC,Monolithic Power Systems Inc,MPWR,stock,Information Technology
2070,2026-03-23,purchase,"$1,001 - $15,000",8000,BANK NEW YORK MELLON COR,The Bank of New York Mellon Corporation,BK,stock,Financials
2071,2026-01-12,purchase,"$1,001 - $15,000",8000,META PLATFORMS INC CLASS A,Meta Platforms Inc,META,stock,Communication Services
2072,2026-03-23,purchase,"$1,001 - $15,000",8000,TEXAS INSTRS INC,Texas Instruments Incorporated,TXN,stock,Information Technology
2073,2026-03-23,purchase,"$1,001 - $15,000",8000,GARTNER INC,Gartner Inc,IT,stock,Information Technology
2074,2026-03-23,purchase,"$1,001 - $15,000",8000,MARVELL TECHNOLOGY INC,"Marvell Technology, Inc.",MRVL,stock,Information Technology
2075,2026-03-23,purchase,"$1,001 - $15,000",8000,UBER TECHNOLOGIES INC,Uber Technologies Inc,UBER,stock,Industrials
2076,2026-03-23,purchase,"$1,001 - $15,000",8000,IBM CORP,International Business Machines Corporation,IBM,stock,Information Technology
2077,2026-03-23,purchase,"$1,001 - $15,000",8000,GRAINGER W W INC,W.W. Grainger Inc,GWW,stock,Industrials
2078,2026-01-12,purchase,"$1,001 - $15,000",8000,GE VERNOVA INC,GE Vernova Inc,GEV,stock,Industrials
2079,2026-03-23,purchase,"$1,001 - $15,000",8000,PRUDENTIAL FINL INC,"Prudential Financial, Inc.",PRU,stock,Financials
2080,2026-02-23,purchase,"$1,001 - $15,000",8000,ELASTIC N V F,Elastic N.V.,ESTC,stock,Information Technology
2081,2026-03-23,purchase,"$1,001 - $15,000",8000,FABRINET F,Fabrinet,FN,stock,Information Technology
2082,2026-03-23,purchase,"$1,001 - $15,000",8000,WILLIS TOWERS WATSON P F,Willis Towers Watson Public Limited Company,WTW,stock,Financials
2083,2026-03-23,purchase,"$1,001 - $15,000",8000,REINSURANCE GROUP AMER I,"Reinsurance Group of America, Incorporated",RGA,stock,Financials
2084,2026-03-23,purchase,"$1,001 - $15,000",8000,AFLAC INC,Aflac Incorporated,AFL,stock,Financials
2085,2026-03-23,purchase,"$1,001 - $15,000",8000,DELL TECHNOLOGIES INC CLASS C,Dell Technologies Inc.,DELL,stock,Information Technology
2086,2026-02-19,purchase,"$1,001 - $15,000",8000,MONGODB INC CL A,MongoDB Inc,MDB,stock,Information Technology
2087,2026-03-23,purchase,"$1,001 - $15,000",8000,SOUTHERN CO,Southern Company,SO,stock,Utilities
2088,2026-03-23,purchase,"$1,001 - $15,000",8000,ATLASSIAN CORP CLASS A,Atlassian Corporation,TEAM,stock,Information Technology
2089,2026-03-23,purchase,"$1,001 - $15,000",8000,EXELON CORP,Exelon Corporation,EXC,stock,Utilities
2090,2026-03-23,purchase,"$1,001 - $15,000",8000,CREDO TECHNOLOGY GROUP F,Credo Technology Group Holding Ltd,CRDO,stock,Information Technology
2091,2026-03-23,purchase,"$1,001 - $15,000",8000,AT&T INC,AT&T Inc,T,stock,Communication Services
2092,2026-03-23,purchase,"$1,001 - $15,000",8000,REVOLUTION MEDICINES INC,"Revolution Medicines, Inc.",RVMD,stock,Health Care
2093,2026-03-23,purchase,"$1,001 - $15,000",8000,DATADOG INC CLASS A,"Datadog, Inc.",DDOG,stock,Information Technology
2094,2026-03-23,purchase,"$1,001 - $15,000",8000,OTIS WORLDWIDE CORP,Otis Worldwide Corporation,OTIS,stock,Industrials
2095,2026-02-12,purchase,"$1,001 - $15,000",8000,PROCORE TECHNOLOGIES INC,Procore Technologies Inc.,PCOR,stock,Information Technology
2096,2026-03-23,purchase,"$1,001 - $15,000",8000,EXTRA SPACE STORAGE INC REIT,Extra Space Storage Inc,EXR,stock,Real Estate
2097,2026-02-23,purchase,"$1,001 - $15,000",8000,AON PLC F CLASS A,Aon plc,AON,stock,Financials
2098,2026-03-23,purchase,"$1,001 - $15,000",8000,RESMED INC,ResMed Inc.,RMD,stock,Health Care
2099,2026-03-23,purchase,"$1,001 - $15,000",8000,GENERAL MTRS CO,General Motors Company,GM,stock,Consumer Discretionary
2100,2026-03-23,purchase,"$1,001 - $15,000",8000,CONOCOPHILLIPS,ConocoPhillips,COP,stock,Energy
2101,2026-02-23,purchase,"$1,001 - $15,000",8000,COUPANG INC CLASS A,Coupang Inc,CPNG,stock,Consumer Discretionary
2102,2026-03-23,purchase,"$1,001 - $15,000",8000,GODADDY INC CLASS A,GoDaddy Inc,GDDY,stock,Information Technology
2103,2026-03-23,purchase,"$1,001 - $15,000",8000,VICI PPTYS INC REIT,VICI Properties Inc.,VICI,stock,Real Estate
2104,2026-03-23,purchase,"$1,001 - $15,000",8000,PFIZER INC,Pfizer Inc.,PFE,stock,Health Care
2105,2026-03-17,purchase,"$1,001 - $15,000",8000,GILEAD SCIENCES INC,"Gilead Sciences, Inc.",GILD,stock,Health Care
2106,2026-03-23,purchase,"$1,001 - $15,000",8000,NEXTERA ENERGY INC,"NextEra Energy, Inc.",NEE,stock,Utilities
2107,2026-03-23,purchase,"$1,001 - $15,000",8000,TYLER TECHNOLOGIES INC,"Tyler Technologies, Inc.",TYL,stock,Information Technology
2108,2026-03-23,purchase,"$1,001 - $15,000",8000,BAKER HUGHES CO. A CLASS A,Baker Hughes Company,BKR,stock,Energy
2109,2026-03-23,purchase,"$1,001 - $15,000",8000,PG&E CORP,PG&E Corporation,PCG,stock,Utilities
2110,2026-03-23,purchase,"$1,001 - $15,000",8000,COGNIZANT TECHNOLOGY SOL CLASS A,Cognizant Technology Solutions Corp,CTSH,stock,Information Technology
2111,2026-03-23,purchase,"$1,001 - $15,000",8000,SEMPRA,Sempra,SRE,stock,Utilities
2112,2026-03-23,purchase,"$1,001 - $15,000",8000,CORNING INC,Corning Incorporated,GLW,stock,Information Technology
2113,2026-01-21,purchase,"$1,001 - $15,000",8000,FISERV INC,Fiserv Inc,FI,stock,Financials
2114,2026-03-23,purchase,"$1,001 - $15,000",8000,DOMINION ENERGY INC,"Dominion Energy, Inc.",D,stock,Utilities
2115,2026-03-23,purchase,"$1,001 - $15,000",8000,COLGATE PALMOLIVE CO,Colgate-Palmolive Co,CL,stock,Consumer Staples
2116,2026-03-23,purchase,"$1,001 - $15,000",8000,GENERAL DYNAMICS CORP,General Dynamics Corporation,GD,stock,Industrials
2117,2026-03-17,purchase,"$1,001 - $15,000",8000,SNOWFLAKE INC CLASS A,Snowflake Inc,SNOW,stock,Information Technology
2118,2026-03-23,purchase,"$1,001 - $15,000",8000,VENTAS INC REIT,Ventas Inc,VTR,stock,Real Estate
2119,2026-03-23,purchase,"$1,001 - $15,000",8000,AMGEN INC,Amgen Inc.,AMGN,stock,Health Care
2120,2026-03-23,purchase,"$1,001 - $15,000",8000,INTERCONTINENTAL EXCHANG,"Intercontinental Exchange, Inc.",ICE,stock,Financials
2121,2026-03-17,purchase,"$1,001 - $15,000",8000,AUTOMATIC DATA PROCESSIN,Automatic Data Processing Inc,ADP,stock,Information Technology
2122,2026-03-23,purchase,"$1,001 - $15,000",8000,TELEDYNE TECHNOLOGIES IN,Teledyne Technologies Incorporated,TDY,stock,Information Technology
2123,2026-03-23,purchase,"$1,001 - $15,000",8000,WELLS FARGO & CO,Wells Fargo & Company,WFC,stock,Financials
2124,2026-03-23,purchase,"$1,001 - $15,000",8000,VEEVA SYS INC CLASS A,Veeva Systems Inc,VEEV,stock,Health Care
2125,2026-03-23,purchase,"$1,001 - $15,000",8000,ABBOTT LABS,Abbott Laboratories,ABT,stock,Health Care
2126,2026-03-23,purchase,"$1,001 - $15,000",8000,LOCKHEED MARTIN CORP,Lockheed Martin Corporation,LMT,stock,Industrials
2127,2026-03-17,purchase,"$1,001 - $15,000",8000,CARVANA CO CLASS A,Carvana Co.,CVNA,stock,Consumer Discretionary
2128,2026-03-23,purchase,"$1,001 - $15,000",8000,SYSCO CORP,Sysco Corporation,SYY,stock,Consumer Staples
2129,2026-03-23,purchase,"$1,001 - $15,000",8000,TARGA RES CORP,Targa Resources Corp,TRGP,stock,Energy
2130,2026-03-23,purchase,"$1,001 - $15,000",8000,HARTFORD INS GROUP INC,"The Hartford Financial Services Group, Inc.",HIG,stock,Financials
2131,2026-03-23,purchase,"$1,001 - $15,000",8000,NEXTPOWER INC CLASS A,NextPower Inc.,NXT,stock,Energy
2132,2026-03-23,purchase,"$1,001 - $15,000",8000,COREWEAVE INC CLASS A,"CoreWeave, Inc.",CRWV,stock,Information Technology
2133,2026-03-26,purchase,"$1,001 - $15,000",8000,AVALONBAY CMNTYS INC REIT,AvalonBay Communities Inc,AVB,stock,Real Estate
2134,2026-03-23,purchase,"$1,001 - $15,000",8000,HOWMET AEROSPACE INC,Howmet Aerospace Inc.,HWM,stock,Industrials
2135,2026-03-23,purchase,"$1,001 - $15,000",8000,HANOVER INS GROUP INC,The Hanover Insurance Group Inc,THG,stock,Financials
2136,2026-03-26,purchase,"$1,001 - $15,000",8000,LENNAR CORP CLASS A,Lennar Corporation,LEN,stock,Consumer Discretionary
2137,2026-03-23,purchase,"$1,001 - $15,000",8000,VALERO ENERGY CORP NEW,Valero Energy Corporation,VLO,stock,Energy
2138,2026-01-12,purchase,"$1,001 - $15,000",8000,FLEX LTD F,Flex Ltd,FLEX,stock,Information Technology
2139,2026-03-17,purchase,"$1,001 - $15,000",8000,ARISTA NETWORKS INC,Arista Networks Inc,ANET,stock,Information Technology
2140,2026-03-17,purchase,"$1,001 - $15,000",8000,CVS HEALTH CORP,CVS Health Corporation,CVS,stock,Health Care
2141,2026-01-21,purchase,"$1,001 - $15,000",8000,ROYAL CARIBBEAN GROU F,Royal Caribbean Group,RCL,stock,Consumer Discretionary
2142,2026-03-23,purchase,"$1,001 - $15,000",8000,SYNOPSYS INC,Synopsys Inc,SNPS,stock,Information Technology
2143,2026-03-23,purchase,"$1,001 - $15,000",8000,ALNYLAM PHARMACEUTICALS,"Alnylam Pharmaceuticals, Inc.",ALNY,stock,Health Care
2144,2026-03-17,purchase,"$1,001 - $15,000",8000,ROYAL GOLD INC,"Royal Gold, Inc.",RGLD,stock,Materials
2145,2026-03-23,purchase,"$1,001 - $15,000",8000,KLA CORP,KLA Corporation,KLAC,stock,Information Technology
2146,2026-02-23,purchase,"$1,001 - $15,000",8000,NVIDIA CORP,NVIDIA Corporation,NVDA,stock,Information Technology
2147,2026-01-12,purchase,"$1,001 - $15,000",8000,STRATEGY INC CLASS A,Strategy Inc. (MicroStrategy),MSTR,stock,Information Technology
2148,2026-03-17,purchase,"$1,001 - $15,000",8000,TE CONNECTIVITY PLC ORD SHS,TE Connectivity plc,TEL,stock,Information Technology
2149,2026-03-17,purchase,"$1,001 - $15,000",8000,CHENIERE ENERGY INC,Cheniere Energy Inc.,LNG,stock,Energy
2150,2026-03-26,purchase,"$1,001 - $15,000",8000,THE CAMPBELL'S CO,Campbell Soup Company,CPB,stock,Consumer Staples
2151,2026-01-12,purchase,"$1,001 - $15,000",8000,HOME DEPOT INC,The Home Depot Inc.,HD,stock,Consumer Discretionary
2152,2026-02-23,purchase,"$1,001 - $15,000",8000,THE TRADE DESK INC CLASS A,"The Trade Desk, Inc.",TTD,stock,Communication Services
2153,2026-03-23,purchase,"$1,001 - $15,000",8000,CARPENTER TECHNOLOGY COR,Carpenter Technology Corporation,CRS,stock,Materials
2154,2026-03-23,purchase,"$1,001 - $15,000",8000,HCA HEALTHCARE INC,HCA Healthcare Inc,HCA,stock,Health Care
2155,2026-01-12,purchase,"$1,001 - $15,000",8000,TRIMBLE INC,Trimble Inc.,TRMB,stock,Information Technology
2156,2026-03-26,purchase,"$1,001 - $15,000",8000,ESAB CORP,ESAB Corporation,ESAB,stock,Industrials
2157,2026-03-17,purchase,"$1,001 - $15,000",8000,LINDE PLC F,Linde plc,LIN,stock,Materials
2158,2026-01-12,purchase,"$1,001 - $15,000",8000,OMNICOM GROUP INC,Omnicom Group Inc.,OMC,stock,Communication Services
2159,2026-02-23,purchase,"$1,001 - $15,000",8000,SERVICETITAN INC CLASS A,ServiceTitan Inc,TTAN,stock,Information Technology
2160,2026-01-21,purchase,"$1,001 - $15,000",8000,CHURCH & DWIGHT INC,Church & Dwight Co Inc,CHD,stock,Consumer Staples
2161,2026-02-19,purchase,"$1,001 - $15,000",8000,ATLASSIAN CORP CL A,Atlassian Corporation,TEAM,stock,Information Technology
2162,2026-02-12,purchase,"$1,001 - $15,000",8000,VISA INC CLASS A,Visa Inc.,V,stock,Financials
2163,2026-03-26,purchase,"$1,001 - $15,000",8000,BLACKROCK INC NEW,"BlackRock, Inc.",BLK,stock,Financials
2164,2026-02-19,purchase,"$1,001 - $15,000",8000,KLA CORP,KLA Corporation,KLAC,stock,Information Technology
2165,2026-03-26,purchase,"$1,001 - $15,000",8000,CAPITAL ONE FINL CORP,Capital One Financial Corporation,COF,stock,Financials
2166,2026-01-23,purchase,"$1,001 - $15,000",8000,PTC INC,PTC Inc.,PTC,stock,Information Technology
2167,2026-03-04,purchase,"$1,001 - $15,000",8000,GENUINE PARTS CO,Genuine Parts Company,GPC,stock,Consumer Discretionary
2168,2026-03-17,purchase,"$1,001 - $15,000",8000,SHERWIN-WILLIAMS CO,Sherwin-Williams Company,SHW,stock,Materials
2169,2026-03-23,purchase,"$1,001 - $15,000",8000,LUMENTUM HLDGS INC,Lumentum Holdings Inc.,LITE,stock,Information Technology
2170,2026-03-17,purchase,"$1,001 - $15,000",8000,OCCIDENTAL PETE CORP,Occidental Petroleum Corporation,OXY,stock,Energy
2171,2026-03-17,purchase,"$1,001 - $15,000",8000,AMGEN INC,Amgen Inc.,AMGN,stock,Health Care
2172,2026-03-17,purchase,"$1,001 - $15,000",8000,NORTHROP GRUMMAN CORP,Northrop Grumman Corporation,NOC,stock,Industrials
2173,2026-03-17,purchase,"$1,001 - $15,000",8000,AIR PRODS & CHEMS INC,Air Products and Chemicals Inc,APD,stock,Materials
2174,2026-01-21,purchase,"$1,001 - $15,000",8000,SENTINELONE INC CLASS A,"SentinelOne, Inc.",S,stock,Information Technology
2175,2026-02-19,purchase,"$1,001 - $15,000",8000,SEAGATE TECHNOLOGY HOLDINGS PUBLIC LTD CO,Seagate Technology Holdings plc,STX,stock,Information Technology
2176,2026-01-12,purchase,"$1,001 - $15,000",8000,DIGITAL RLTY TR INC REIT,"Digital Realty Trust, Inc.",DLR,stock,Real Estate
2177,2026-03-17,purchase,"$1,001 - $15,000",8000,MODERNA INC,"Moderna, Inc.",MRNA,stock,Health Care
2178,2026-02-23,purchase,"$1,001 - $15,000",8000,ARCHER AVIATION INC CLASS A,Archer Aviation Inc,ACHR,stock,Industrials
2179,2026-03-23,purchase,"$1,001 - $15,000",8000,COMFORT SYS USA INC,"Comfort Systems USA, Inc.",FIX,stock,Industrials
2180,2026-03-17,purchase,"$1,001 - $15,000",8000,CME GROUP INC CLASS A,CME Group Inc,CME,stock,Financials
2181,2026-03-17,purchase,"$1,001 - $15,000",8000,EQUIFAX INC,Equifax Inc,EFX,stock,Industrials
2182,2026-03-26,purchase,"$1,001 - $15,000",8000,LOWES COS INC,"Lowe's Companies, Inc.",LOW,stock,Consumer Discretionary
2183,2026-03-17,purchase,"$1,001 - $15,000",8000,SANDISK CORP,SanDisk Corporation,SNDK,stock,Information Technology
2184,2026-03-26,purchase,"$1,001 - $15,000",8000,ROPER TECHNOLOGIES INC,"Roper Technologies, Inc.",ROP,stock,Industrials
2185,2026-03-17,purchase,"$1,001 - $15,000",8000,MOTOROLA SOLUTIONS INC,Motorola Solutions Inc,MSI,stock,Information Technology
2186,2026-03-17,purchase,"$1,001 - $15,000",8000,ALBEMARLE CORP,Albemarle Corporation,ALB,stock,Materials
2187,2026-03-26,purchase,"$1,001 - $15,000",8000,BROWN & BROWN INC,Brown & Brown Inc,BRO,stock,Financials
2188,2026-03-17,purchase,"$1,001 - $15,000",8000,AST SPACEMOBILE INC CLASS A,AST SpaceMobile Inc,ASTS,stock,Communication Services
2189,2026-03-17,purchase,"$1,001 - $15,000",8000,NUCOR CORP,Nucor Corporation,NUE,stock,Materials
2190,2026-03-17,purchase,"$1,001 - $15,000",8000,AMERICAN INTL GROUP INC,"American International Group, Inc.",AIG,stock,Financials
2191,2026-03-17,purchase,"$1,001 - $15,000",8000,NEWMONT CORP,Newmont Corporation,NEM,stock,Materials
2192,2026-03-17,purchase,"$1,001 - $15,000",8000,SOUTHERN CO,Southern Company,SO,stock,Utilities
2193,2026-03-17,purchase,"$1,001 - $15,000",8000,COINBASE GLOBAL INC CLASS A,Coinbase Global Inc,COIN,stock,Financials
2194,2026-03-17,purchase,"$1,001 - $15,000",8000,FOX CORP CLASS A,Fox Corporation,FOX,stock,Communication Services
2195,2026-01-12,purchase,"$1,001 - $15,000",8000,SAMSARA INC CLASS A,Samsara Inc.,IOT,stock,Information Technology
2196,2026-03-17,purchase,"$1,001 - $15,000",8000,WILLIAMS COS INC,"The Williams Companies, Inc.",WMB,stock,Energy
2197,2026-03-17,purchase,"$1,001 - $15,000",8000,INTEL CORP,Intel Corporation,INTC,stock,Information Technology
2198,2026-03-17,purchase,"$1,001 - $15,000",8000,HUMANA INC,Humana Inc.,HUM,stock,Health Care
2199,2026-03-17,purchase,"$1,001 - $15,000",8000,BLOCK INC A CLASS A,BLOCK INC A CLASS A,XYZ,stock,Information Technology
2200,2026-03-17,purchase,"$1,001 - $15,000",8000,COMCAST CORP NEW CLASS A,Comcast Corp,CMCSA,stock,Communication Services
2201,2026-03-17,purchase,"$1,001 - $15,000",8000,VERIZON COMMUNICATIONS I,Verizon Communications Inc.,VZ,stock,Communication Services
2202,2026-02-12,purchase,"$1,001 - $15,000",8000,CONSTELLATION ENERGY COR,Constellation Energy Corporation,CEG,stock,Utilities
2203,2026-03-17,purchase,"$1,001 - $15,000",8000,CORTEVA INC,"Corteva, Inc.",CTVA,stock,Materials
2204,2026-03-17,purchase,"$1,001 - $15,000",8000,AT&T INC,AT&T Inc,T,stock,Communication Services
2205,2026-02-12,purchase,"$1,001 - $15,000",8000,SOLVENTUM CORP,Solventum Corporation,SOLV,stock,Health Care
2206,2026-03-26,purchase,"$1,001 - $15,000",8000,AXON ENTERPRISE INC,Axon Enterprise Inc,AXON,stock,Industrials
2207,2026-03-17,purchase,"$1,001 - $15,000",8000,OMNICOM GROUP INC,Omnicom Group Inc.,OMC,stock,Communication Services
2208,2026-03-17,purchase,"$1,001 - $15,000",8000,LYONDELLBASELL INDUSTR F CLASS A,LyondellBasell Industries N.V.,LYB,stock,Materials
2209,2026-02-23,purchase,"$1,001 - $15,000",8000,NUTANIX INC CLASS A,"Nutanix, Inc.",NTNX,stock,Information Technology
2210,2026-03-17,purchase,"$1,001 - $15,000",8000,ASTERA LABS INC,Astera Labs Inc,ALAB,stock,Information Technology
2211,2026-03-17,purchase,"$1,001 - $15,000",8000,XCEL ENERGY INC,Xcel Energy Inc,XEL,stock,Utilities
2212,2026-02-23,purchase,"$1,001 - $15,000",8000,LOAR HOLDINGS INC EQUITY CLASS EQUITY,Loar Holdings Inc,LOAR,stock,Industrials
2213,2026-03-17,purchase,"$1,001 - $15,000",8000,EXACT SCIENCES CORP,Exact Sciences Corporation,EXAS,stock,Health Care
2214,2026-03-17,purchase,"$1,001 - $15,000",8000,VERTIV HLDGS CO CLASS A,Vertiv Holdings Co,VRT,stock,Information Technology
2215,2026-03-26,purchase,"$1,001 - $15,000",8000,CINTAS CORP,Cintas Corp,CTAS,stock,Industrials
2216,2026-01-23,purchase,"$1,001 - $15,000",8000,AUTODESK INC,Autodesk Inc,ADSK,stock,Information Technology
2217,2026-03-17,purchase,"$1,001 - $15,000",8000,PEPSICO INC,"PepsiCo, Inc.",PEP,stock,Consumer Staples
2218,2026-03-17,purchase,"$1,001 - $15,000",8000,DUKE ENERGY CORP NEW,Duke Energy Corporation,DUK,stock,Utilities
2219,2026-02-23,purchase,"$1,001 - $15,000",8000,SAILPOINT INC,"SailPoint Technologies Holdings, Inc.",SAIL,stock,Information Technology
2220,2026-02-12,purchase,"$1,001 - $15,000",8000,DOXIMITY INC CLASS A,Doximity Inc.,DOCS,stock,Health Care
2221,2026-03-17,purchase,"$1,001 - $15,000",8000,CHUBB LTD F,Chubb Ltd,CB,stock,Financials
2222,2026-03-17,purchase,"$1,001 - $15,000",8000,VERISK ANALYTICS INC CLASS A,"Verisk Analytics, Inc.",VRSK,stock,Industrials
2223,2026-03-17,purchase,"$1,001 - $15,000",8000,THE CIGNA GROUP,The Cigna Group,CI,stock,Health Care
2224,2026-02-12,purchase,"$1,001 - $15,000",8000,EXLSERVICE HLDS INC,ExlService Holdings Inc,EXLS,stock,Industrials
2225,2026-02-23,purchase,"$1,001 - $15,000",8000,GARTNER INC,Gartner Inc,IT,stock,Information Technology
2226,2026-03-26,purchase,"$1,001 - $15,000",8000,PHILIP MORRIS INTL INC,Philip Morris International Inc.,PM,stock,Consumer Staples
2227,2026-01-12,purchase,"$1,001 - $15,000",8000,BOSTON SCIENTIFIC CORP,Boston Scientific Corporation,BSX,stock,Health Care
2228,2026-03-26,purchase,"$1,001 - $15,000",8000,ROBLOX CORP CLASS A,Roblox Corporation,RBLX,stock,Communication Services
2229,2026-02-19,purchase,"$1,001 - $15,000",8000,CHARTER COMMUNICATIONS INC NEW CL A,Charter Communications Inc,CHTR,stock,Communication Services
2230,2026-02-19,purchase,"$1,001 - $15,000",8000,ZOOM COMMUNICATIONS INC CL A,Zoom Video Communications Inc,ZM,stock,Information Technology
2231,2026-03-26,purchase,"$1,001 - $15,000",8000,MID-AMER APT CMNTYS INC REIT,Mid-America Apartment Communities Inc,MAA,stock,Real Estate
2232,2026-03-26,purchase,"$1,001 - $15,000",8000,CBRE GROUP INC CLASS A,CBRE Group Inc,CBRE,stock,Real Estate
2233,2026-02-23,purchase,"$1,001 - $15,000",8000,DUOLINGO INC CLASS A,Duolingo Inc.,DUOL,stock,Communication Services
2234,2026-02-23,purchase,"$1,001 - $15,000",8000,AURORA INNOVATION INC CLASS A,Aurora Innovation Inc,AUR,stock,Information Technology
2235,2026-03-17,purchase,"$1,001 - $15,000",8000,AXON ENTERPRISE INC,Axon Enterprise Inc,AXON,stock,Industrials
2236,2026-02-23,purchase,"$1,001 - $15,000",8000,DOXIMITY INC CLASS A,Doximity Inc.,DOCS,stock,Health Care
2237,2026-02-12,purchase,"$1,001 - $15,000",8000,THERMO FISHER SCIENTIFIC,Thermo Fisher Scientific Inc.,TMO,stock,Health Care
2238,2026-02-12,purchase,"$1,001 - $15,000",8000,SANDISK CORP,SanDisk Corporation,SNDK,stock,Information Technology
2239,2026-01-21,purchase,"$1,001 - $15,000",8000,CROWN CASTLE INC REIT REIT,Crown Castle Inc,CCI,stock,Real Estate
2240,2026-02-12,purchase,"$1,001 - $15,000",8000,CROWN CASTLE INC REIT REIT,Crown Castle Inc,CCI,stock,Real Estate
2241,2026-01-21,purchase,"$1,001 - $15,000",8000,OMNICOM GROUP INC,Omnicom Group Inc.,OMC,stock,Communication Services
2242,2026-01-12,purchase,"$1,001 - $15,000",8000,PAYPAL HLDS INC,"PayPal Holdings, Inc.",PYPL,stock,Financials
2243,2026-03-26,purchase,"$1,001 - $15,000",8000,VEEVA SYS INC CLASS A,Veeva Systems Inc,VEEV,stock,Health Care
2244,2026-03-26,purchase,"$1,001 - $15,000",8000,COOPER COS INC,"The Cooper Companies, Inc.",COO,stock,Health Care
2245,2026-02-23,purchase,"$1,001 - $15,000",8000,INVITATION HOMES INC,Invitation Homes Inc.,INVH,stock,Real Estate
2246,2026-01-22,purchase,"$1,001 - $15,000",8000,SCHWAB GOVERNMENT MONEY FUND,Schwab Government Money Fund,SNVXX,money_market,Funds & ETFs
2247,2026-01-21,purchase,"$1,001 - $15,000",8000,THE CIGNA GROUP,The Cigna Group,CI,stock,Health Care
2248,2026-03-17,purchase,"$1,001 - $15,000",8000,TRANSDIGM GROUP INC,TransDigm Group Incorporated,TDG,stock,Industrials
2249,2026-02-12,purchase,"$1,001 - $15,000",8000,BLOCK H & R INC,"H&R Block, Inc.",HRB,stock,Consumer Discretionary
2250,2026-02-12,purchase,"$1,001 - $15,000",8000,SMURFIT WESTROCK PLC F,Smurfit WestRock plc,SW,stock,Materials
2251,2026-03-26,purchase,"$1,001 - $15,000",8000,OLLIES BARGAIN OUTLET HL,Ollie's Bargain Outlet Holdings Inc.,OLLI,stock,Consumer Discretionary
2252,2026-01-23,purchase,"$1,001 - $15,000",8000,TAKE-TWO INTERACTIVE SOFTWARE INC,Take-Two Interactive Software Inc,TTWO,stock,Communication Services
2253,2026-01-23,purchase,"$1,001 - $15,000",8000,PEPSICO INC,"PepsiCo, Inc.",PEP,stock,Consumer Staples
2254,2026-03-26,purchase,"$1,001 - $15,000",8000,INTERNTNL PAPER CO,International Paper Company,IP,stock,Materials
2255,2026-02-19,purchase,"$1,001 - $15,000",8000,TAKE-TWO INTERACTIVE SOFTWARE INC,Take-Two Interactive Software Inc,TTWO,stock,Communication Services
2256,2026-01-21,purchase,"$1,001 - $15,000",8000,KINSALE CAP GROUP INC,"Kinsale Capital Group, Inc.",KNSL,stock,Financials
2257,2026-01-21,purchase,"$1,001 - $15,000",8000,RYAN SPECIALTY HOLDINGS CLASS A,"Ryan Specialty Holdings, Inc.",RYAN,stock,Financials
2258,2026-01-21,purchase,"$1,001 - $15,000",8000,SAMSARA INC CLASS A,Samsara Inc.,IOT,stock,Information Technology
2259,2026-01-21,purchase,"$1,001 - $15,000",8000,HUBSPOT INC,HubSpot Inc.,HUBS,stock,Information Technology
2260,2026-01-12,purchase,"$1,001 - $15,000",8000,SBA COMMUNICATIONS CORP CLASS A,SBA Communications Corporation,SBAC,stock,Real Estate
2261,2026-03-26,purchase,"$1,001 - $15,000",8000,COSTAR GROUP INC,"CoStar Group, Inc.",CSGP,stock,Real Estate
2262,2026-01-21,purchase,"$1,001 - $15,000",8000,BOOZ ALLEN HAMILTON HLDG CLASS A,Booz Allen Hamilton Holding Corporation,BAH,stock,Industrials
2263,2026-02-23,purchase,"$1,001 - $15,000",8000,ERIE INDTY CO CLASS A,Erie Indemnity Company,ERIE,stock,Financials
2264,2026-01-12,purchase,"$1,001 - $15,000",8000,GUIDEWIRE SOFTWARE INC,Guidewire Software Inc,GWRE,stock,Information Technology
2265,2026-01-21,purchase,"$1,001 - $15,000",8000,ROCKET LAB CORP CLASS A,"Rocket Lab USA, Inc.",RKLB,stock,Industrials
2266,2026-01-12,purchase,"$1,001 - $15,000",8000,GODADDY INC CLASS A,GoDaddy Inc,GDDY,stock,Information Technology
2267,2026-03-04,purchase,"$1,001 - $15,000",8000,BLUE OWL CAPITAL INC CL A,Blue Owl Capital Inc.,OWL,stock,Financials
2268,2026-02-12,purchase,"$1,001 - $15,000",8000,LUMENTUM HLDGS INC,Lumentum Holdings Inc.,LITE,stock,Information Technology
2269,2026-01-12,purchase,"$1,001 - $15,000",8000,ATLASSIAN CORP CLASS A,Atlassian Corporation,TEAM,stock,Information Technology
2270,2026-01-21,purchase,"$1,001 - $15,000",8000,ROBLOX CORP CLASS A,Roblox Corporation,RBLX,stock,Communication Services
2271,2026-02-12,purchase,"$1,001 - $15,000",8000,AMERIPRISE FINL INC,Ameriprise Financial Inc,AMP,stock,Financials
2272,2026-03-26,purchase,"$1,001 - $15,000",8000,PAYCHEX INC,"Paychex, Inc.",PAYX,stock,Industrials
2273,2026-03-26,purchase,"$1,001 - $15,000",8000,KINSALE CAP GROUP INC,"Kinsale Capital Group, Inc.",KNSL,stock,Financials
2274,2026-02-23,purchase,"$1,001 - $15,000",8000,LIBERTY BROADBAND CORP CLASS SERIES C,Liberty Broadband Corporation,LBRDK,stock,Communication Services
2275,2026-01-12,purchase,"$1,001 - $15,000",8000,FRONTIER COMMUNICATIONS,Frontier Communications Parent Inc,FYBR,stock,Communication Services
2276,2026-02-23,purchase,"$1,001 - $15,000",8000,GRAPHIC PACKAGING HLDG C,Graphic Packaging Holding Company,GPK,stock,Materials
2277,2026-01-12,purchase,"$1,001 - $15,000",8000,GEN DIGITAL INC,Gen Digital Inc,GEN,stock,Information Technology
2278,2026-03-26,purchase,"$1,001 - $15,000",8000,ABBVIE INC,AbbVie Inc.,ABBV,stock,Health Care
2279,2026-02-23,purchase,"$1,001 - $15,000",8000,GLOBAL PMTS INC,Global Payments Inc,GPN,stock,Financials
2280,2026-01-21,purchase,"$1,001 - $15,000",8000,SNAP INC CLASS A,Snap Inc,SNAP,stock,Communication Services
2281,2026-01-21,purchase,"$1,001 - $15,000",8000,GITLAB INC CLASS A,GitLab Inc,GTLB,stock,Information Technology
2282,2026-02-12,purchase,"$1,001 - $15,000",8000,RYAN SPECIALTY HOLDINGS CLASS A,"Ryan Specialty Holdings, Inc.",RYAN,stock,Financials
2283,2026-02-23,purchase,"$1,001 - $15,000",8000,COMMVAULT SYS INC,"Commvault Systems, Inc.",CVLT,stock,Information Technology
2284,2026-02-23,purchase,"$1,001 - $15,000",8000,GENERAL MILLS INC,General Mills Inc,GIS,stock,Consumer Staples
2285,2026-02-23,purchase,"$1,001 - $15,000",8000,BRIGHT HORIZONS FAMILY S,Bright Horizons Family Solutions Inc.,BFAM,stock,Consumer Discretionary
2286,2026-02-23,purchase,"$1,001 - $15,000",8000,ALEXANDRIA REAL ESTATE E REIT,"Alexandria Real Estate Equities, Inc.",ARE,stock,Real Estate
2287,2026-03-26,purchase,"$1,001 - $15,000",8000,ZIMMER BIOMET HLDGS INC,Zimmer Biomet Holdings Inc,ZBH,stock,Health Care
2288,2026-02-12,purchase,"$1,001 - $15,000",8000,TRANSUNION,TransUnion,TRU,stock,Industrials
2289,2026-02-23,purchase,"$1,001 - $15,000",8000,CHIPOTLE MEXICAN GRILL I,Chipotle Mexican Grill Inc,CMG,stock,Consumer Discretionary
2290,2026-02-12,purchase,"$1,001 - $15,000",8000,NUTANIX INC CLASS A,"Nutanix, Inc.",NTNX,stock,Information Technology
2291,2026-02-23,purchase,"$1,001 - $15,000",8000,GENPACT LTD F,Genpact Limited,G,stock,Information Technology
2292,2026-01-21,purchase,"$1,001 - $15,000",8000,DRAFTKINGS INC NEW CLASS A,DraftKings Inc.,DKNG,stock,Consumer Discretionary
2293,2026-02-23,purchase,"$1,001 - $15,000",8000,RUBRIK INC CLASS A,Rubrik Inc.,RBRK,stock,Information Technology
2294,2026-01-21,purchase,"$1,001 - $15,000",8000,DOCUSIGN INC,"DocuSign, Inc.",DOCU,stock,Information Technology
2295,2026-01-12,purchase,"$1,001 - $15,000",8000,CHEVRON CORP NEW,Chevron Corporation,CVX,stock,Energy
2296,2026-03-26,purchase,"$1,001 - $15,000",8000,EQUIFAX INC,Equifax Inc,EFX,stock,Industrials
2297,2026-03-26,purchase,"$1,001 - $15,000",8000,TOLL BROS INC,"Toll Brothers, Inc.",TOL,stock,Consumer Discretionary
2298,2026-02-23,purchase,"$1,001 - $15,000",8000,UNITEDHEALTH GROUP INC,UnitedHealth Group Inc,UNH,stock,Health Care
2299,2026-02-23,purchase,"$1,001 - $15,000",8000,CHARTER COMMUNICATIONS I CLASS A,Charter Communications Inc,CHTR,stock,Communication Services
2300,2026-03-26,purchase,"$1,001 - $15,000",8000,VERTEX PHARMACEUTICALS I,Vertex Pharmaceuticals Incorporated,VRTX,stock,Health Care
2301,2026-03-26,purchase,"$1,001 - $15,000",8000,KIMBERLY CLARK CORP,Kimberly-Clark Corporation,KMB,stock,Consumer Staples
2302,2026-03-26,purchase,"$1,001 - $15,000",8000,CHUBB LTD F,Chubb Ltd,CB,stock,Financials
2303,2026-02-12,purchase,"$1,001 - $15,000",8000,THE TRADE DESK INC CLASS A,"The Trade Desk, Inc.",TTD,stock,Communication Services
2304,2026-02-12,purchase,"$1,001 - $15,000",8000,AKAMAI TECHNOLOGIES INC,Akamai Technologies Inc,AKAM,stock,Information Technology
2305,2026-01-12,purchase,"$1,001 - $15,000",8000,HUBSPOT INC,HubSpot Inc.,HUBS,stock,Information Technology
2306,2026-03-26,purchase,"$1,001 - $15,000",8000,CADENCE DESIGN SYS INC,Cadence Design Systems Inc,CDNS,stock,Information Technology
2307,2026-03-26,purchase,"$1,001 - $15,000",8000,HUMANA INC,Humana Inc.,HUM,stock,Health Care
2308,2026-02-12,purchase,"$1,001 - $15,000",8000,ROBLOX CORP CLASS A,Roblox Corporation,RBLX,stock,Communication Services
2309,2026-03-26,purchase,"$1,001 - $15,000",8000,ZSCALER INC,Zscaler Inc,ZS,stock,Information Technology
2310,2026-03-26,purchase,"$1,001 - $15,000",8000,VERALTO CORP,Veralto Corporation,VLTO,stock,Industrials
2311,2026-03-26,purchase,"$1,001 - $15,000",8000,FNF GROUP CLASS A,Fidelity National Financial Inc,FNF,stock,Financials
2312,2026-01-21,purchase,"$1,001 - $15,000",8000,TALEN ENERGY CORP NEW CLASS EQUITY,Talen Energy Corporation,TLN,stock,Utilities
2313,2026-03-26,purchase,"$1,001 - $15,000",8000,UNITED PARCEL SVC INC CLASS B,United Parcel Service Inc,UPS,stock,Industrials
2314,2026-03-26,purchase,"$1,001 - $15,000",8000,EQUITABLE HLDGS INC,Equitable Holdings Inc,EQH,stock,Financials
2315,2026-01-12,purchase,"$1,001 - $15,000",8000,TAKE-TWO INTERACTIVE SOF,Take-Two Interactive Software Inc,TTWO,stock,Communication Services
2316,2026-03-26,purchase,"$1,001 - $15,000",8000,APTARGROUP INC,AptarGroup Inc,ATR,stock,Materials
2317,2026-03-26,purchase,"$1,001 - $15,000",8000,CHEMED CORP NEW,Chemed Corporation,CHE,stock,Health Care
2318,2026-01-12,purchase,"$1,001 - $15,000",8000,ACUITY INC,Acuity Brands Inc,AYI,stock,Industrials
2319,2026-02-23,purchase,"$1,001 - $15,000",8000,KYNDRYL HLDGS INC,"Kyndryl Holdings, Inc.",KD,stock,Information Technology
2320,2026-03-26,purchase,"$1,001 - $15,000",8000,AMERICAN NTL GROUP INC,"American National Group, Inc.",ANG-PD,stock,Financials
2321,2026-03-26,purchase,"$1,001 - $15,000",8000,REALTY INCOME CORP REIT,Realty Income Corporation,O,stock,Real Estate
2322,2026-03-26,purchase,"$1,001 - $15,000",8000,PENSKE AUTOMOTIVE GROUP,"Penske Automotive Group, Inc.",PAG,stock,Consumer Discretionary
2323,2026-03-26,purchase,"$1,001 - $15,000",8000,QUALCOMM INC,QUALCOMM Incorporated,QCOM,stock,Information Technology
2324,2026-03-26,purchase,"$1,001 - $15,000",8000,RYAN SPECIALTY HOLDINGS CLASS A,"Ryan Specialty Holdings, Inc.",RYAN,stock,Financials
2325,2026-03-26,purchase,"$1,001 - $15,000",8000,SS&C TECHNOLOGIES HLDGS,"SS&C Technologies Holdings, Inc.",SSNC,stock,Information Technology
2326,2026-03-26,purchase,"$1,001 - $15,000",8000,HORMEL FOODS CORP,Hormel Foods Corporation,HRL,stock,Consumer Staples
2327,2026-03-26,purchase,"$1,001 - $15,000",8000,SMURFIT WESTROCK PLC F,Smurfit WestRock plc,SW,stock,Materials
2328,2026-03-26,purchase,"$1,001 - $15,000",8000,KENVUE INC,Kenvue Inc,KVUE,stock,Consumer Discretionary
2329,2026-03-26,purchase,"$1,001 - $15,000",8000,PPG INDS INC,PPG Industries Inc.,PPG,stock,Materials
2330,2026-03-26,purchase,"$1,001 - $15,000",8000,GENUINE PARTS CO,Genuine Parts Company,GPC,stock,Consumer Discretionary
2331,2026-03-26,purchase,"$1,001 - $15,000",8000,BLOCK INC A CLASS A,BLOCK INC A CLASS A,XYZ,stock,Information Technology
2332,2026-03-26,purchase,"$1,001 - $15,000",8000,POOL CORP,Pool Corporation,POOL,stock,Consumer Discretionary
2333,2026-03-26,purchase,"$1,001 - $15,000",8000,EQUITY RESIDENTIAL REIT,Equity Residential,EQR,stock,Real Estate
2334,2026-03-26,purchase,"$1,001 - $15,000",8000,ALTRIA GROUP INC,"Altria Group, Inc.",MO,stock,Consumer Staples
2335,2026-03-26,purchase,"$1,001 - $15,000",8000,D R HORTON INC,D.R. Horton Inc,DHI,stock,Consumer Discretionary
2336,2026-02-12,purchase,"$1,001 - $15,000",8000,AON PLC F CLASS A,Aon plc,AON,stock,Financials
2337,2026-03-26,purchase,"$1,001 - $15,000",8000,COREWEAVE INC CLASS A,"CoreWeave, Inc.",CRWV,stock,Information Technology
2338,2026-03-26,purchase,"$1,001 - $15,000",8000,REPUBLIC SVCS INC,"Republic Services, Inc.",RSG,stock,Industrials
2339,2026-02-12,purchase,"$1,001 - $15,000",8000,BOEING CO,The Boeing Company,BA,stock,Industrials
2340,2026-03-26,purchase,"$1,001 - $15,000",8000,BLOOM ENERGY CORP CLASS A,Bloom Energy Corporation,BE,stock,Industrials
2341,2026-03-26,purchase,"$1,001 - $15,000",8000,LUMENTUM HLDGS INC,Lumentum Holdings Inc.,LITE,stock,Information Technology
2342,2026-03-26,purchase,"$1,001 - $15,000",8000,FAIR ISAAC CORP,Fair Isaac Corporation,FICO,stock,Information Technology
2343,2026-03-11,purchase,"$1,001 - $15,000",8000,SCHWAB GOVERNMENT MONEY FUND,Schwab Government Money Fund,SNVXX,money_market,Funds & ETFs
2344,2026-03-11,purchase,"$1,001 - $15,000",8000,SCHWAB GOVERNMENT MONEY FUND,Schwab Government Money Fund,SNVXX,money_market,Funds & ETFs
2345,2026-02-03,purchase,"$1,001 - $15,000",8000,SCHWAB GOVERNMENT MONEY FUND,Schwab Government Money Fund,SNVXX,money_market,Funds & ETFs
2346,2026-01-21,sale,"$1,001 - $15,000",8000,GARMIN LTD,Garmin Ltd,GRMN,stock,Consumer Discretionary
2347,2026-02-19,sale,"$1,001 - $15,000",8000,VERSANT MEDIA GROUP INC CL A,Versant Media Group Inc.,VSNT,stock,Communication Services
2348,2026-03-17,sale,"$1,001 - $15,000",8000,BROWN & BROWN INC,Brown & Brown Inc,BRO,stock,Financials
2349,2026-02-23,sale,"$1,001 - $15,000",8000,EPAM SYS INC,EPAM Systems Inc,EPAM,stock,Information Technology
2350,2026-01-21,sale,"$1,001 - $15,000",8000,VORNADO RLTY TR REIT,Vornado Realty Trust,VNO,stock,Real Estate
2351,2026-02-12,sale,"$1,001 - $15,000",8000,FISERV INC,Fiserv Inc,FI,stock,Financials
2352,2026-01-21,sale,"$1,001 - $15,000",8000,AMERICAN TOWER CORP NEW REIT,American Tower Corporation,AMT,stock,Real Estate
2353,2026-02-12,sale,"$1,001 - $15,000",8000,DYNATRACE INC,Dynatrace Inc.,DT,stock,Information Technology
2354,2026-01-12,sale,"$1,001 - $15,000",8000,THE CIGNA GROUP,The Cigna Group,CI,stock,Health Care
2355,2026-03-26,sale,"$1,001 - $15,000",8000,CARRIER GLOBAL CORP,Carrier Global Corporation,CARR,stock,Industrials
2356,2026-02-23,sale,"$1,001 - $15,000",8000,HENRY JACK & ASSOC INC,Jack Henry & Associates Inc.,JKHY,stock,Financials
2357,2026-01-12,sale,"$1,001 - $15,000",8000,ABBOTT LABS,Abbott Laboratories,ABT,stock,Health Care
2358,2026-03-26,sale,"$1,001 - $15,000",8000,HOULIHAN LOKEY INC CLASS A,Houlihan Lokey Inc.,HLI,stock,Financials
2359,2026-01-21,sale,"$1,001 - $15,000",8000,HOULIHAN LOKEY INC CLASS A,Houlihan Lokey Inc.,HLI,stock,Financials
2360,2026-02-12,sale,"$1,001 - $15,000",8000,CBRE GROUP INC CLASS A,CBRE Group Inc,CBRE,stock,Real Estate
2361,2026-02-23,sale,"$1,001 - $15,000",8000,GENUINE PARTS CO,Genuine Parts Company,GPC,stock,Consumer Discretionary
2362,2026-02-23,sale,"$1,001 - $15,000",8000,BLOCK INC A CLASS A,BLOCK INC A CLASS A,XYZ,stock,Information Technology
2363,2026-02-12,sale,"$1,001 - $15,000",8000,ZSCALER INC,Zscaler Inc,ZS,stock,Information Technology
2364,2026-01-21,sale,"$1,001 - $15,000",8000,DUOLINGO INC CLASS A,Duolingo Inc.,DUOL,stock,Communication Services
2365,2026-02-12,sale,"$1,001 - $15,000",8000,TYLER TECHNOLOGIES INC,"Tyler Technologies, Inc.",TYL,stock,Information Technology
2366,2026-02-23,sale,"$1,001 - $15,000",8000,BANK OF AMERICA CORP,Bank of America Corporation,BAC,stock,Financials
2367,2026-03-26,sale,"$1,001 - $15,000",8000,CROWDSTRIKE HLDGS INC CLASS A,CrowdStrike Holdings Inc,CRWD,stock,Information Technology
2368,2026-01-06,sale,"$1,001 - $15,000",8000,VERSANT MEDIA GROUP INC CL A UNSOLICITED,Versant Media Group Inc.,VSNT,stock,Communication Services
2369,2026-03-26,sale,"$1,001 - $15,000",8000,AMERICAN EXPRESS CO,American Express Company,AXP,stock,Financials
2370,2026-01-21,sale,"$1,001 - $15,000",8000,BANK OF AMERICA CORP,Bank of America Corporation,BAC,stock,Financials
2371,2026-02-12,sale,"$1,001 - $15,000",8000,VARONIS SYS INC,Varonis Systems Inc,VRNS,stock,Information Technology
2372,2026-03-26,sale,"$1,001 - $15,000",8000,LULULEMON ATHLETICA INC,Lululemon Athletica Inc.,LULU,stock,Consumer Discretionary
2373,2026-03-26,sale,"$1,001 - $15,000",8000,COINBASE GLOBAL INC CLASS A,Coinbase Global Inc,COIN,stock,Financials
2374,2026-03-26,sale,"$1,001 - $15,000",8000,ZEBRA TECHNOLOGIES CORP CLASS A,Zebra Technologies Corporation,ZBRA,stock,Information Technology
2375,2026-03-26,sale,"$1,001 - $15,000",8000,RUBRIK INC CLASS A,Rubrik Inc.,RBRK,stock,Information Technology
2376,2026-03-26,sale,"$1,001 - $15,000",8000,SMUCKER J M CO,J.M. Smucker Company,SJM,stock,Consumer Staples
2377,2026-01-21,sale,"$1,001 - $15,000",8000,KKR & CO INC,KKR & Co. Inc.,KKR,stock,Financials
2378,2026-03-17,sale,"$1,001 - $15,000",8000,HUNTINGTON BANCSHARES INC,Huntington Bancshares Incorporated,HBAN,stock,Financials
2379,2026-01-21,sale,"$1,001 - $15,000",8000,NUTANIX INC CLASS A,"Nutanix, Inc.",NTNX,stock,Information Technology
2380,2026-03-26,sale,"$1,001 - $15,000",8000,MOLINA HEALTHCARE INC,Molina Healthcare Inc,MOH,stock,Health Care
2381,2026-01-12,sale,"$1,001 - $15,000",8000,ADVANCED MICRO DEVIC,Advanced Micro Devices Inc,AMD,stock,Information Technology
2382,2026-01-23,sale,"$1,001 - $15,000",8000,NETAPP INC,"NetApp, Inc.",NTAP,stock,Information Technology
2383,2026-02-12,sale,"$1,001 - $15,000",8000,ESSEX PPTY TR INC REIT,Essex Property Trust Inc,ESS,stock,Real Estate
2384,2026-01-12,sale,"$1,001 - $15,000",8000,EOG RES INC,EOG Resources Inc,EOG,stock,Energy
2385,2026-02-12,sale,"$1,001 - $15,000",8000,HUMANA INC,Humana Inc.,HUM,stock,Health Care
2386,2026-03-26,sale,"$1,001 - $15,000",8000,SNOWFLAKE INC CLASS A,Snowflake Inc,SNOW,stock,Information Technology
2387,2026-03-26,sale,"$1,001 - $15,000",8000,TALEN ENERGY CORP NEW CLASS EQUITY,Talen Energy Corporation,TLN,stock,Utilities
2388,2026-02-23,sale,"$1,001 - $15,000",8000,MANHATTAN ASSOCS INC,"Manhattan Associates, Inc.",MANH,stock,Information Technology
2389,2026-02-12,sale,"$1,001 - $15,000",8000,FIDELITY NATL INFORMATIO,Fidelity National Information Services,FIS,stock,Financials
2390,2026-02-12,sale,"$1,001 - $15,000",8000,ASTERA LABS INC,Astera Labs Inc,ALAB,stock,Information Technology
2391,2026-01-21,sale,"$1,001 - $15,000",8000,MANHATTAN ASSOCS INC,"Manhattan Associates, Inc.",MANH,stock,Information Technology
2392,2026-02-23,sale,"$1,001 - $15,000",8000,ROBINHOOD MKTS INC CLASS A,"Robinhood Markets, Inc.",HOOD,stock,Financials
2393,2026-02-12,sale,"$1,001 - $15,000",8000,BLOCK INC A CLASS A,BLOCK INC A CLASS A,XYZ,stock,Information Technology
2394,2026-03-26,sale,"$1,001 - $15,000",8000,VISTRA CORP,Vistra Corp.,VST,stock,Utilities
2395,2026-02-23,sale,"$1,001 - $15,000",8000,VEEVA SYS INC CLASS A,Veeva Systems Inc,VEEV,stock,Health Care
2396,2026-01-21,sale,"$1,001 - $15,000",8000,XYLEM INC,Xylem Inc,XYL,stock,Industrials
2397,2026-03-26,sale,"$1,001 - $15,000",8000,WILLIS TOWERS WATSON P F,Willis Towers Watson Public Limited Company,WTW,stock,Financials
2398,2026-01-12,sale,"$1,001 - $15,000",8000,FNF GROUP CLASS A,Fidelity National Financial Inc,FNF,stock,Financials
2399,2026-01-21,sale,"$1,001 - $15,000",8000,CHENIERE ENERGY INC,Cheniere Energy Inc.,LNG,stock,Energy
2400,2026-01-21,sale,"$1,001 - $15,000",8000,GODADDY INC CLASS A,GoDaddy Inc,GDDY,stock,Information Technology
2401,2026-02-23,sale,"$1,001 - $15,000",8000,IQVIA HLDGS INC,IQVIA Holdings Inc.,IQV,stock,Health Care
2402,2026-01-21,sale,"$1,001 - $15,000",8000,BLOCK H & R INC,"H&R Block, Inc.",HRB,stock,Consumer Discretionary
2403,2026-02-23,sale,"$1,001 - $15,000",8000,CONSTELLATION ENERGY COR,Constellation Energy Corporation,CEG,stock,Utilities
2404,2026-01-12,sale,"$1,001 - $15,000",8000,FIDELITY NATL INFORMATIO,Fidelity National Information Services,FIS,stock,Financials
2405,2026-03-30,sale,"$1,001 - $15,000",8000,AVANOS MED INC,Avanos Medical Inc,AVNS,stock,Health Care
2406,2026-03-04,sale,"$1,001 - $15,000",8000,FORD MOTOR CO,Ford Motor Company,F,stock,Consumer Discretionary
2407,2026-01-21,sale,"$1,001 - $15,000",8000,SBA COMMUNICATIONS CORP CLASS A,SBA Communications Corporation,SBAC,stock,Real Estate
2408,2026-03-26,sale,"$1,001 - $15,000",8000,INVITATION HOMES INC,Invitation Homes Inc.,INVH,stock,Real Estate
2409,2026-02-12,sale,"$1,001 - $15,000",8000,CCC INTELLIGENT SOLUTION,CCC Intelligent Solutions Holdings Inc,CCC,stock,Information Technology
2410,2026-02-26,sale,"$1,001 - $15,000",8000,WORLD ACCEP CORP S C NEW,World Acceptance Corporation,WRLD,stock,Financials
2411,2026-01-21,sale,"$1,001 - $15,000",8000,AUTODESK INC,Autodesk Inc,ADSK,stock,Information Technology
2412,2026-02-23,sale,"$1,001 - $15,000",8000,SNAP INC CLASS A,Snap Inc,SNAP,stock,Communication Services
2413,2026-01-21,sale,"$1,001 - $15,000",8000,WELLS FARGO & CO,Wells Fargo & Company,WFC,stock,Financials
2414,2026-02-12,sale,"$1,001 - $15,000",8000,MSCI INC,MSCI Inc,MSCI,stock,Financials
2415,2026-02-12,sale,"$1,001 - $15,000",8000,GARTNER INC,Gartner Inc,IT,stock,Information Technology
2416,2026-01-12,sale,"$1,001 - $15,000",8000,PERFORMANCE FOOD GROUP C,Performance Food Group Company,PFGC,stock,Consumer Staples
2417,2026-03-26,sale,"$1,001 - $15,000",8000,APPLOVIN CORP CLASS A,AppLovin Corporation,APP,stock,Communication Services
2418,2026-03-17,sale,"$1,001 - $15,000",8000,HUBSPOT INC,HubSpot Inc.,HUBS,stock,Information Technology
2419,2026-02-23,sale,"$1,001 - $15,000",8000,DRAFTKINGS INC NEW CLASS A,DraftKings Inc.,DKNG,stock,Consumer Discretionary
2420,2026-01-21,sale,"$1,001 - $15,000",8000,PROCTER & GAMBLE CO,The Procter & Gamble Company,PG,stock,Consumer Staples
2421,2026-02-23,sale,"$1,001 - $15,000",8000,BXP INC REIT,BXP Inc,BXP,stock,Real Estate
2422,2026-03-04,sale,"$1,001 - $15,000",8000,METLIFE INC,MetLife Inc,MET,stock,Financials
2423,2026-02-19,sale,"$1,001 - $15,000",8000,WARNER MUSIC GROUP CORP CL A,Warner Music Group Corp.,WMG,stock,Communication Services
2424,2026-01-23,sale,"$1,001 - $15,000",8000,HEWLETT PACKARD ENTERPRISE COMPANY,Hewlett Packard Enterprise Company,HPE,stock,Information Technology
2425,2026-03-26,sale,"$1,001 - $15,000",8000,EVEREST REINSURANCE GR F,Everest Group Ltd,EG,stock,Financials
2426,2026-02-12,sale,"$1,001 - $15,000",8000,GUIDEWIRE SOFTWARE INC,Guidewire Software Inc,GWRE,stock,Information Technology
2427,2026-02-12,sale,"$1,001 - $15,000",8000,PAYCOM SOFTWARE INC,"Paycom Software, Inc.",PAYC,stock,Industrials
2428,2026-02-23,sale,"$1,001 - $15,000",8000,HUMANA INC,Humana Inc.,HUM,stock,Health Care
2429,2026-03-17,sale,"$1,001 - $15,000",8000,MONGODB INC CLASS A,MongoDB Inc,MDB,stock,Information Technology
2430,2026-02-23,sale,"$1,001 - $15,000",8000,VERISK ANALYTICS INC CLASS A,"Verisk Analytics, Inc.",VRSK,stock,Industrials
2431,2026-02-23,sale,"$1,001 - $15,000",8000,GITLAB INC CLASS A,GitLab Inc,GTLB,stock,Information Technology
2432,2026-03-26,sale,"$1,001 - $15,000",8000,ROCKET COMPANIES CL A CLASS A,"Rocket Companies, Inc.",RKT,stock,Financials
2433,2026-02-23,sale,"$1,001 - $15,000",8000,COSTAR GROUP INC,"CoStar Group, Inc.",CSGP,stock,Real Estate
2434,2026-02-12,sale,"$1,001 - $15,000",8000,EQUIFAX INC,Equifax Inc,EFX,stock,Industrials
2435,2026-01-21,sale,"$1,001 - $15,000",8000,REPUBLIC SVCS INC,"Republic Services, Inc.",RSG,stock,Industrials
2436,2026-01-21,sale,"$1,001 - $15,000",8000,RLJ CORP,RLJ Lodging Trust,RLJ,stock,Real Estate
2437,2026-02-12,sale,"$1,001 - $15,000",8000,GLOBAL PMTS INC,Global Payments Inc,GPN,stock,Financials
2438,2026-02-23,sale,"$1,001 - $15,000",8000,AMERICAN WTR WKS CO INC,American Water Works Company Inc,AWK,stock,Utilities
2439,2026-03-26,sale,"$1,001 - $15,000",8000,INTUIT,Intuit Inc.,INTU,stock,Information Technology
2440,2026-01-26,sale,"$1,001 - $15,000",8000,ACI WORLDWIDE INC,ACI Worldwide Inc,ACIW,stock,Information Technology
2441,2026-02-12,sale,"$1,001 - $15,000",8000,ZILLOW GROUP INC CLASS C,Zillow Group Inc,ZG,stock,Communication Services
2442,2026-03-26,sale,"$1,001 - $15,000",8000,GRAPHIC PACKAGING HLDG C,Graphic Packaging Holding Company,GPK,stock,Materials
2443,2026-02-12,sale,"$1,001 - $15,000",8000,QUALCOMM INC,QUALCOMM Incorporated,QCOM,stock,Information Technology
2444,2026-03-26,sale,"$1,001 - $15,000",8000,LAUDER ESTEE COS INC CLASS A,The Estée Lauder Companies Inc.,EL,stock,Consumer Staples
2445,2026-02-12,sale,"$1,001 - $15,000",8000,TOAST INC CLASS A,"Toast, Inc.",TOST,stock,Information Technology
2446,2026-03-26,sale,"$1,001 - $15,000",8000,MCCORMICK & CO INC CLASS N,McCormick & Company Incorporated,MKC.V,stock,Consumer Staples
2447,2026-01-21,sale,"$1,001 - $15,000",8000,FLUTTER ENTMT PLC F,Flutter Entertainment plc,FLUT,stock,Consumer Discretionary
2448,2026-02-12,sale,"$1,001 - $15,000",8000,FLEX LTD F,Flex Ltd,FLEX,stock,Information Technology
2449,2026-03-26,sale,"$1,001 - $15,000",8000,LPL FINL HLDGS INC,LPL Financial Holdings Inc.,LPLA,stock,Financials
2450,2026-03-26,sale,"$1,001 - $15,000",8000,SBA COMMUNICATIONS CORP REIT,SBA Communications Corporation,SBAC,stock,Real Estate
2451,2026-03-26,sale,"$1,001 - $15,000",8000,GENERAL MILLS INC,General Mills Inc,GIS,stock,Consumer Staples
2452,2026-03-26,sale,"$1,001 - $15,000",8000,RLI CORP,RLI Corp.,RLI,stock,Financials
2453,2026-02-23,sale,"$1,001 - $15,000",8000,JONES LANG LASALLE INC,Jones Lang LaSalle Incorporated,JLL,stock,Real Estate
2454,2026-02-23,sale,"$1,001 - $15,000",8000,ZSCALER INC,Zscaler Inc,ZS,stock,Information Technology
2455,2026-02-23,sale,"$1,001 - $15,000",8000,SAMSARA INC CLASS A,Samsara Inc.,IOT,stock,Information Technology
2456,2026-02-12,sale,"$1,001 - $15,000",8000,GODADDY INC CLASS A,GoDaddy Inc,GDDY,stock,Information Technology
2457,2026-03-26,sale,"$1,001 - $15,000",8000,VULCAN MATLS CO,Vulcan Materials Company,VMC,stock,Materials
2458,2026-03-17,sale,"$1,001 - $15,000",8000,ACUITY INC,Acuity Brands Inc,AYI,stock,Industrials
2459,2026-03-26,sale,"$1,001 - $15,000",8000,GARTNER INC,Gartner Inc,IT,stock,Information Technology
2460,2026-02-23,sale,"$1,001 - $15,000",8000,BOOZ ALLEN HAMILTON HLDG CLASS A,Booz Allen Hamilton Holding Corporation,BAH,stock,Industrials
2461,2026-03-17,sale,"$1,001 - $15,000",8000,METLIFE INC,MetLife Inc,MET,stock,Financials
2462,2026-03-17,sale,"$1,001 - $15,000",8000,GENERAL MILLS INC,General Mills Inc,GIS,stock,Consumer Staples
2463,2026-01-12,sale,"$1,001 - $15,000",8000,INVITATION HOMES INC,Invitation Homes Inc.,INVH,stock,Real Estate
2464,2026-02-23,sale,"$1,001 - $15,000",8000,RYAN SPECIALTY HOLDINGS CLASS A,"Ryan Specialty Holdings, Inc.",RYAN,stock,Financials
2465,2026-03-17,sale,"$1,001 - $15,000",8000,SMURFIT WESTROCK PLC F,Smurfit WestRock plc,SW,stock,Materials
2466,2026-03-18,sale,"$1,001 - $15,000",8000,MARKEL GROUP INC,Markel Group Inc.,MKL,stock,Financials
2467,2026-02-23,sale,"$1,001 - $15,000",8000,ROCKET LAB CORP CLASS A,"Rocket Lab USA, Inc.",RKLB,stock,Industrials
2468,2026-02-23,sale,"$1,001 - $15,000",8000,CAPITAL ONE FINL CORP,Capital One Financial Corporation,COF,stock,Financials
2469,2026-03-17,sale,"$1,001 - $15,000",8000,RYAN SPECIALTY HOLDINGS CLASS A,"Ryan Specialty Holdings, Inc.",RYAN,stock,Financials
2470,2026-01-21,sale,"$1,001 - $15,000",8000,ALLSTATE CORP,The Allstate Corporation,ALL,stock,Financials
2471,2026-03-26,sale,"$1,001 - $15,000",8000,SOLVENTUM CORP,Solventum Corporation,SOLV,stock,Health Care
2472,2026-01-21,sale,"$1,001 - $15,000",8000,ATLASSIAN CORP CLASS A,Atlassian Corporation,TEAM,stock,Information Technology
2473,2026-02-23,sale,"$1,001 - $15,000",8000,ARES MGMT CORP CLASS A,Ares Management Corporation,ARES,stock,Financials
2474,2026-02-19,sale,"$1,001 - $15,000",8000,DOORDASH INC CL A,DoorDash Inc.,DASH,stock,Consumer Discretionary
2475,2026-01-12,sale,"$1,001 - $15,000",8000,RYAN SPECIALTY HOLDINGS CLASS A,"Ryan Specialty Holdings, Inc.",RYAN,stock,Financials
2476,2026-01-26,sale,"$1,001 - $15,000",8000,AGILYSYS INC,Agilysys Inc,AGYS,stock,Information Technology
2477,2026-02-23,sale,"$1,001 - $15,000",8000,DOCUSIGN INC,"DocuSign, Inc.",DOCU,stock,Information Technology
2478,2026-02-12,sale,"$1,001 - $15,000",8000,ATLASSIAN CORP CLASS A,Atlassian Corporation,TEAM,stock,Information Technology
2479,2026-01-21,sale,"$1,001 - $15,000",8000,PROCORE TECHNOLOGIES INC,Procore Technologies Inc.,PCOR,stock,Information Technology
2480,2026-02-23,sale,"$1,001 - $15,000",8000,METLIFE INC,MetLife Inc,MET,stock,Financials
2481,2026-03-17,sale,"$1,001 - $15,000",8000,COPART INC,"Copart, Inc.",CPRT,stock,Industrials
2482,2026-03-17,sale,"$1,001 - $15,000",8000,RPM INTL INC,RPM International Inc.,RPM,stock,Materials
2483,2026-03-26,sale,"$1,001 - $15,000",8000,GLOBAL PMTS INC,Global Payments Inc,GPN,stock,Financials
2484,2026-03-17,sale,"$1,001 - $15,000",8000,ZOOM COMMUNICATIONS INC CLASS A,Zoom Video Communications Inc,ZM,stock,Information Technology
2485,2026-03-26,sale,"$1,001 - $15,000",8000,FLOOR & DECOR HLDGS INC CLASS A,Floor & Decor Holdings Inc,FND,stock,Consumer Discretionary
2486,2026-03-26,sale,"$1,001 - $15,000",8000,ALEXANDRIA REAL ESTATE E REIT,"Alexandria Real Estate Equities, Inc.",ARE,stock,Real Estate
2487,2026-02-12,sale,"$1,001 - $15,000",8000,GEN DIGITAL INC,Gen Digital Inc,GEN,stock,Information Technology
2488,2026-02-12,sale,"$1,001 - $15,000",8000,BRIGHT HORIZONS FAMILY S,Bright Horizons Family Solutions Inc.,BFAM,stock,Consumer Discretionary
2489,2026-01-21,sale,"$1,001 - $15,000",8000,CHARTER COMMUNICATIONS I CLASS A,Charter Communications Inc,CHTR,stock,Communication Services
2490,2026-01-21,sale,"$1,001 - $15,000",8000,SEMPRA,Sempra,SRE,stock,Utilities
2491,2026-01-21,sale,"$1,001 - $15,000",8000,GENERAL MILLS INC,General Mills Inc,GIS,stock,Consumer Staples
2492,2026-02-19,sale,"$1,001 - $15,000",8000,ROYALTY PHARMA PLC CL A,Royalty Pharma plc,RPRX,stock,Health Care
2493,2026-01-21,sale,"$1,001 - $15,000",8000,CMS ENERGY CORP,CMS Energy Corp,CMS,stock,Utilities
2494,2026-01-21,sale,"$1,001 - $15,000",8000,COUPANG INC CLASS A,Coupang Inc,CPNG,stock,Consumer Discretionary
2495,2026-03-26,sale,"$1,001 - $15,000",8000,CENTENE CORP DEL,Centene Corporation,CNC,stock,Health Care
2496,2026-02-12,sale,"$1,001 - $15,000",8000,MASTERCARD INC CLASS A,Mastercard Incorporated,MA,stock,Financials
2497,2026-02-23,sale,"$1,001 - $15,000",8000,UIPATH INC CLASS A,UiPath Inc.,PATH,stock,Information Technology
2498,2026-02-23,sale,"$1,001 - $15,000",8000,REDDIT INC CLASS A,"Reddit, Inc.",RDDT,stock,Communication Services
2499,2026-01-23,sale,"$1,001 - $15,000",8000,BEST BUY COMPANY INC,"Best Buy Co., Inc.",BBY,stock,Consumer Discretionary
2500,2026-01-21,sale,"$1,001 - $15,000",8000,THE CAMPBELL'S CO,Campbell Soup Company,CPB,stock,Consumer Staples
2501,2026-02-12,sale,"$1,001 - $15,000",8000,SAMSARA INC CLASS A,Samsara Inc.,IOT,stock,Information Technology
2502,2026-01-12,sale,"$1,001 - $15,000",8000,DICKS SPORTING GOODS INC,"Dick's Sporting Goods, Inc.",DKS,stock,Consumer Discretionary
2503,2026-03-26,sale,"$1,001 - $15,000",8000,FACTSET RESH SYS INC,FactSet Research Systems Inc,FDS,stock,Financials
2504,2026-01-12,sale,"$1,001 - $15,000",8000,BLACKROCK INC NEW,"BlackRock, Inc.",BLK,stock,Financials
2505,2026-03-26,sale,"$1,001 - $15,000",8000,IBM CORP,International Business Machines Corporation,IBM,stock,Information Technology
2506,2026-02-12,sale,"$1,001 - $15,000",8000,AXON ENTERPRISE INC,Axon Enterprise Inc,AXON,stock,Industrials
2507,2026-03-26,sale,"$1,001 - $15,000",8000,COMMVAULT SYS INC,"Commvault Systems, Inc.",CVLT,stock,Information Technology
2508,2026-03-26,sale,"$1,001 - $15,000",8000,PRUDENTIAL FINL INC,"Prudential Financial, Inc.",PRU,stock,Financials
2509,2026-03-26,sale,"$1,001 - $15,000",8000,HENRY JACK & ASSOC INC,Jack Henry & Associates Inc.,JKHY,stock,Financials
2510,2026-03-26,sale,"$1,001 - $15,000",8000,ELASTIC N V F,Elastic N.V.,ESTC,stock,Information Technology
2511,2026-03-27,sale,"$1,001 - $15,000",8000,The Trade Desk Inc Com Cl A Solicited Order Discretion Exercised,"The Trade Desk, Inc.",TTD,stock,Communication Services
2512,2026-03-26,sale,"$1,001 - $15,000",8000,ARCHER AVIATION INC CLASS A,Archer Aviation Inc,ACHR,stock,Industrials
2513,2026-03-26,sale,"$1,001 - $15,000",8000,UDR INC REIT,"UDR, Inc.",UDR,stock,Real Estate
2514,2026-02-12,sale,"$1,001 - $15,000",8000,LULULEMON ATHLETICA INC,Lululemon Athletica Inc.,LULU,stock,Consumer Discretionary
2515,2026-01-21,sale,"$1,001 - $15,000",8000,PG&E CORP,PG&E Corporation,PCG,stock,Utilities
2516,2026-03-26,sale,"$1,001 - $15,000",8000,ARISTA NETWORKS INC,Arista Networks Inc,ANET,stock,Information Technology
2517,2026-02-12,sale,"$1,001 - $15,000",8000,VERISK ANALYTICS INC CLASS A,"Verisk Analytics, Inc.",VRSK,stock,Industrials
2518,2026-02-23,sale,"$1,001 - $15,000",8000,KINSALE CAP GROUP INC,"Kinsale Capital Group, Inc.",KNSL,stock,Financials
2519,2026-01-12,sale,"$1,001 - $15,000",8000,OGE ENERGY CORP,OGE Energy Corp.,OGE,stock,Utilities
2520,2026-03-04,sale,"$1,001 - $15,000",8000,HP INC,HP Inc.,HPQ,stock,Information Technology
2521,2026-03-26,sale,"$1,001 - $15,000",8000,SKYWORKS SOLUTIONS INC,Skyworks Solutions Inc,SWKS,stock,Information Technology
2522,2026-03-26,sale,"$1,001 - $15,000",8000,GENPACT LTD F,Genpact Limited,G,stock,Information Technology
2523,2026-01-21,sale,"$1,001 - $15,000",8000,SNOWFLAKE INC CLASS A,Snowflake Inc,SNOW,stock,Information Technology
2524,2026-01-12,sale,"$1,001 - $15,000",8000,DAYFORCE INC,Dayforce Inc.,DAY,stock,Information Technology
2525,2026-03-26,sale,"$1,001 - $15,000",8000,AURORA INNOVATION INC CLASS A,Aurora Innovation Inc,AUR,stock,Information Technology
2526,2026-03-26,sale,"$1,001 - $15,000",8000,OTIS WORLDWIDE CORP,Otis Worldwide Corporation,OTIS,stock,Industrials
2527,2026-03-26,sale,"$1,001 - $15,000",8000,LOAR HOLDINGS INC EQUITY CLASS EQUITY,Loar Holdings Inc,LOAR,stock,Industrials
2528,2026-02-12,sale,"$1,001 - $15,000",8000,IBM CORP,International Business Machines Corporation,IBM,stock,Information Technology
2529,2026-01-12,sale,"$1,001 - $15,000",8000,COUPANG INC CLASS A,Coupang Inc,CPNG,stock,Consumer Discretionary
2530,2026-01-26,sale,"$1,001 - $15,000",8000,DORMAN PRODS INC,Dorman Products Inc.,DORM,stock,Consumer Discretionary
2531,2026-01-21,sale,"$1,001 - $15,000",8000,CONSTELLATION ENERGY COR,Constellation Energy Corporation,CEG,stock,Utilities
2532,2026-03-26,sale,"$1,001 - $15,000",8000,DUOLINGO INC CLASS A,Duolingo Inc.,DUOL,stock,Communication Services
2533,2026-03-17,sale,"$1,001 - $15,000",8000,THERMO FISHER SCIENTIFIC,Thermo Fisher Scientific Inc.,TMO,stock,Health Care
2534,2026-02-12,sale,"$1,001 - $15,000",8000,INTERCONTINENTAL EXCHANG,"Intercontinental Exchange, Inc.",ICE,stock,Financials
2535,2026-03-26,sale,"$1,001 - $15,000",8000,TRANSUNION,TransUnion,TRU,stock,Industrials
2536,2026-03-26,sale,"$1,001 - $15,000",8000,OMNICOM GROUP INC,Omnicom Group Inc.,OMC,stock,Communication Services
2537,2026-03-26,sale,"$1,001 - $15,000",8000,SERVICETITAN INC CLASS A,ServiceTitan Inc,TTAN,stock,Information Technology
2538,2026-03-17,sale,"$1,001 - $15,000",8000,SOLVENTUM CORP,Solventum Corporation,SOLV,stock,Health Care
2539,2026-03-26,sale,"$1,001 - $15,000",8000,KEURIG DR PEPPER INC,Keurig Dr Pepper Inc.,KDP,stock,Consumer Staples
2540,2026-03-30,sale,"$1,001 - $15,000",8000,ADVANCE AUTO PTS INC,Advance Auto Parts Inc,AAP,stock,Consumer Discretionary
2541,2026-02-19,sale,"$1,001 - $15,000",8000,APPLOVIN CORP CL A,AppLovin Corporation,APP,stock,Communication Services
2542,2026-03-26,sale,"$1,001 - $15,000",8000,THE CIGNA GROUP,The Cigna Group,CI,stock,Health Care
2543,2026-02-12,sale,"$1,001 - $15,000",8000,TRIMBLE INC,Trimble Inc.,TRMB,stock,Information Technology
2544,2026-02-12,sale,"$1,001 - $15,000",8000,IQVIA HLDGS INC,IQVIA Holdings Inc.,IQV,stock,Health Care
2545,2026-03-17,sale,"$1,001 - $15,000",8000,MONGODB INC CL A,MongoDB Inc,MDB,stock,Information Technology
2546,2026-02-23,sale,"$1,001 - $15,000",8000,CCC INTELLIGENT SOLUTION,CCC Intelligent Solutions Holdings Inc,CCC,stock,Information Technology
2547,2026-03-26,sale,"$1,001 - $15,000",8000,ROLLINS INC,"Rollins, Inc.",ROL,stock,Industrials
2548,2026-03-26,sale,"$1,001 - $15,000",8000,SAILPOINT INC,"SailPoint Technologies Holdings, Inc.",SAIL,stock,Information Technology
2549,2026-02-12,sale,"$1,001 - $15,000",8000,COGNIZANT TECHNOLOGY SOL CLASS A,Cognizant Technology Solutions Corp,CTSH,stock,Information Technology
2550,2026-01-12,sale,"$1,001 - $15,000",8000,UNION PAC CORP,Union Pacific Corporation,UNP,stock,Industrials
2551,2026-02-19,sale,"$1,001 - $15,000",8000,IDEXX LABORATORIES INC,IDEXX Laboratories Inc.,IDXX,stock,Health Care
2552,2026-02-19,sale,"$1,001 - $15,000",8000,LIBERTY MEDIA CORP LIBERTY FORMULA ONE SER C,Liberty Media Corporation - Liberty Formula One,FWONK,stock,Communication Services
2553,2026-02-23,sale,"$1,001 - $15,000",8000,FAIR ISAAC CORP,Fair Isaac Corporation,FICO,stock,Information Technology
2554,2026-02-23,sale,"$1,001 - $15,000",8000,AXON ENTERPRISE INC,Axon Enterprise Inc,AXON,stock,Industrials
2555,2026-02-23,sale,"$1,001 - $15,000",8000,PAYLOCITY HLDG CORP,Paylocity Holding Corporation,PCTY,stock,Information Technology
2556,2026-02-23,sale,"$1,001 - $15,000",8000,SENTINELONE INC CLASS A,"SentinelOne, Inc.",S,stock,Information Technology
2557,2026-02-12,sale,"$1,001 - $15,000",8000,OMNICOM GROUP INC,Omnicom Group Inc.,OMC,stock,Communication Services
2558,2026-02-19,sale,"$1,001 - $15,000",8000,COPART INC,"Copart, Inc.",CPRT,stock,Industrials
2559,2026-01-21,sale,"$1,001 - $15,000",8000,AMERICAN INTL GROUP INC,"American International Group, Inc.",AIG,stock,Financials
2560,2026-02-12,sale,"$1,001 - $15,000",8000,KKR & CO INC,KKR & Co. Inc.,KKR,stock,Financials
2561,2026-03-26,sale,"$1,001 - $15,000",8000,FIDELITY NATL INFORMATIO,Fidelity National Information Services,FIS,stock,Financials
2562,2026-03-04,sale,"$1,001 - $15,000",8000,CARLYLE GROUP INC,The Carlyle Group Inc,CG,stock,Financials
2563,2026-01-12,sale,"$1,001 - $15,000",8000,ROBLOX CORP CLASS A,Roblox Corporation,RBLX,stock,Communication Services
2564,2026-03-26,sale,"$1,001 - $15,000",8000,CROWN CASTLE INC REIT REIT,Crown Castle Inc,CCI,stock,Real Estate
2565,2026-02-12,sale,"$1,001 - $15,000",8000,DOORDASH INC CLASS A,DoorDash Inc.,DASH,stock,Consumer Discretionary
2566,2026-02-23,sale,"$1,001 - $15,000",8000,COGNIZANT TECHNOLOGY SOL CLASS A,Cognizant Technology Solutions Corp,CTSH,stock,Information Technology
2567,2026-03-26,sale,"$1,001 - $15,000",8000,AMERIPRISE FINL INC,Ameriprise Financial Inc,AMP,stock,Financials
2568,2026-03-17,sale,"$1,001 - $15,000",8000,ARES MGMT CORP CLASS A,Ares Management Corporation,ARES,stock,Financials
2569,2026-02-23,sale,"$1,001 - $15,000",8000,IBM CORP,International Business Machines Corporation,IBM,stock,Information Technology
2570,2026-03-26,sale,"$1,001 - $15,000",8000,RAYMOND JAMES FINL INC,"Raymond James Financial, Inc.",RJF,stock,Financials
2571,2026-02-19,sale,"$1,001 - $15,000",8000,EBAY INC,eBay Inc.,EBAY,stock,Consumer Discretionary
2572,2026-01-21,sale,"$1,001 - $15,000",8000,WORKDAY INC CLASS A,"Workday, Inc.",WDAY,stock,Information Technology
2573,2026-03-04,sale,"$1,001 - $15,000",8000,BAXTER INTL INC,Baxter International Inc,BAX,stock,Health Care
2574,2026-01-21,sale,"$1,001 - $15,000",8000,UNION PAC CORP,Union Pacific Corporation,UNP,stock,Industrials
2575,2026-03-17,sale,"$1,001 - $15,000",8000,HORMEL FOODS CORP,Hormel Foods Corporation,HRL,stock,Consumer Staples
2576,2026-03-26,sale,"$1,001 - $15,000",8000,ZILLOW GROUP INC CLASS C,Zillow Group Inc,ZG,stock,Communication Services
2577,2026-01-21,sale,"$1,001 - $15,000",8000,SOUTHERN CO,Southern Company,SO,stock,Utilities
2578,2026-02-23,sale,"$1,001 - $15,000",8000,POOL CORP,Pool Corporation,POOL,stock,Consumer Discretionary
2579,2026-02-23,sale,"$1,001 - $15,000",8000,EQUIFAX INC,Equifax Inc,EFX,stock,Industrials
2580,2026-02-12,sale,"$1,001 - $15,000",8000,SOFI TECHNOLOGIES INC,SoFi Technologies Inc,SOFI,stock,Financials
2581,2026-01-26,sale,"$1,001 - $15,000",8000,Q2 HLDGS INC,"Q2 Holdings, Inc.",QTWO,stock,Information Technology
2582,2026-02-26,sale,"$1,001 - $15,000",8000,LIVERAMP HLDGS INC,"LiveRamp Holdings, Inc.",RAMP,stock,Information Technology
2583,2026-03-26,sale,"$1,001 - $15,000",8000,JPMORGAN CHASE & CO,JPMorgan Chase & Co.,JPM,stock,Financials
2584,2026-02-23,sale,"$1,001 - $15,000",8000,COPART INC,"Copart, Inc.",CPRT,stock,Industrials
2585,2026-02-12,sale,"$1,001 - $15,000",8000,STRATEGY INC CLASS A,Strategy Inc. (MicroStrategy),MSTR,stock,Information Technology
2586,2026-01-12,sale,"$1,001 - $15,000",8000,ADVANCED MICRO DEVIC A,Advanced Micro Devices Inc,AMD,stock,Information Technology
2587,2026-02-23,sale,"$1,001 - $15,000",8000,ESSENT GROUP LTD F,Essent Group Ltd,ESNT,stock,Financials
2588,2026-01-12,sale,"$1,001 - $15,000",8000,WORKDAY INC CLASS A,"Workday, Inc.",WDAY,stock,Information Technology
2589,2026-01-21,sale,"$1,001 - $15,000",8000,AFLAC INC,Aflac Incorporated,AFL,stock,Financials
2590,2026-03-27,sale,"$1,001 - $15,000",8000,Super Micro Computer Inc Com New Solicited Order Discretion Exercised,Super Micro Computer Inc,SMCI,stock,Information Technology
2591,2026-03-17,sale,"$1,001 - $15,000",8000,IDEXX LABORATORIES INC,IDEXX Laboratories Inc.,IDXX,stock,Health Care
2592,2026-01-12,sale,"$1,001 - $15,000",8000,CROWN CASTLE INC REIT REIT,Crown Castle Inc,CCI,stock,Real Estate
2593,2026-02-19,sale,"$1,001 - $15,000",8000,INTUITIVE SURGICAL INC,Intuitive Surgical Inc,ISRG,stock,Health Care
2594,2026-02-26,sale,"$1,001 - $15,000",8000,STRIDE INC,Stride Inc,LRN,stock,Consumer Discretionary
2595,2026-02-19,sale,"$1,001 - $15,000",8000,ALNYLAM PHARMACEUTICALS INC,"Alnylam Pharmaceuticals, Inc.",ALNY,stock,Health Care
2596,2026-02-26,sale,"$1,001 - $15,000",8000,GROCERY OUTLET HLDG CORP,Grocery Outlet Holding Corp,GO,stock,Consumer Staples
2597,2026-02-26,sale,"$1,001 - $15,000",8000,GLAUKOS CORP,Glaukos Corporation,GKOS,stock,Health Care
2598,2026-02-23,sale,"$1,001 - $15,000",8000,AUTODESK INC,Autodesk Inc,ADSK,stock,Information Technology
2599,2026-03-26,sale,"$1,001 - $15,000",8000,THE TRADE DESK INC CLASS A,"The Trade Desk, Inc.",TTD,stock,Communication Services
2600,2026-02-26,sale,"$1,001 - $15,000",8000,UFP TECHNOLOGIES INC,"UFP Technologies, Inc.",UFPT,stock,Industrials
2601,2026-02-12,sale,"$1,001 - $15,000",8000,TAKE-TWO INTERACTIVE SOF,Take-Two Interactive Software Inc,TTWO,stock,Communication Services
2602,2026-01-21,sale,"$1,001 - $15,000",8000,DOORDASH INC CLASS A,DoorDash Inc.,DASH,stock,Consumer Discretionary
2603,2026-02-23,sale,"$1,001 - $15,000",8000,HUBSPOT INC,HubSpot Inc.,HUBS,stock,Information Technology
2604,2026-01-26,sale,"$1,001 - $15,000",8000,GOGO INC,Gogo Inc,GOGO,stock,Communication Services
2605,2026-01-21,sale,"$1,001 - $15,000",8000,ARCH CAPITAL GROUP LTD F,Arch Capital Group Ltd,ACGL,stock,Financials
2606,2026-03-17,sale,"$1,001 - $15,000",8000,UNITED AIRLINES HLDG,United Airlines Holdings Inc,UAL,stock,Industrials
2607,2026-03-17,sale,"$1,001 - $15,000",8000,LENNAR CORP CLASS A,Lennar Corporation,LEN,stock,Consumer Discretionary
2608,2026-01-12,sale,"$1,001 - $15,000",8000,COSTAR GROUP INC,"CoStar Group, Inc.",CSGP,stock,Real Estate
2609,2026-01-12,sale,"$1,001 - $15,000",8000,PROGRESSIVE CORP OH,The Progressive Corporation,PGR,stock,Financials
2610,2026-02-26,sale,"$1,001 - $15,000",8000,UNIFIRST CORP MASS,UniFirst Corporation,UNF,stock,Industrials
2611,2026-03-26,sale,"$1,001 - $15,000",8000,NVIDIA CORP,NVIDIA Corporation,NVDA,stock,Information Technology
2612,2026-01-21,sale,"$1,001 - $15,000",8000,TRAVELERS COS INC,"The Travelers Companies, Inc.",TRV,stock,Financials
2613,2026-02-12,sale,"$1,001 - $15,000",8000,CROWDSTRIKE HLDGS INC CLASS A,CrowdStrike Holdings Inc,CRWD,stock,Information Technology
2614,2026-03-30,sale,"$1,001 - $15,000",8000,VERSANT MEDIA GROUP INC,Versant Media Group Inc.,VSNT,stock,Communication Services
2615,2026-02-26,sale,"$1,001 - $15,000",8000,CAL MAINE FOODS INC,Cal-Maine Foods Inc,CALM,stock,Consumer Staples
2616,2026-03-17,sale,"$1,001 - $15,000",8000,EQUITABLE HLDGS INC,Equitable Holdings Inc,EQH,stock,Financials
2617,2026-03-17,sale,"$1,001 - $15,000",8000,ADOBE INC,Adobe Inc,ADBE,stock,Information Technology
2618,2026-03-26,sale,"$1,001 - $15,000",8000,TAKE-TWO INTERACTIVE SOF,Take-Two Interactive Software Inc,TTWO,stock,Communication Services
2619,2026-01-21,sale,"$1,001 - $15,000",8000,DATADOG INC CLASS A,"Datadog, Inc.",DDOG,stock,Information Technology
2620,2026-01-26,sale,"$1,001 - $15,000",8000,ADVANCE AUTO PTS INC,Advance Auto Parts Inc,AAP,stock,Consumer Discretionary
2621,2026-02-12,sale,"$1,001 - $15,000",8000,BLACKSTONE INC,Blackstone Inc,BX,stock,Financials
2622,2026-01-12,sale,"$1,001 - $15,000",8000,NEXTERA ENERGY INC,"NextEra Energy, Inc.",NEE,stock,Utilities
2623,2026-02-23,sale,"$1,001 - $15,000",8000,CADENCE DESIGN SYS INC,Cadence Design Systems Inc,CDNS,stock,Information Technology
2624,2026-02-12,sale,"$1,001 - $15,000",8000,PAYPAL HLDGS INC,"PayPal Holdings, Inc.",PYPL,stock,Financials
2625,2026-03-18,sale,"$1,001 - $15,000",8000,AUTOZONE INC,AutoZone Inc,AZO,stock,Consumer Discretionary
2626,2026-03-26,sale,"$1,001 - $15,000",8000,ERIE INDTY CO CLASS A,Erie Indemnity Company,ERIE,stock,Financials
2627,2026-03-17,sale,"$1,001 - $15,000",8000,AGILENT TECHNOLOGIES INC,Agilent Technologies Inc,A,stock,Health Care
2628,2026-02-12,sale,"$1,001 - $15,000",8000,GALLAGHER ARTHUR J & CO,Arthur J. Gallagher & Co,AJG,stock,Financials
2629,2026-03-26,sale,"$1,001 - $15,000",8000,3M CO,3M Company,MMM,stock,Industrials
2630,2026-01-21,sale,"$1,001 - $15,000",8000,TYLER TECHNOLOGIES INC,"Tyler Technologies, Inc.",TYL,stock,Information Technology
2631,2026-01-26,sale,"$1,001 - $15,000",8000,ARBOR RLTY TR INC REIT,Arbor Realty Trust Inc,ABR,stock,Real Estate
2632,2026-02-23,sale,"$1,001 - $15,000",8000,ROBLOX CORP CLASS A,Roblox Corporation,RBLX,stock,Communication Services
2633,2026-03-26,sale,"$1,001 - $15,000",8000,ATLASSIAN CORP CLASS A,Atlassian Corporation,TEAM,stock,Information Technology
2634,2026-01-21,sale,"$1,001 - $15,000",8000,FORTINET INC,Fortinet Inc,FTNT,stock,Information Technology
2635,2026-02-19,sale,"$1,001 - $15,000",8000,TRADE DESK INC (THE) CL A,"The Trade Desk, Inc.",TTD,stock,Communication Services
2636,2026-02-23,sale,"$1,001 - $15,000",8000,NASDAQ INC,Nasdaq Inc,NDAQ,stock,Financials
2637,2026-02-23,sale,"$1,001 - $15,000",8000,STRATEGY INC CLASS A,Strategy Inc. (MicroStrategy),MSTR,stock,Information Technology
2638,2026-02-12,sale,"$1,001 - $15,000",8000,MARSH & MCLENNAN COS INC,Marsh & McLennan Companies,MRSH,stock,Financials
2639,2026-02-23,sale,"$1,001 - $15,000",8000,SS&C TECHNOLOGIES HLDGS,"SS&C Technologies Holdings, Inc.",SSNC,stock,Information Technology
2640,2026-03-30,sale,"$1,001 - $15,000",8000,STONEX GROUP INC,StoneX Group Inc.,SNEX,stock,Financials
2641,2026-01-21,sale,"$1,001 - $15,000",8000,CISCO SYS INC,Cisco Systems Inc,CSCO,stock,Information Technology
2642,2026-02-23,sale,"$1,001 - $15,000",8000,ADVANCED MICRO DEVIC,Advanced Micro Devices Inc,AMD,stock,Information Technology
2643,2026-01-12,sale,"$1,001 - $15,000",8000,ABBVIE INC,AbbVie Inc.,ABBV,stock,Health Care
2644,2026-02-19,sale,"$1,001 - $15,000",8000,ZSCALER INC,Zscaler Inc,ZS,stock,Information Technology
2645,2026-03-17,sale,"$1,001 - $15,000",8000,BLUE OWL CAP INC CLASS A,Blue Owl Capital Inc.,OWL,stock,Financials
2646,2026-03-17,sale,"$1,001 - $15,000",8000,POOL CORP,Pool Corporation,POOL,stock,Consumer Discretionary
2647,2026-02-23,sale,"$1,001 - $15,000",8000,BLACKSTONE INC,Blackstone Inc,BX,stock,Financials
2648,2026-02-12,sale,"$1,001 - $15,000",8000,UBER TECHNOLOGIES INC,Uber Technologies Inc,UBER,stock,Industrials
2649,2026-03-18,sale,"$1,001 - $15,000",8000,HEICO CORP NEW CLASS A,HEICO Corporation,HEI,stock,Industrials
2650,2026-01-26,sale,"$1,001 - $15,000",8000,INSIGHT ENTERPRISES INC,"Insight Enterprises, Inc.",NSIT,stock,Information Technology
2651,2026-03-26,sale,"$1,001 - $15,000",8000,NIKE INC CLASS B,Nike Inc.,NKE,stock,Consumer Discretionary
2652,2026-02-26,sale,"$1,001 - $15,000",8000,APELLIS PHARMACEUTICALS,"Apellis Pharmaceuticals, Inc.",APLS,stock,Health Care
2653,2026-01-12,sale,"$1,001 - $15,000",8000,OLD REP INTL CORP,Old Republic International Corporation,ORI,stock,Financials
2654,2026-03-26,sale,"$1,001 - $15,000",8000,BOEING CO,The Boeing Company,BA,stock,Industrials
2655,2026-03-26,sale,"$1,001 - $15,000",8000,PTC INC,PTC Inc.,PTC,stock,Information Technology
2656,2026-02-12,sale,"$1,001 - $15,000",8000,INTUIT,Intuit Inc.,INTU,stock,Information Technology
2657,2026-03-26,sale,"$1,001 - $15,000",8000,FLUTTER ENTMT PLC F,Flutter Entertainment plc,FLUT,stock,Consumer Discretionary
2658,2026-03-26,sale,"$1,001 - $15,000",8000,GEN DIGITAL INC,Gen Digital Inc,GEN,stock,Information Technology
2659,2026-03-18,sale,"$1,001 - $15,000",8000,VISTRA CORP,Vistra Corp.,VST,stock,Utilities
2660,2026-02-19,sale,"$1,001 - $15,000",8000,QUALCOMM INC,QUALCOMM Incorporated,QCOM,stock,Information Technology
2661,2026-03-30,sale,"$1,001 - $15,000",8000,OPENLANE INC,Openlane Inc.,OPLN,stock,Industrials
2662,2026-02-19,sale,"$1,001 - $15,000",8000,EXPEDIA GROUP INC,Expedia Group Inc,EXPE,stock,Consumer Discretionary
2663,2026-02-26,sale,"$1,001 - $15,000",8000,LA Z BOY INC,La-Z-Boy Incorporated,LZB,stock,Consumer Discretionary
2664,2026-02-23,sale,"$1,001 - $15,000",8000,CBRE GROUP INC CLASS A,CBRE Group Inc,CBRE,stock,Real Estate
2665,2026-03-26,sale,"$1,001 - $15,000",8000,CHIPOTLE MEXICAN GRILL I,Chipotle Mexican Grill Inc,CMG,stock,Consumer Discretionary
2666,2026-03-26,sale,"$1,001 - $15,000",8000,MORNINGSTAR INC,Morningstar Inc,MORN,stock,Financials
2667,2026-02-23,sale,"$1,001 - $15,000",8000,QUALCOMM INC,QUALCOMM Incorporated,QCOM,stock,Information Technology
2668,2026-02-02,sale,"$1,001 - $15,000",8000,ELME COMMUNITIES REIT REIT,Elme Communities,ELME,stock,Real Estate
2669,2026-01-22,sale,"$1,001 - $15,000",8000,SCHWAB GOVERNMENT MONEY FUND,Schwab Government Money Fund,SNVXX,money_market,Funds & ETFs
2670,2026-01-12,sale,"$1,001 - $15,000",8000,METLIFE INC,MetLife Inc,MET,stock,Financials
2671,2026-03-30,sale,"$1,001 - $15,000",8000,PRA GROUP INC,PRA Group Inc.,PRAA,stock,Financials
2672,2026-02-12,sale,"$1,001 - $15,000",8000,MID-AMER APT CMNTYS INC REIT,Mid-America Apartment Communities Inc,MAA,stock,Real Estate
2673,2026-02-23,sale,"$1,001 - $15,000",8000,EQUITABLE HLDGS INC,Equitable Holdings Inc,EQH,stock,Financials
2674,2026-02-12,sale,"$1,001 - $15,000",8000,AMERICAN HOMES 4 RENT REIT,American Homes 4 Rent,AMH,stock,Real Estate
2675,2026-03-26,sale,"$1,001 - $15,000",8000,PROGRESSIVE CORP OH,The Progressive Corporation,PGR,stock,Financials
2676,2026-02-12,sale,"$1,001 - $15,000",8000,INTUITIVE SURGICAL INC,Intuitive Surgical Inc,ISRG,stock,Health Care
2677,2026-01-12,sale,"$1,001 - $15,000",8000,ALBERTSONS CO SHS CL A CLASS A,"Albertsons Companies, Inc.",ACI,stock,Consumer Staples
2678,2026-03-30,sale,"$1,001 - $15,000",8000,DXP ENTERPRISES INC,DXP Enterprises Inc.,DXPE,stock,Industrials
2679,2026-02-12,sale,"$1,001 - $15,000",8000,PAYCHEX INC,"Paychex, Inc.",PAYX,stock,Industrials
2680,2026-03-26,sale,"$1,001 - $15,000",8000,AMAZON.COM INC,"Amazon.com, Inc.",AMZN,stock,Consumer Discretionary
2681,2026-02-12,sale,"$1,001 - $15,000",8000,ABBOTT LABS,Abbott Laboratories,ABT,stock,Health Care
2682,2026-02-19,sale,"$1,001 - $15,000",8000,SYNOPSYS INC,Synopsys Inc,SNPS,stock,Information Technology
2683,2026-03-26,sale,"$1,001 - $15,000",8000,DOORDASH INC CLASS A,DoorDash Inc.,DASH,stock,Consumer Discretionary
2684,2026-03-17,sale,"$1,001 - $15,000",8000,FLUTTER ENTMT PLC F,Flutter Entertainment plc,FLUT,stock,Consumer Discretionary
2685,2026-03-26,sale,"$1,001 - $15,000",8000,CONAGRA BRANDS INC,"Conagra Brands, Inc.",CAG,stock,Consumer Staples
2686,2026-02-24,sale,"$1,001 - $15,000",8000,SCHWAB GOVERNMENT MONEY FUND,Schwab Government Money Fund,SNVXX,money_market,Funds & ETFs
2687,2026-01-23,sale,"$1,001 - $15,000",8000,TESLA INC,"Tesla, Inc.",TSLA,stock,Consumer Discretionary
2688,2026-03-17,sale,"$1,001 - $15,000",8000,WORKDAY INC CLASS A,"Workday, Inc.",WDAY,stock,Information Technology
2689,2026-03-30,sale,"$1,001 - $15,000",8000,PAPA JOHNS INTL INC,"Papa John's International, Inc.",PZZA,stock,Consumer Discretionary
2690,2026-02-23,sale,"$1,001 - $15,000",8000,AMAZON.COM INC,"Amazon.com, Inc.",AMZN,stock,Consumer Discretionary
2691,2026-01-21,sale,"$1,001 - $15,000",8000,ORACLE CORP,Oracle Corporation,ORCL,stock,Information Technology
2692,2026-02-23,sale,"$1,001 - $15,000",8000,DYNATRACE INC,Dynatrace Inc.,DT,stock,Information Technology
2693,2026-01-21,sale,"$1,001 - $15,000",8000,MCDONALDS CORP,McDonald's Corporation,MCD,stock,Consumer Discretionary
2694,2026-03-26,sale,"$1,001 - $15,000",8000,TRANSDIGM GROUP INC,TransDigm Group Incorporated,TDG,stock,Industrials
2695,2026-03-30,sale,"$1,001 - $15,000",8000,JBG SMITH PPTYS,JBG SMITH Properties,JBGS,stock,Real Estate
2696,2026-02-23,sale,"$1,001 - $15,000",8000,KKR & CO INC,KKR & Co. Inc.,KKR,stock,Financials
2697,2026-01-12,sale,"$1,001 - $15,000",8000,KINDER MORGAN INC DEL,"Kinder Morgan, Inc.",KMI,stock,Energy
2698,2026-02-12,sale,"$1,001 - $15,000",8000,S&P GLOBAL INC,S&P Global Inc.,SPGI,stock,Financials
2699,2026-01-12,sale,"$1,001 - $15,000",8000,VERIZON COMMUNICATIONS I,Verizon Communications Inc.,VZ,stock,Communication Services
2700,2026-02-26,sale,"$1,001 - $15,000",8000,CORECIVIC INC,"CoreCivic, Inc.",CXW,stock,Real Estate
2701,2026-02-23,sale,"$1,001 - $15,000",8000,MARSH & MCLENNAN COS INC,Marsh & McLennan Companies,MRSH,stock,Financials
2702,2026-02-12,sale,"$1,001 - $15,000",8000,AUTOMATIC DATA PROCESSIN,Automatic Data Processing Inc,ADP,stock,Information Technology
2703,2026-02-26,sale,"$1,001 - $15,000",8000,ONESPAWORLD HLDGS LTD F,OneSpaWorld Holdings Limited,OSW,stock,Consumer Discretionary
2704,2026-03-26,sale,"$1,001 - $15,000",8000,AON PLC F CLASS A,Aon plc,AON,stock,Financials
2705,2026-01-26,sale,"$1,001 - $15,000",8000,PAPA JOHNS INTL INC,"Papa John's International, Inc.",PZZA,stock,Consumer Discretionary
2706,2026-02-23,sale,"$1,001 - $15,000",8000,PAYCHEX INC,"Paychex, Inc.",PAYX,stock,Industrials
2707,2026-02-23,sale,"$1,001 - $15,000",8000,PAYPAL HLDGS INC,"PayPal Holdings, Inc.",PYPL,stock,Financials
2708,2026-02-19,sale,"$1,001 - $15,000",8000,O REILLY AUTOMOTIVE INC,O'Reilly Automotive Inc.,ORLY,stock,Consumer Discretionary
2709,2026-01-21,sale,"$1,001 - $15,000",8000,VISTRA CORP,Vistra Corp.,VST,stock,Utilities
2710,2026-02-12,sale,"$1,001 - $15,000",8000,AMAZON.COM INC,"Amazon.com, Inc.",AMZN,stock,Consumer Discretionary
2711,2026-03-26,sale,"$1,001 - $15,000",8000,BLUE OWL CAP INC CLASS A,Blue Owl Capital Inc.,OWL,stock,Financials
2712,2026-01-26,sale,"$1,001 - $15,000",8000,AMPHASTAR PHARMACEUTICAL,"Amphastar Pharmaceuticals, Inc.",AMPH,stock,Health Care
2713,2026-02-26,sale,"$1,001 - $15,000",8000,ETHAN ALLEN INTERIORS IN,Ethan Allen Interiors Inc,ETD,stock,Consumer Discretionary
2714,2026-02-12,sale,"$1,001 - $15,000",8000,UNITEDHEALTH GROUP INC,UnitedHealth Group Inc,UNH,stock,Health Care
2715,2026-02-23,sale,"$1,001 - $15,000",8000,FISERV INC,Fiserv Inc,FI,stock,Financials
2716,2026-03-17,sale,"$1,001 - $15,000",8000,COOPER COS INC PAR,"The Cooper Companies, Inc.",COO,stock,Health Care
2717,2026-01-26,sale,"$1,001 - $15,000",8000,SIMPLY GOOD FOODS CO,Simply Good Foods Company,SMPL,stock,Consumer Staples
2718,2026-03-06,sale,"$1,001 - $15,000",8000,Invesco Premier U.S. Government Money Market Portfolio Investor Class 5 - Frac.0000 Solicited Order Discretion Exercised,Invesco Premier U.S. Government Money Market Fund,IUGXX,money_market,Funds & ETFs
2719,2026-02-23,sale,"$1,001 - $15,000",8000,APOLLO GLOBAL MGMT INC N CLASS A,Apollo Global Management Inc,APO,stock,Financials
2720,2026-03-18,sale,"$1,001 - $15,000",8000,INTUITIVE SURGICAL INC,Intuitive Surgical Inc,ISRG,stock,Health Care
2721,2026-03-17,sale,"$1,001 - $15,000",8000,SALESFORCE INC,Salesforce Inc,CRM,stock,Information Technology
2722,2026-03-30,sale,"$1,001 - $15,000",8000,BEACON FNL CORP,Beacon Financial Corporation,BBT,stock,Financials
2723,2026-03-30,sale,"$1,001 - $15,000",8000,CACTUS INC CLASS A,Cactus Inc,WHD,stock,Energy
2724,2026-03-18,sale,"$1,001 - $15,000",8000,CROWN CASTLE INC REIT REIT,Crown Castle Inc,CCI,stock,Real Estate
2725,2026-02-23,sale,"$1,001 - $15,000",8000,BROWN & BROWN INC,Brown & Brown Inc,BRO,stock,Financials
2726,2026-02-26,sale,"$1,001 - $15,000",8000,RED ROCK RESORTS INC CLASS A,"Red Rock Resorts, Inc.",RRR,stock,Consumer Discretionary
2727,2026-01-12,sale,"$1,001 - $15,000",8000,CHARTER COMMUNICATIONS I CLASS A,Charter Communications Inc,CHTR,stock,Communication Services
2728,2026-01-12,sale,"$1,001 - $15,000",8000,AMERICAN TOWER CORP NEW REIT,American Tower Corporation,AMT,stock,Real Estate
2729,2026-03-30,sale,"$1,001 - $15,000",8000,JACK IN THE BOX INC,Jack in the Box Inc,JACK,stock,Consumer Discretionary
2730,2026-03-26,sale,"$1,001 - $15,000",8000,BROADRIDGE FIN SOLUTION,Broadridge Financial Solutions Inc,BR,stock,Information Technology
2731,2026-02-23,sale,"$1,001 - $15,000",8000,PALANTIR TECHNOLOGIES IN CLASS A,Palantir Technologies Inc.,PLTR,stock,Information Technology
2732,2026-01-12,sale,"$1,001 - $15,000",8000,PEPSICO INC,"PepsiCo, Inc.",PEP,stock,Consumer Staples
2733,2026-03-30,sale,"$1,001 - $15,000",8000,HA SUSTAINABLE INFRA REI,Hannon Armstrong Sustainable Infrastructure Capital Inc,HASI,stock,Financials
2734,2026-02-12,sale,"$1,001 - $15,000",8000,PALANTIR TECHNOLOGIES IN CLASS A,Palantir Technologies Inc.,PLTR,stock,Information Technology
2735,2026-03-26,sale,"$1,001 - $15,000",8000,AMERICAN TOWER CORP NEW REIT,American Tower Corporation,AMT,stock,Real Estate
2736,2026-02-26,sale,"$1,001 - $15,000",8000,MANPOWERGROUP INC WIS,ManpowerGroup Inc.,MAN,stock,Industrials
2737,2026-03-17,sale,"$1,001 - $15,000",8000,SMURFIT WESTROCK PLC,Smurfit WestRock plc,SW,stock,Materials
2738,2026-01-23,sale,"$1,001 - $15,000",8000,ARES MANAGEMENT CORP CL A,Ares Management Corporation,ARES,stock,Financials
2739,2026-03-26,sale,"$1,001 - $15,000",8000,GODADDY INC CLASS A,GoDaddy Inc,GDDY,stock,Information Technology
2740,2026-03-26,sale,"$1,001 - $15,000",8000,ORACLE CORP,Oracle Corporation,ORCL,stock,Information Technology
2741,2026-01-26,sale,"$1,001 - $15,000",8000,THRYV HLDGS INC,"Thryv Holdings, Inc.",THRY,stock,Communication Services
2742,2026-03-04,sale,"$1,001 - $15,000",8000,STATE STRET ENRGY SLECT SEC SPDR ETF,Energy Select Sector SPDR Fund,XLE,etf,Funds & ETFs
2743,2026-02-19,sale,"$1,001 - $15,000",8000,NETFLIX INC,Netflix Inc.,NFLX,stock,Communication Services
2744,2026-02-19,sale,"$1,001 - $15,000",8000,COGNIZANT TECHNOLOGY SOLUTIONS CORP CL A,Cognizant Technology Solutions Corp,CTSH,stock,Information Technology
2745,2026-02-13,sale,"$1,001 - $15,000",8000,SCHWAB GOVERNMENT MONEY FUND,Schwab Government Money Fund,SNVXX,money_market,Funds & ETFs
2746,2026-02-23,sale,"$1,001 - $15,000",8000,UBER TECHNOLOGIES INC,Uber Technologies Inc,UBER,stock,Industrials
2747,2026-03-27,sale,"$1,001 - $15,000",8000,Roblox Corp Com Cl A Solicited Order Discretion Exercised,Roblox Corporation,RBLX,stock,Communication Services
2748,2026-03-17,sale,"$1,001 - $15,000",8000,GENUINE PARTS CO,Genuine Parts Company,GPC,stock,Consumer Discretionary
2749,2026-02-19,sale,"$1,001 - $15,000",8000,NATERA INC,Natera Inc,NTRA,stock,Health Care
2750,2026-01-23,sale,"$1,001 - $15,000",8000,BROADCOM INC,Broadcom Inc,AVGO,stock,Information Technology
2751,2026-03-18,sale,"$1,001 - $15,000",8000,GE HEALTHCARE TECHNOLOGI,GE HealthCare Technologies Inc,GEHC,stock,Health Care
2752,2026-02-23,sale,"$1,001 - $15,000",8000,MOODYS CORP,Moody's Corporation,MCO,stock,Financials
2753,2026-02-19,sale,"$1,001 - $15,000",8000,INSULET CORP,Insulet Corporation,PODD,stock,Health Care
2754,2026-01-12,sale,"$1,001 - $15,000",8000,SERVICENOW INC,ServiceNow Inc,NOW,stock,Information Technology
2755,2026-03-30,sale,"$1,001 - $15,000",8000,FIRST BANCORP P R F,First BanCorp,FBP,stock,Financials
2756,2026-02-23,sale,"$1,001 - $15,000",8000,GALLAGHER ARTHUR J & CO,Arthur J. Gallagher & Co,AJG,stock,Financials
2757,2026-03-26,sale,"$1,001 - $15,000",8000,INTERCONTINENTAL EXCHANG,"Intercontinental Exchange, Inc.",ICE,stock,Financials
2758,2026-01-12,sale,"$1,001 - $15,000",8000,ADOBE INC,Adobe Inc,ADBE,stock,Information Technology
2759,2026-02-12,sale,"$1,001 - $15,000",8000,VERSANT MEDIA GROUP INC,Versant Media Group Inc.,VSNT,stock,Communication Services
2760,2026-02-19,sale,"$1,001 - $15,000",8000,CREDO TECHNOLOGY GROUP HOLDING LTD,Credo Technology Group Holding Ltd,CRDO,stock,Information Technology
2761,2026-01-23,sale,"$1,001 - $15,000",8000,APPLOVIN CORP CL A,AppLovin Corporation,APP,stock,Communication Services
2762,2026-01-23,sale,"$1,001 - $15,000",8000,METLIFE INC,MetLife Inc,MET,stock,Financials
2763,2026-03-17,sale,"$1,001 - $15,000",8000,DOORDASH INC CL A,DoorDash Inc.,DASH,stock,Consumer Discretionary
2764,2026-02-26,sale,"$1,001 - $15,000",8000,MATSON INC,Matson Inc,MATX,stock,Industrials
2765,2026-01-23,sale,"$1,001 - $15,000",8000,PEPSICO INC,"PepsiCo, Inc.",PEP,stock,Consumer Staples
2766,2026-03-04,sale,"$1,001 - $15,000",8000,PAYCHEX INC,"Paychex, Inc.",PAYX,stock,Industrials
2767,2026-01-12,sale,"$1,001 - $15,000",8000,EVEREST REINSURANCE GR F,Everest Group Ltd,EG,stock,Financials
2768,2026-03-04,sale,"$1,001 - $15,000",8000,GENERAL MILLS INC,General Mills Inc,GIS,stock,Consumer Staples
2769,2026-01-13,sale,"$1,001 - $15,000",8000,SCHWAB GOVERNMENT MONEY FUND,Schwab Government Money Fund,SNVXX,money_market,Funds & ETFs
2770,2026-03-26,sale,"$1,001 - $15,000",8000,WORKDAY INC CLASS A,"Workday, Inc.",WDAY,stock,Information Technology
2771,2026-03-30,sale,"$1,001 - $15,000",8000,AMERISAFE INC,AmeriSafe Inc,AMSF,stock,Financials
2772,2026-02-19,sale,"$1,001 - $15,000",8000,PALANTIR TECHNOLOGIES INC CL A,Palantir Technologies Inc.,PLTR,stock,Information Technology
2773,2026-03-18,sale,"$1,001 - $15,000",8000,RPM INTL INC,RPM International Inc.,RPM,stock,Materials
2774,2026-03-26,sale,"$1,001 - $15,000",8000,UNITEDHEALTH GROUP INC,UnitedHealth Group Inc,UNH,stock,Health Care
2775,2026-02-19,sale,"$1,001 - $15,000",8000,ASTERA LABS INC,Astera Labs Inc,ALAB,stock,Information Technology
2776,2026-01-26,sale,"$1,001 - $15,000",8000,RADIAN GROUP INC,Radian Group Inc.,RDN,stock,Financials
2777,2026-03-26,sale,"$1,001 - $15,000",8000,PALO ALTO NETWORKS INC,"Palo Alto Networks, Inc.",PANW,stock,Information Technology
2778,2026-03-27,sale,"$1,001 - $15,000",8000,Godaddy Inc Cl A Solicited Order Discretion Exercised,GoDaddy Inc,GDDY,stock,Information Technology
2779,2026-01-12,sale,"$1,001 - $15,000",8000,NETFLIX INC,Netflix Inc.,NFLX,stock,Communication Services
2780,2026-03-30,sale,"$1,001 - $15,000",8000,ARMSTRONG WORLD INDS INC,Armstrong World Industries Inc,AWI,stock,Industrials
2781,2026-01-21,sale,"$1,001 - $15,000",8000,SALESFORCE INC,Salesforce Inc,CRM,stock,Information Technology
2782,2026-01-21,sale,"$1,001 - $15,000",8000,META PLATFORMS INC CLASS A,Meta Platforms Inc,META,stock,Communication Services
2783,2026-03-17,sale,"$1,001 - $15,000",8000,NATERA INC,Natera Inc,NTRA,stock,Health Care
2784,2026-03-27,sale,"$1,001 - $15,000",8000,Block Inc Cl A Solicited Order Discretion Exercised,BLOCK INC A CLASS A,XYZ,stock,Information Technology
2785,2026-02-23,sale,"$1,001 - $15,000",8000,DISNEY WALT CO,The Walt Disney Company,DIS,stock,Communication Services
2786,2026-02-19,sale,"$1,001 - $15,000",8000,ICON PLC,ICON plc,ICLR,stock,Health Care
2787,2026-01-12,sale,"$1,001 - $15,000",8000,DOMINION ENERGY INC,"Dominion Energy, Inc.",D,stock,Utilities
2788,2026-02-23,sale,"$1,001 - $15,000",8000,ROPER TECHNOLOGIES INC,"Roper Technologies, Inc.",ROP,stock,Industrials
2789,2026-02-23,sale,"$1,001 - $15,000",8000,BOOKING HLDGS INC,Booking Holdings Inc.,BKNG,stock,Consumer Discretionary
2790,2026-03-30,sale,"$1,001 - $15,000",8000,BANCORP INC DEL,The Bancorp Inc,TBBK,stock,Financials
2791,2026-03-27,sale,"$1,001 - $15,000",8000,Kkr & Co Inc Com Solicited Order Discretion Exercised,KKR & Co. Inc.,KKR,stock,Financials
2792,2026-02-12,sale,"$1,001 - $15,000",8000,COMMERCE BANCSHARES INC,"Commerce Bancshares, Inc.",CBSH,stock,Financials
2793,2026-02-12,sale,"$1,001 - $15,000",8000,REDDIT INC CLASS A,"Reddit, Inc.",RDDT,stock,Communication Services
2794,2026-03-26,sale,"$1,001 - $15,000",8000,ADOBE INC,Adobe Inc,ADBE,stock,Information Technology
2795,2026-02-23,sale,"$1,001 - $15,000",8000,SALESFORCE INC,Salesforce Inc,CRM,stock,Information Technology
2796,2026-02-26,sale,"$1,001 - $15,000",8000,ELLINGTON FINL INC REIT,Ellington Financial Inc.,EFC,stock,Financials
2797,2026-01-12,sale,"$1,001 - $15,000",8000,RANGE RES CORP,Range Resources Corporation,RRC,stock,Energy
2798,2026-01-12,sale,"$1,001 - $15,000",8000,FNF GROUP CLASS A,Fidelity National Financial Inc,FNF,stock,Financials
2799,2026-02-19,sale,"$1,001 - $15,000",8000,VERISIGN INC,"VeriSign, Inc.",VRSN,stock,Information Technology
2800,2026-02-23,sale,"$1,001 - $15,000",8000,BOSTON SCIENTIFIC CORP,Boston Scientific Corporation,BSX,stock,Health Care
2801,2026-03-27,sale,"$1,001 - $15,000",8000,Nike Inc Cl B Solicited Order Discretion Exercised,Nike Inc.,NKE,stock,Consumer Discretionary
2802,2026-01-21,sale,"$1,001 - $15,000",8000,ABBOTT LABS,Abbott Laboratories,ABT,stock,Health Care
2803,2026-03-30,sale,"$1,001 - $15,000",8000,TENNANT CO,Tennant Company,TNC,stock,Industrials
2804,2026-02-26,sale,"$1,001 - $15,000",8000,APOGEE ENTERPRISES INC,Apogee Enterprises Inc,APOG,stock,Industrials
2805,2026-03-17,sale,"$1,001 - $15,000",8000,AMCOR PLC COM NEW,Amcor plc,AMCR,stock,Materials
2806,2026-02-26,sale,"$1,001 - $15,000",8000,PERRIGO CO PLC F,Perrigo Company plc,PRGO,stock,Health Care
2807,2026-01-23,sale,"$1,001 - $15,000",8000,STELLANTIS N V,Stellantis N.V.,STLA,stock,Consumer Discretionary
2808,2026-01-21,sale,"$1,001 - $15,000",8000,PROGRESSIVE CORP OH,The Progressive Corporation,PGR,stock,Financials
2809,2026-02-19,sale,"$1,001 - $15,000",8000,ROPER TECHNOLOGIES INC,"Roper Technologies, Inc.",ROP,stock,Industrials
2810,2026-03-18,sale,"$1,001 - $15,000",8000,AVERY DENNISON CORP,Avery Dennison Corporation,AVY,stock,Materials
2811,2026-01-12,sale,"$1,001 - $15,000",8000,TOAST INC CLASS A,"Toast, Inc.",TOST,stock,Information Technology
2812,2026-03-04,sale,"$1,001 - $15,000",8000,PRUDENTIAL FINANCIAL INC,"Prudential Financial, Inc.",PRU,stock,Financials
2813,2026-03-30,sale,"$1,001 - $15,000",8000,WSFS FINL CORP,WSFS Financial Corporation,WSFS,stock,Financials
2814,2026-03-17,sale,"$1,001 - $15,000",8000,PRUDENTIAL FINANCIAL INC,"Prudential Financial, Inc.",PRU,stock,Financials
2815,2026-01-12,sale,"$1,001 - $15,000",8000,LENNAR CORP CLASS A,Lennar Corporation,LEN,stock,Consumer Discretionary
2816,2026-03-17,sale,"$1,001 - $15,000",8000,COPART INC,"Copart, Inc.",CPRT,stock,Industrials
2817,2026-03-17,sale,"$1,001 - $15,000",8000,INTUITIVE SURGICAL INC,Intuitive Surgical Inc,ISRG,stock,Health Care
2818,2026-02-26,sale,"$1,001 - $15,000",8000,SOLSTICE ADVANCED MATLS,Solstice Advanced Materials,SOLS,stock,Materials
2819,2026-02-26,sale,"$1,001 - $15,000",8000,DIODES INC,Diodes Incorporated,DIOD,stock,Information Technology
2820,2026-01-12,sale,"$1,001 - $15,000",8000,UNION PAC CORP,Union Pacific Corporation,UNP,stock,Industrials
2821,2026-03-27,sale,"$1,001 - $15,000",8000,Amphenol Corp New Cl A Average Unit Price Transaction Your Broker Acted As Agent,Amphenol Corporation,APH,stock,Information Technology
2822,2026-02-23,sale,"$1,001 - $15,000",8000,AUTOMATIC DATA PROCESSIN,Automatic Data Processing Inc,ADP,stock,Information Technology
2823,2026-03-18,sale,"$1,001 - $15,000",8000,ULTA BEAUTY INC,"Ulta Beauty, Inc.",ULTA,stock,Consumer Discretionary
2824,2026-01-21,sale,"$1,001 - $15,000",8000,ADOBE INC,Adobe Inc,ADBE,stock,Information Technology
2825,2026-03-30,sale,"$1,001 - $15,000",8000,AXCELIS TECHNOLOGIES INC,Axcelis Technologies Inc,ACLS,stock,Information Technology
2826,2026-03-30,sale,"$1,001 - $15,000",8000,UFP TECHNOLOGIES INC,"UFP Technologies, Inc.",UFPT,stock,Industrials
2827,2026-03-27,sale,"$1,001 - $15,000",8000,Robinhood Mkts Inc Com Cl A Solicited Order Discretion Exercised,"Robinhood Markets, Inc.",HOOD,stock,Financials
2828,2026-02-12,sale,"$1,001 - $15,000",8000,AECOM,AECOM,ACM,stock,Industrials
2829,2026-02-23,sale,"$1,001 - $15,000",8000,S&P GLOBAL INC,S&P Global Inc.,SPGI,stock,Financials
2830,2026-03-27,sale,"$1,001 - $15,000",8000,Ss&c Technologies Hldgs Inc Com E1774634275263-00569 Average Unit Price Transaction Your Broker Acted As Agent,"SS&C Technologies Holdings, Inc.",SSNC,stock,Information Technology
2831,2026-03-06,sale,"$1,001 - $15,000",8000,Eaton Corporation Plc Shs Isin#Ie00bz4fqm27 With Due Bills Solicited Order Discretion Exercised,Eaton Corporation plc,ETN,stock,Industrials
2832,2026-01-12,sale,"$1,001 - $15,000",8000,COMMERCE BANCSHARES INC,"Commerce Bancshares, Inc.",CBSH,stock,Financials
2833,2026-02-12,sale,"$1,001 - $15,000",8000,ACCENTURE PLC IRELAND F CLASS A,Accenture plc,ACN,stock,Information Technology
2834,2026-01-12,sale,"$1,001 - $15,000",8000,MASIMO CORP,Masimo Corporation,MASI,stock,Health Care
2835,2026-03-27,sale,"$1,001 - $15,000",8000,Lennar Corp Cl A Solicited Order Discretion Exercised,Lennar Corporation,LEN,stock,Consumer Discretionary
2836,2026-01-21,sale,"$1,001 - $15,000",8000,INTUIT,Intuit Inc.,INTU,stock,Information Technology
2837,2026-03-30,sale,"$1,001 - $15,000",8000,PIPER SANDLER COS,Piper Sandler Companies,PIPR,stock,Financials
2838,2026-03-18,sale,"$1,001 - $15,000",8000,AMCOR PLC F,Amcor plc,AMCR,stock,Materials
2839,2026-03-30,sale,"$1,001 - $15,000",8000,SAREPTA THERAPEUTICS INC,"Sarepta Therapeutics, Inc.",SRPT,stock,Health Care
2840,2026-03-18,sale,"$1,001 - $15,000",8000,THE CIGNA GROUP,The Cigna Group,CI,stock,Health Care
2841,2026-01-26,sale,"$1,001 - $15,000",8000,VITAL FARMS INC,"Vital Farms, Inc.",VITL,stock,Consumer Staples
2842,2026-02-26,sale,"$1,001 - $15,000",8000,ASTRANA HEALTH INC,Astrana Health Inc,ASTH,stock,Health Care
2843,2026-01-12,sale,"$1,001 - $15,000",8000,THE CIGNA GROUP,The Cigna Group,CI,stock,Health Care
2844,2026-01-26,sale,"$1,001 - $15,000",8000,BANNER CORP,Banner Corporation,BANR,stock,Financials
2845,2026-03-27,sale,"$1,001 - $15,000",8000,Synchrony Fin Com Solicited Order Discretion Exercised,Synchrony Financial,SYF,stock,Financials
2846,2026-03-30,sale,"$1,001 - $15,000",8000,LIF360 INC EQUITY,"Life360, Inc.",LIF,stock,Information Technology
2847,2026-03-26,sale,"$1,001 - $15,000",8000,ABBOTT LABS,Abbott Laboratories,ABT,stock,Health Care
2848,2026-03-04,sale,"$1,001 - $15,000",8000,BLACKSTONE INC,Blackstone Inc,BX,stock,Financials
2849,2026-01-26,sale,"$1,001 - $15,000",8000,PROGYNY INC,Progyny Inc.,PGNY,stock,Health Care
2850,2026-03-27,sale,"$1,001 - $15,000",8000,Snowflake Inc Com Solicited Order Discretion Exercised,Snowflake Inc,SNOW,stock,Information Technology
2851,2026-02-23,sale,"$1,001 - $15,000",8000,SERVICENOW INC,ServiceNow Inc,NOW,stock,Information Technology
2852,2026-03-06,sale,"$1,001 - $15,000",8000,Snap On Inc Com Solicited Order Discretion Exercised,Snap-on Incorporated,SNA,stock,Industrials
2853,2026-01-12,sale,"$1,001 - $15,000",8000,CREDIT ACCEP CORP MICH,Credit Acceptance Corporation,CACC,stock,Financials
2854,2026-03-30,sale,"$1,001 - $15,000",8000,IMPINJ INC,"Impinj, Inc.",PI,stock,Information Technology
2855,2026-03-06,sale,"$1,001 - $15,000",8000,Pepsico Inc Com Solicited Order Discretion Exercised,"PepsiCo, Inc.",PEP,stock,Consumer Staples
2856,2026-03-30,sale,"$1,001 - $15,000",8000,GOGO INC,Gogo Inc,GOGO,stock,Communication Services
2857,2026-03-06,sale,"$1,001 - $15,000",8000,Trane Technologies Plc Shs Isn#ie000bk9zq967 Solicited Order Discretion Exercised,Trane Technologies plc,TT,stock,Industrials
2858,2026-03-26,sale,"$1,001 - $15,000",8000,VISA INC CLASS A,Visa Inc.,V,stock,Financials
2859,2026-03-27,sale,"$1,001 - $15,000",8000,Doordash Inc Cl A Solicited Order Discretion Exercised,DoorDash Inc.,DASH,stock,Consumer Discretionary
2860,2026-03-30,sale,"$1,001 - $15,000",8000,LINCOLN NATL CORP IND,Lincoln National Corporation,LNC,stock,Financials
2861,2026-02-23,sale,"$1,001 - $15,000",8000,ACCENTURE PLC IRELAND F CLASS A,Accenture plc,ACN,stock,Information Technology
2862,2026-02-12,sale,"$1,001 - $15,000",8000,AVALONBAY CMNTYS INC REIT,AvalonBay Communities Inc,AVB,stock,Real Estate
2863,2026-03-06,sale,"$1,001 - $15,000",8000,Newmont Corp Com Solicited Order Discretion Exercised,Newmont Corporation,NEM,stock,Materials
2864,2026-03-26,sale,"$1,001 - $15,000",8000,META PLATFORMS INC CLASS A,Meta Platforms Inc,META,stock,Communication Services
2865,2026-03-27,sale,"$1,001 - $15,000",8000,Boston Scientific Corp Com Solicited Order Discretion Exercised,Boston Scientific Corporation,BSX,stock,Health Care
2866,2026-03-18,sale,"$1,001 - $15,000",8000,ERIE INDTY CO CLASS A,Erie Indemnity Company,ERIE,stock,Financials
2867,2026-03-30,sale,"$1,001 - $15,000",8000,FRESHPET INC,Freshpet Inc,FRPT,stock,Consumer Staples
2868,2026-02-26,sale,"$1,001 - $15,000",8000,SABRE CORP,Sabre Corporation,SABR,stock,Information Technology
2869,2026-01-12,sale,"$1,001 - $15,000",8000,PVH CORP,PVH Corp.,PVH,stock,Consumer Discretionary
2870,2026-03-27,sale,"$1,001 - $15,000",8000,Agilent Technologies Inc Com With Due Bills Solicited Order Discretion Exercised,Agilent Technologies Inc,A,stock,Health Care
2871,2026-01-12,sale,"$1,001 - $15,000",8000,MICROSOFT CORP,Microsoft Corporation,MSFT,stock,Information Technology
2872,2026-02-26,sale,"$1,001 - $15,000",8000,SUNCOKE ENERGY INC,SunCoke Energy Inc,SXC,stock,Energy
2873,2026-02-23,sale,"$1,001 - $15,000",8000,NETFLIX INC,Netflix Inc.,NFLX,stock,Communication Services
2874,2026-03-06,sale,"$1,001 - $15,000",8000,Salesforce Inc Com Solicited Order Discretion Exercised,Salesforce Inc,CRM,stock,Information Technology
2875,2026-03-17,sale,"$1,001 - $15,000",8000,CITIGROUP INC,Citigroup Inc,C,stock,Financials
2876,2026-03-18,sale,"$1,001 - $15,000",8000,METLIFE INC,MetLife Inc,MET,stock,Financials
2877,2026-03-06,sale,"$1,001 - $15,000",8000,Abbott Labs Com Solicited Order Discretion Exercised Average Unit Price Transaction Your Broker Acted As Agent,Abbott Laboratories,ABT,stock,Health Care
2878,2026-03-17,sale,"$1,001 - $15,000",8000,T ROWE PRICE GROUP INC,T. Rowe Price Group Inc,TROW,stock,Financials
2879,2026-02-26,sale,"$1,001 - $15,000",8000,NCR VOYIX CORP,NCR Voyix Corporation,VYX,stock,Information Technology
2880,2026-01-26,sale,"$1,001 - $15,000",8000,NAVIENT CORP,Navient Corporation,NAVI,stock,Financials
2881,2026-01-21,sale,"$1,001 - $15,000",8000,BERKSHIRE HATHAWAY CLASS B,Berkshire Hathaway Inc.,BRK.B,stock,Financials
2882,2026-03-27,sale,"$1,001 - $15,000",8000,D R Horton Inc Com Solicited Order Discretion Exercised,D.R. Horton Inc,DHI,stock,Consumer Discretionary
2883,2026-03-30,sale,"$1,001 - $15,000",8000,REYNOLDS CONSUMER PRODS,Reynolds Consumer Products Inc.,REYN,stock,Materials
2884,2026-02-12,sale,"$1,001 - $15,000",8000,CHURCHILL DOWNS INC,Churchill Downs Inc,CHDN,stock,Consumer Discretionary
2885,2026-02-12,sale,"$1,001 - $15,000",8000,OMNICOM GROUP INC,Omnicom Group Inc.,OMC,stock,Communication Services
2886,2026-03-18,sale,"$1,001 - $15,000",8000,PLANET FITNESS INC CLASS A,Planet Fitness Inc.,PLNT,stock,Consumer Discretionary
2887,2026-01-26,sale,"$1,001 - $15,000",8000,GROUP 1 AUTOMOTIVE INC,Group 1 Automotive Inc,GPI,stock,Consumer Discretionary
2888,2026-03-30,sale,"$1,001 - $15,000",8000,AVISTA CORP,Avista Corporation,AVA,stock,Utilities
2889,2026-03-06,sale,"$1,001 - $15,000",8000,Mcdonalds Corp Com Solicited Order Discretion Exercised,McDonald's Corporation,MCD,stock,Consumer Discretionary
2890,2026-01-12,sale,"$1,001 - $15,000",8000,SERVICE CORP INTL,Service Corporation International,SCI,stock,Consumer Discretionary
2891,2026-01-21,sale,"$1,001 - $15,000",8000,VERIZON COMMUNICATIONS I,Verizon Communications Inc.,VZ,stock,Communication Services
2892,2026-01-26,sale,"$1,001 - $15,000",8000,TRUPANION INC,"Trupanion, Inc.",TRUP,stock,Financials
2893,2026-03-18,sale,"$1,001 - $15,000",8000,SKYWORKS SOLUTIONS INC,Skyworks Solutions Inc,SWKS,stock,Information Technology
2894,2026-03-06,sale,"$1,001 - $15,000",8000,Lam Resh Corp Com New Solicited Order Discretion Exercised,Lam Research Corporation,LRCX,stock,Information Technology
2895,2026-03-30,sale,"$1,001 - $15,000",8000,SHOE CARNIVAL INC,Shoe Carnival Inc,SCVL,stock,Consumer Discretionary
2896,2026-02-26,sale,"$1,001 - $15,000",8000,CSG SYS INTL INC,CSG Systems International Inc,CSGS,stock,Information Technology
2897,2026-03-27,sale,"$1,001 - $15,000",8000,Paypal Hldgs Inc Com Solicited Order Discretion Exercised Allocated Order Your Broker Acted As Agent,"PayPal Holdings, Inc.",PYPL,stock,Financials
2898,2026-02-26,sale,"$1,001 - $15,000",8000,CARS COM INC,Cars.com Inc.,CARS,stock,Communication Services
2899,2026-03-06,sale,"$1,001 - $15,000",8000,S&p Global Inc Com Solicited Order Discretion Exercised,S&P Global Inc.,SPGI,stock,Financials
2900,2026-01-26,sale,"$1,001 - $15,000",8000,KONTOOR BRANDS INC,"Kontoor Brands, Inc.",KTB,stock,Consumer Discretionary
2901,2026-02-26,sale,"$1,001 - $15,000",8000,MASTERBRAND INC,MasterBrand Inc,MBC,stock,Industrials
2902,2026-02-12,sale,"$1,001 - $15,000",8000,SAMSARA INC CLASS A,Samsara Inc.,IOT,stock,Information Technology
2903,2026-02-26,sale,"$1,001 - $15,000",8000,MARA HLDGS INC,"MARA Holdings, Inc.",MARA,stock,Financials
2904,2026-01-26,sale,"$1,001 - $15,000",8000,MGE ENERGY INC,MGE Energy Inc,MGEE,stock,Utilities
2905,2026-02-26,sale,"$1,001 - $15,000",8000,MGE ENERGY INC,MGE Energy Inc,MGEE,stock,Utilities
2906,2026-03-30,sale,"$1,001 - $15,000",8000,SEZZLE INC,Sezzle Inc,SEZL,stock,Financials
2907,2026-03-06,sale,"$1,001 - $15,000",8000,Intuit Com Solicited Order Discretion Exercised,Intuit Inc.,INTU,stock,Information Technology
2908,2026-03-30,sale,"$1,001 - $15,000",8000,O-I GLASS INC,O-I Glass Inc.,OI,stock,Materials
2909,2026-02-12,sale,"$1,001 - $15,000",8000,STERIS PLC F,STERIS plc,STE,stock,Health Care
2910,2026-02-12,sale,"$1,001 - $15,000",8000,VARONIS SYS INC,Varonis Systems Inc,VRNS,stock,Information Technology
2911,2026-03-27,sale,"$15,001 - $50,000",32500,Jacobs Solutions Inc Com Solicited Order Discretion Exercised,Jacobs Solutions Inc.,J,stock,Industrials
2912,2026-02-26,sale,"$15,001 - $50,000",32500,YELP INC,Yelp Inc,YELP,stock,Communication Services
2913,2026-03-30,sale,"$15,001 - $50,000",32500,ELLINGTON FINL INC REIT,Ellington Financial Inc.,EFC,stock,Financials
2914,2026-02-26,sale,"$15,001 - $50,000",32500,GIBRALTAR INDS INC,Gibraltar Industries Inc,ROCK,stock,Industrials
2915,2026-02-26,sale,"$15,001 - $50,000",32500,LCI INDS,LCI Industries,LCII,stock,Consumer Discretionary
2916,2026-03-23,sale,"$15,001 - $50,000",32500,DAVE & BUSTERS ENTMT INC,"Dave & Buster's Entertainment, Inc.",PLAY,stock,Consumer Discretionary
2917,2026-03-06,sale,"$15,001 - $50,000",32500,Intuitive Surgical Inc Com New Solicited Order Discretion Exercised,Intuitive Surgical Inc,ISRG,stock,Health Care
2918,2026-03-30,sale,"$15,001 - $50,000",32500,GATES INDL CORP PLC F,Gates Industrial Corporation plc,GTES,stock,Industrials
2919,2026-02-26,sale,"$15,001 - $50,000",32500,ACM RESH INC CLASS A,ACM Research Inc,ACMR,stock,Information Technology
2920,2026-01-26,sale,"$15,001 - $50,000",32500,PENN ENTMT INC,"PENN Entertainment, Inc.",PENN,stock,Consumer Discretionary
2921,2026-02-26,sale,"$15,001 - $50,000",32500,ICU MED INC,ICU Medical Inc.,ICUI,stock,Health Care
2922,2026-03-30,sale,"$15,001 - $50,000",32500,CHAMPION HOMES INC,Champion Homes Inc.,SKY,stock,Consumer Discretionary
2923,2026-03-30,sale,"$15,001 - $50,000",32500,LINDSAY CORP,Lindsay Corporation,LNN,stock,Industrials
2924,2026-02-26,sale,"$15,001 - $50,000",32500,TWO HARBORS INVESTME,Two Harbors Investment Corp.,TWO,stock,Financials
2925,2026-03-06,sale,"$15,001 - $50,000",32500,Honeywell Intl Inc Com Solicited Order Discretion Exercised,Honeywell International Inc.,HON,stock,Industrials
2926,2026-02-12,sale,"$15,001 - $50,000",32500,RLI CORP,RLI Corp.,RLI,stock,Financials
2927,2026-02-26,sale,"$15,001 - $50,000",32500,CARGURUS INC CLASS A,CarGurus Inc,CARG,stock,Communication Services
2928,2026-03-06,sale,"$15,001 - $50,000",32500,To Connectivity Plc Ord Sh lsln#le000lvnqz81 Solicited Order Discretion Exercised,TE Connectivity plc,TEL,stock,Information Technology
2929,2026-03-17,sale,"$15,001 - $50,000",32500,NXP SEMICONDUCTORS N V,NXP Semiconductors N.V.,NXPI,stock,Information Technology
2930,2026-02-26,sale,"$15,001 - $50,000",32500,LEGALZOOM COM INC,"LegalZoom.com, Inc.",LZ,stock,Industrials
2931,2026-02-26,sale,"$15,001 - $50,000",32500,INTEGRA LIFESCIENCES HLD,Integra LifeSciences Holdings Corporation,IART,stock,Health Care
2932,2026-01-12,sale,"$15,001 - $50,000",32500,AT&T INC,AT&T Inc,T,stock,Communication Services
2933,2026-03-30,sale,"$15,001 - $50,000",32500,TANDEM DIABETES CARE INC,Tandem Diabetes Care Inc,TNDM,stock,Health Care
2934,2026-03-30,sale,"$15,001 - $50,000",32500,EXP WORLD HLDGS INC,eXp World Holdings Inc,EXPI,stock,Real Estate
2935,2026-02-12,sale,"$15,001 - $50,000",32500,MANHATTAN ASSOCS INC,"Manhattan Associates, Inc.",MANH,stock,Information Technology
2936,2026-02-26,sale,"$15,001 - $50,000",32500,JBT MAREL CORP,JBT Corporation,JBT,stock,Industrials
2937,2026-03-30,sale,"$15,001 - $50,000",32500,PLEXUS CORP,Plexus Corp.,PLXS,stock,Information Technology
2938,2026-03-30,sale,"$15,001 - $50,000",32500,KONTOOR BRANDS INC,"Kontoor Brands, Inc.",KTB,stock,Consumer Discretionary
2939,2026-02-26,sale,"$15,001 - $50,000",32500,CATALYST PHARMACEUTICALS,"Catalyst Pharmaceuticals, Inc.",CPRX,stock,Health Care
2940,2026-03-30,sale,"$15,001 - $50,000",32500,PENGUIN SOLUTIONS INC DE,"Penguin Solutions, Inc.",PENG,stock,Information Technology
2941,2026-02-26,sale,"$15,001 - $50,000",32500,UNIVERSAL CORP VA,Universal Corporation,UVV,stock,Consumer Staples
2942,2026-03-06,sale,"$15,001 - $50,000",32500,Tjx Cos Inc Now Com Solicited Order Discretion Exercised,"The TJX Companies, Inc.",TJX,stock,Consumer Discretionary
2943,2026-01-12,sale,"$15,001 - $50,000",32500,AUTODESK INC,Autodesk Inc,ADSK,stock,Information Technology
2944,2026-03-30,sale,"$15,001 - $50,000",32500,SANMINA CORP,Sanmina Corporation,SANM,stock,Information Technology
2945,2026-03-18,sale,"$15,001 - $50,000",32500,UNIVERSAL DISPLAY CORP,Universal Display Corporation,OLED,stock,Information Technology
2946,2026-02-12,sale,"$15,001 - $50,000",32500,HUMANA INC,Humana Inc.,HUM,stock,Health Care
2947,2026-03-30,sale,"$15,001 - $50,000",32500,PATRICK INDS INC,"Patrick Industries, Inc.",PATK,stock,Industrials
2948,2026-03-30,sale,"$15,001 - $50,000",32500,HCI GROUP INC,HCI Group Inc,HCI,stock,Financials
2949,2026-03-30,sale,"$15,001 - $50,000",32500,GENTHERM INC,Gentherm Inc,THRM,stock,Consumer Discretionary
2950,2026-03-30,sale,"$15,001 - $50,000",32500,WINNEBAGO INDS INC,"Winnebago Industries, Inc.",WGO,stock,Consumer Discretionary
2951,2026-03-06,sale,"$15,001 - $50,000",32500,Cme Group Inc Com With Due Bills Average Unit Price Transaction Your Broker Acted As Agent,CME Group Inc,CME,stock,Financials
2952,2026-03-30,sale,"$15,001 - $50,000",32500,WINMARK CORP,Winmark Corporation,WINA,stock,Consumer Discretionary
2953,2026-03-30,sale,"$15,001 - $50,000",32500,REDWOOD TR INC REIT,"Redwood Trust, Inc.",RWT,stock,Financials
2954,2026-02-12,sale,"$15,001 - $50,000",32500,CCC INTELLIGENT SOLUTION,CCC Intelligent Solutions Holdings Inc,CCC,stock,Information Technology
2955,2026-03-30,sale,"$15,001 - $50,000",32500,ICHOR HLDGS LTD F,Ichor Holdings Ltd.,ICHR,stock,Information Technology
2956,2026-03-26,sale,"$15,001 - $50,000",32500,HOME DEPOT INC,The Home Depot Inc.,HD,stock,Consumer Discretionary
2957,2026-03-27,sale,"$15,001 - $50,000",32500,Capital One Finl Corp Com Solicited Order Discretion Exercised,Capital One Financial Corporation,COF,stock,Financials
2958,2026-03-30,sale,"$15,001 - $50,000",32500,LUMEN TECHNOLOGIES INC,"Lumen Technologies, Inc.",LUMN,stock,Communication Services
2959,2026-02-12,sale,"$15,001 - $50,000",32500,MARVELL TECHNOLOGY INC,"Marvell Technology, Inc.",MRVL,stock,Information Technology
2960,2026-03-30,sale,"$15,001 - $50,000",32500,ARMOUR RESIDENTIAL REIT,ARMOUR Residential REIT Inc,ARR,stock,Financials
2961,2026-03-30,sale,"$15,001 - $50,000",32500,ENOVA INTL INC,Enova International Inc,ENVA,stock,Financials
2962,2026-03-27,sale,"$15,001 - $50,000",32500,Blackstone Inc Com Solicited Order Discretion Exercised,Blackstone Inc,BX,stock,Financials
2963,2026-03-27,sale,"$15,001 - $50,000",32500,General Mills Inc Com Solicited Order Discretion Exercised,General Mills Inc,GIS,stock,Consumer Staples
2964,2026-03-18,sale,"$15,001 - $50,000",32500,WINGSTOP INC,Wingstop Inc.,WING,stock,Consumer Discretionary
2965,2026-03-18,sale,"$15,001 - $50,000",32500,COGNIZANT TECHNOLOGY SOL CLASS A,Cognizant Technology Solutions Corp,CTSH,stock,Information Technology
2966,2026-03-27,sale,"$15,001 - $50,000",32500,Progressive Corp Oh Com Solicited Order Discretion Exercised,The Progressive Corporation,PGR,stock,Financials
2967,2026-03-30,sale,"$15,001 - $50,000",32500,BANC CALIF INC,Banc of California Inc,BANC,stock,Financials
2968,2026-02-12,sale,"$15,001 - $50,000",32500,GLOBAL PMTS INC,Global Payments Inc,GPN,stock,Financials
2969,2026-03-27,sale,"$15,001 - $50,000",32500,Disney Walt Co Disney Com Average Unit Price Transaction Your Broker Acted As Agent,The Walt Disney Company,DIS,stock,Communication Services
2970,2026-03-18,sale,"$15,001 - $50,000",32500,ESAB CORP,ESAB Corporation,ESAB,stock,Industrials
2971,2026-03-06,sale,"$15,001 - $50,000",32500,Procter & Gamble Co Com Solicited Order Discretion Exercised,The Procter & Gamble Company,PG,stock,Consumer Staples
2972,2026-03-30,sale,"$15,001 - $50,000",32500,CHEESECAKE FACTORY INC,The Cheesecake Factory Incorporated,CAKE,stock,Consumer Discretionary
2973,2026-03-30,sale,"$15,001 - $50,000",32500,ULTRA CLEAN HLDGS INC,"Ultra Clean Holdings, Inc.",UCTT,stock,Information Technology
2974,2026-03-27,sale,"$15,001 - $50,000",32500,Cloudflare Inc Cl A Solicited Order Discretion Exercised,Cloudflare Inc,NET,stock,Information Technology
2975,2026-02-26,sale,"$15,001 - $50,000",32500,MERCHANTS BANCORP IND,Merchants Bancorp,MBIN,stock,Financials
2976,2026-03-30,sale,"$15,001 - $50,000",32500,MARTEN TRANS LTD,"Marten Transport, Ltd.",MRTN,stock,Industrials
2977,2026-01-12,sale,"$15,001 - $50,000",32500,BERKLEY W R CORP,W. R. Berkley Corporation,WRB,stock,Financials
2978,2026-03-30,sale,"$15,001 - $50,000",32500,NTNL BK HLDGS CORP A CLASS A,National Bank Holdings Corporation,NBHC,stock,Financials
2979,2026-03-30,sale,"$15,001 - $50,000",32500,UNITED CMNTY BK BLAIRSVI,United Community Banks Inc,UCB,stock,Financials
2980,2026-02-26,sale,"$15,001 - $50,000",32500,N-ABLE INC,N-able Inc,NABL,stock,Information Technology
2981,2026-01-21,sale,"$15,001 - $50,000",32500,VISA INC CLASS A,Visa Inc.,V,stock,Financials
2982,2026-03-30,sale,"$15,001 - $50,000",32500,RADIAN GROUP INC,Radian Group Inc.,RDN,stock,Financials
2983,2026-03-18,sale,"$15,001 - $50,000",32500,KINSALE CAP GROUP INC,"Kinsale Capital Group, Inc.",KNSL,stock,Financials
2984,2026-03-30,sale,"$15,001 - $50,000",32500,TELEFLEX INC,Teleflex Incorporated,TFX,stock,Health Care
2985,2026-03-30,sale,"$15,001 - $50,000",32500,RXO INC,RXO Inc.,RXO,stock,Industrials
2986,2026-03-30,sale,"$15,001 - $50,000",32500,LIQUIDITY SVCS INC,"Liquidity Services, Inc.",LQDT,stock,Industrials
2987,2026-03-30,sale,"$15,001 - $50,000",32500,CLEANSPARK INC,CleanSpark Inc,CLSK,stock,Information Technology
2988,2026-03-30,sale,"$15,001 - $50,000",32500,STRIDE INC,Stride Inc,LRN,stock,Consumer Discretionary
2989,2026-02-26,sale,"$15,001 - $50,000",32500,TRIPADVISOR INC,"Tripadvisor, Inc.",TRIP,stock,Communication Services
2990,2026-03-18,sale,"$15,001 - $50,000",32500,O REILLY AUTOMOTIVE INC,O'Reilly Automotive Inc.,ORLY,stock,Consumer Discretionary
2991,2026-03-26,sale,"$15,001 - $50,000",32500,BERKSHIRE HATHAWAY CLASS B,Berkshire Hathaway Inc.,BRK.B,stock,Financials
2992,2026-02-26,sale,"$15,001 - $50,000",32500,COMSTOCK RES INC,"Comstock Resources, Inc.",CRK,stock,Energy
2993,2026-03-30,sale,"$15,001 - $50,000",32500,EMPLOYERS HLDGS INC,Employers Holdings Inc.,EIG,stock,Financials
2994,2026-03-30,sale,"$15,001 - $50,000",32500,BANNER CORP,Banner Corporation,BANR,stock,Financials
2995,2026-03-27,sale,"$15,001 - $50,000",32500,Cognizant Technology Solutions Corp Cl A Solicited Order Discretion Exercised Average Unit Price Transaction Your Broker Acted As Agent,Cognizant Technology Solutions Corp,CTSH,stock,Information Technology
2996,2026-03-30,sale,"$15,001 - $50,000",32500,BREAD FINL HOLDINGS,"Bread Financial Holdings, Inc.",BFH,stock,Financials
2997,2026-03-30,sale,"$15,001 - $50,000",32500,UPBOUND GROUP INC,Upbound Group Inc,UPBD,stock,Consumer Discretionary
2998,2026-02-23,sale,"$15,001 - $50,000",32500,MASTERCARD INC CLASS A,Mastercard Incorporated,MA,stock,Financials
2999,2026-02-26,sale,"$15,001 - $50,000",32500,CERTARA INC,Certara Inc.,CERT,stock,Health Care
3000,2026-03-26,sale,"$15,001 - $50,000",32500,PROCTER & GAMBLE CO,The Procter & Gamble Company,PG,stock,Consumer Staples
3001,2026-01-22,sale,"$15,001 - $50,000",32500,JPMORGAN CHASE & CO,JPMorgan Chase & Co.,JPM,stock,Financials
3002,2026-03-30,sale,"$15,001 - $50,000",32500,CSG SYS INTL INC,CSG Systems International Inc,CSGS,stock,Information Technology
3003,2026-01-26,sale,"$15,001 - $50,000",32500,EMBECTA CORP,Embecta Corp.,EMBC,stock,Health Care
3004,2026-02-26,sale,"$15,001 - $50,000",32500,SCHRODINGER INC,"Schrodinger, Inc.",SDGR,stock,Health Care
3005,2026-01-12,sale,"$15,001 - $50,000",32500,ZILLOW GROUP INC CLASS C,Zillow Group Inc,ZG,stock,Communication Services
3006,2026-01-12,sale,"$15,001 - $50,000",32500,FLUTTER ENTMT PLC F,Flutter Entertainment plc,FLUT,stock,Consumer Discretionary
3007,2026-01-26,sale,"$15,001 - $50,000",32500,SPRINKLR INC CLASS A,Sprinklr Inc,CXM,stock,Information Technology
3008,2026-03-17,sale,"$15,001 - $50,000",32500,SUPER MICRO COMPUTER INC COM NEW,Super Micro Computer Inc,SMCI,stock,Information Technology
3009,2026-01-12,sale,"$15,001 - $50,000",32500,CHENIERE ENERGY INC,Cheniere Energy Inc.,LNG,stock,Energy
3010,2026-01-12,sale,"$15,001 - $50,000",32500,LEIDOS HLDGS INC,"Leidos Holdings, Inc.",LDOS,stock,Industrials
3011,2026-01-26,sale,"$15,001 - $50,000",32500,AMERICAN ASSETS TR INC REIT,"American Assets Trust, Inc.",AAT,stock,Real Estate
3012,2026-02-12,sale,"$15,001 - $50,000",32500,DICKS SPORTING GOODS INC,"Dick's Sporting Goods, Inc.",DKS,stock,Consumer Discretionary
3013,2026-03-30,sale,"$15,001 - $50,000",32500,PAYCOM SOFTWARE INC,"Paycom Software, Inc.",PAYC,stock,Industrials
3014,2026-03-30,sale,"$15,001 - $50,000",32500,EMBECTA CORP,Embecta Corp.,EMBC,stock,Health Care
3015,2026-03-30,sale,"$15,001 - $50,000",32500,CARMAX INC,CarMax Inc,KMX,stock,Consumer Discretionary
3016,2026-03-23,sale,"$15,001 - $50,000",32500,SUMMIT HOTEL PPTYS INC REIT,Summit Hotel Properties Inc,INN,stock,Real Estate
3017,2026-03-06,sale,"$15,001 - $50,000",32500,Caterpillar Inc Com Solicited Order Discretion Exercised,Caterpillar Inc,CAT,stock,Industrials
3018,2026-03-30,sale,"$15,001 - $50,000",32500,XPEL INC,XPEL Inc,XPEL,stock,Consumer Discretionary
3019,2026-03-30,sale,"$15,001 - $50,000",32500,RINGCENTRAL INC CLASS A,"RingCentral, Inc.",RNG,stock,Information Technology
3020,2026-03-30,sale,"$15,001 - $50,000",32500,BANCFIRST CORP,BancFirst Corporation,BANF,stock,Financials
3021,2026-03-04,sale,"$15,001 - $50,000",32500,ST STR SPDR S&P GLOBAL NAT RES ETF,SPDR S&P Global Natural Resources ETF,GNR,etf,Funds & ETFs
3022,2026-02-12,sale,"$15,001 - $50,000",32500,GUIDEWIRE SOFTWARE INC,Guidewire Software Inc,GWRE,stock,Information Technology
3023,2026-02-19,sale,"$15,001 - $50,000",32500,TESLA INC,"Tesla, Inc.",TSLA,stock,Consumer Discretionary
3024,2026-03-18,sale,"$15,001 - $50,000",32500,STERIS PLC F,STERIS plc,STE,stock,Health Care
3025,2026-03-30,sale,"$15,001 - $50,000",32500,SHUTTERSTOCK INC MERGER ELECTION EXP: 03/31/26,Shutterstock Inc,SSTK,stock,Communication Services
3026,2026-02-26,sale,"$15,001 - $50,000",32500,HARMONY BIOSCIENCES HLDG,"Harmony Biosciences Holdings, Inc.",HRMY,stock,Health Care
3027,2026-01-26,sale,"$15,001 - $50,000",32500,ENOVIS CORP,Enovis Corporation,ENOV,stock,Health Care
3028,2026-03-18,sale,"$15,001 - $50,000",32500,PAYCOM SOFTWARE INC,"Paycom Software, Inc.",PAYC,stock,Industrials
3029,2026-03-27,sale,"$15,001 - $50,000",32500,Qualcomm Inc Com Solicited Order Discretion Exercised,QUALCOMM Incorporated,QCOM,stock,Information Technology
3030,2026-01-22,sale,"$15,001 - $50,000",32500,JOHNSON CONTROLS INTL PLC,Johnson Controls International plc,JCI,stock,Industrials
3031,2026-02-12,sale,"$15,001 - $50,000",32500,PROCORE TECHNOLOGIES INC,Procore Technologies Inc.,PCOR,stock,Information Technology
3032,2026-03-18,sale,"$15,001 - $50,000",32500,DICKS SPORTING GOODS INC,"Dick's Sporting Goods, Inc.",DKS,stock,Consumer Discretionary
3033,2026-02-12,sale,"$15,001 - $50,000",32500,WILLIS TOWERS WATSON P F,Willis Towers Watson Public Limited Company,WTW,stock,Financials
3034,2026-03-27,sale,"$15,001 - $50,000",32500,Adobe Sys Inc Com Solicited Order Discretion Exercised,Adobe Inc,ADBE,stock,Information Technology
3035,2026-03-27,sale,"$15,001 - $50,000",32500,Cbre Group Inc Cl A Solicited Order Discretion Exercised,CBRE Group Inc,CBRE,stock,Real Estate
3036,2026-03-06,sale,"$15,001 - $50,000",32500,Merck & Co Inc New Com Solicited Order Discretion Exercised,"Merck & Co., Inc.",MRK,stock,Health Care
3037,2026-03-18,sale,"$15,001 - $50,000",32500,IBM CORP,International Business Machines Corporation,IBM,stock,Information Technology
3038,2026-03-27,sale,"$15,001 - $50,000",32500,Boeing Co Com Solicited Order Discretion Exercised,The Boeing Company,BA,stock,Industrials
3039,2026-03-18,sale,"$15,001 - $50,000",32500,EPAM SYS INC,EPAM Systems Inc,EPAM,stock,Information Technology
3040,2026-03-30,sale,"$15,001 - $50,000",32500,VIASAT INC,"Viasat, Inc.",VSAT,stock,Communication Services
3041,2026-03-18,sale,"$15,001 - $50,000",32500,DOXIMITY INC CLASS A,Doximity Inc.,DOCS,stock,Health Care
3042,2026-03-30,sale,"$15,001 - $50,000",32500,MILLROSE PPTYS INC CLASS A,Millrose Properties Inc,MRP,stock,Real Estate
3043,2026-03-30,sale,"$15,001 - $50,000",32500,EVERTEC INC F,EVERTEC Inc,EVTC,stock,Information Technology
3044,2026-03-27,sale,"$15,001 - $50,000",32500,Palo Alto Networks Inc Com Solicited Order Discretion Exercised,"Palo Alto Networks, Inc.",PANW,stock,Information Technology
3045,2026-03-30,sale,"$15,001 - $50,000",32500,JETBLUE AWYS CORP EQUITY CLASS EQUITY,JetBlue Airways Corporation,JBLU,stock,Industrials
3046,2026-02-26,sale,"$15,001 - $50,000",32500,GOOSEHEAD INS INC CLASS A,Goosehead Insurance Inc,GSHD,stock,Financials
3047,2026-01-12,sale,"$15,001 - $50,000",32500,INTERNTNL PAPER CO,International Paper Company,IP,stock,Materials
3048,2026-02-26,sale,"$15,001 - $50,000",32500,ITRON INC EQUITY CLASS EQUITY,Itron Inc,ITRI,stock,Information Technology
3049,2026-01-26,sale,"$15,001 - $50,000",32500,ESSENTIAL PPTYS RLTY TR REIT,Essential Properties Realty Trust,EPRT,stock,Real Estate
3050,2026-03-18,sale,"$15,001 - $50,000",32500,T-MOBILE US INC,T-Mobile US Inc,TMUS,stock,Communication Services
3051,2026-03-23,sale,"$15,001 - $50,000",32500,ANGI INC CLASS A,Angi Inc,ANGI,stock,Communication Services
3052,2026-01-12,sale,"$15,001 - $50,000",32500,INVITATION HOMES INC,Invitation Homes Inc.,INVH,stock,Real Estate
3053,2026-03-23,sale,"$15,001 - $50,000",32500,BLOOMIN BRANDS INC,"Bloomin' Brands, Inc.",BLMN,stock,Consumer Discretionary
3054,2026-02-12,sale,"$15,001 - $50,000",32500,GRAND CANYON ED INC,Grand Canyon Education Inc,LOPE,stock,Consumer Discretionary
3055,2026-03-18,sale,"$15,001 - $50,000",32500,TRACTOR SUPPLY CO,Tractor Supply Company,TSCO,stock,Consumer Discretionary
3056,2026-02-26,sale,"$15,001 - $50,000",32500,AGILYSYS INC,Agilysys Inc,AGYS,stock,Information Technology
3057,2026-02-12,sale,"$15,001 - $50,000",32500,COPART INC,"Copart, Inc.",CPRT,stock,Industrials
3058,2026-02-12,sale,"$15,001 - $50,000",32500,MAPLEBEAR INC,Maplebear Inc.,CART,stock,Consumer Discretionary
3059,2026-03-27,sale,"$15,001 - $50,000",32500,Uber Technologies Inc Com Solicited Order Discretion Exercised Allocated Order Your Broker Acted As Agent,Uber Technologies Inc,UBER,stock,Industrials
3060,2026-01-12,sale,"$15,001 - $50,000",32500,KROGER CO,The Kroger Co.,KR,stock,Consumer Staples
3061,2026-03-18,sale,"$15,001 - $50,000",32500,BUILDERS FIRSTSOURCE INC,Builders FirstSource Inc,BLDR,stock,Industrials
3062,2026-03-18,sale,"$15,001 - $50,000",32500,DRAFTKINGS INC NEW CLASS A,DraftKings Inc.,DKNG,stock,Consumer Discretionary
3063,2026-03-18,sale,"$15,001 - $50,000",32500,PINTEREST INC CLASS A,Pinterest Inc.,PINS,stock,Communication Services
3064,2026-02-26,sale,"$15,001 - $50,000",32500,AMERISAFE INC,AmeriSafe Inc,AMSF,stock,Financials
3065,2026-03-18,sale,"$15,001 - $50,000",32500,PUBLIC STORAGE REIT,Public Storage,PSA,stock,Real Estate
3066,2026-03-06,sale,"$15,001 - $50,000",32500,Oracle Corp Com Solicited Order Discretion Exercised,Oracle Corporation,ORCL,stock,Information Technology
3067,2026-03-18,sale,"$15,001 - $50,000",32500,BOOZ ALLEN HAMILTON HLDG CLASS A,Booz Allen Hamilton Holding Corporation,BAH,stock,Industrials
3068,2026-03-30,sale,"$15,001 - $50,000",32500,AMENTUM HLDGS INC EQUITY,"Amentum Holdings, Inc.",AMTM,stock,Industrials
3069,2026-03-30,sale,"$15,001 - $50,000",32500,WORLD KINECT CORP,World Kinect Corporation,WKC,stock,Energy
3070,2026-01-12,sale,"$15,001 - $50,000",32500,MOTOROLA SOLUTIONS INC,Motorola Solutions Inc,MSI,stock,Information Technology
3071,2026-03-30,sale,"$15,001 - $50,000",32500,MACERICH CO REIT,Macerich Company,MAC,stock,Real Estate
3072,2026-03-23,sale,"$15,001 - $50,000",32500,MYRIAD GENETICS INC,Myriad Genetics Inc,MYGN,stock,Health Care
3073,2026-03-18,sale,"$15,001 - $50,000",32500,INSULET CORP,Insulet Corporation,PODD,stock,Health Care
3074,2026-03-30,sale,"$15,001 - $50,000",32500,VERICEL CORP,Vericel Corporation,VCEL,stock,Health Care
3075,2026-02-26,sale,"$15,001 - $50,000",32500,GRID DYNAMICS HLDGS INC CLASS A,Grid Dynamics Holdings Inc,GDYN,stock,Information Technology
3076,2026-03-30,sale,"$15,001 - $50,000",32500,BOOT BARN HLDGS INC,"Boot Barn Holdings, Inc.",BOOT,stock,Consumer Discretionary
3077,2026-03-30,sale,"$15,001 - $50,000",32500,UNITED PARKS AND RES,United Parks & Resorts Inc,PRKS,stock,Consumer Discretionary
3078,2026-03-30,sale,"$15,001 - $50,000",32500,SPRINKLR INC CLASS A,Sprinklr Inc,CXM,stock,Information Technology
3079,2026-03-27,sale,"$15,001 - $50,000",32500,Arista Networks Inc Com Now Solicited Order Discretion Exercised,Arista Networks Inc,ANET,stock,Information Technology
3080,2026-02-26,sale,"$15,001 - $50,000",32500,COGENT COMMUNICATIONS HL,Cogent Communications Holdings Inc,CCOI,stock,Communication Services
3081,2026-01-22,sale,"$15,001 - $50,000",32500,CATERPILLAR INC,Caterpillar Inc,CAT,stock,Industrials
3082,2026-01-12,sale,"$15,001 - $50,000",32500,SHIFT4 PMTS INC CLASS A,Shift4 Payments Inc,FOUR,stock,Financials
3083,2026-01-23,sale,"$15,001 - $50,000",32500,APPLE INC,Apple Inc,AAPL,stock,Information Technology
3084,2026-02-12,sale,"$15,001 - $50,000",32500,ROKU INC CLASS A,"Roku, Inc.",ROKU,stock,Communication Services
3085,2026-03-30,sale,"$15,001 - $50,000",32500,ALAMO GROUP INC,Alamo Group Inc.,ALG,stock,Industrials
3086,2026-03-27,sale,"$15,001 - $50,000",32500,Accenture Plc Ireland Sha Cl A Isin#Ie00b4tbnmy34 Solicited Order Discretion Exercised,Accenture plc,ACN,stock,Information Technology
3087,2026-03-30,sale,"$15,001 - $50,000",32500,STEWART INFORMATION SVCS,Stewart Information Services Corporation,STC,stock,Financials
3088,2026-01-12,sale,"$15,001 - $50,000",32500,PURE STORAGE INC CLASS A,"Pure Storage, Inc.",PSTG,stock,Information Technology
3089,2026-03-30,sale,"$15,001 - $50,000",32500,DAUCH CORP,Dauch Corporation,DCH,stock,Industrials
3090,2026-03-30,sale,"$15,001 - $50,000",32500,AZENTA INC,Azenta Inc,AZTA,stock,Information Technology
3091,2026-03-30,sale,"$15,001 - $50,000",32500,MILLERKNOLL INC,MillerKnoll Inc,MLKN,stock,Industrials
3092,2026-01-22,sale,"$15,001 - $50,000",32500,MORGAN STANLEY,Morgan Stanley,MS,stock,Financials
3093,2026-02-12,sale,"$15,001 - $50,000",32500,HUBSPOT INC,HubSpot Inc.,HUBS,stock,Information Technology
3094,2026-02-23,sale,"$15,001 - $50,000",32500,MICROSOFT CORP,Microsoft Corporation,MSFT,stock,Information Technology
3095,2026-03-17,sale,"$15,001 - $50,000",32500,STELLANTIS N V,Stellantis N.V.,STLA,stock,Consumer Discretionary
3096,2026-03-30,sale,"$15,001 - $50,000",32500,SCANSOURCE INC,"ScanSource, Inc.",SCSC,stock,Information Technology
3097,2026-03-30,sale,"$15,001 - $50,000",32500,URBAN OUTFITTERS INC,Urban Outfitters Inc,URBN,stock,Consumer Discretionary
3098,2026-02-12,sale,"$15,001 - $50,000",32500,VORNADO RLTY TR REIT,Vornado Realty Trust,VNO,stock,Real Estate
3099,2026-03-30,sale,"$15,001 - $50,000",32500,PERRIGO CO PLC F,Perrigo Company plc,PRGO,stock,Health Care
3100,2026-03-06,sale,"$15,001 - $50,000",32500,Home Depot Inc Com Solicited Order Discretion Exercised,The Home Depot Inc.,HD,stock,Consumer Discretionary
3101,2026-02-12,sale,"$15,001 - $50,000",32500,METLIFE INC,MetLife Inc,MET,stock,Financials
3102,2026-01-12,sale,"$15,001 - $50,000",32500,LIBERTY MEDIA CORP DEL CLASS SERIES C,Liberty Media Corporation,LSXMK,stock,Communication Services
3103,2026-02-26,sale,"$15,001 - $50,000",32500,ARBOR RLTY TR INC REIT,Arbor Realty Trust Inc,ABR,stock,Real Estate
3104,2026-03-30,sale,"$15,001 - $50,000",32500,OTTER TAIL CORP,Otter Tail Corporation,OTTR,stock,Utilities
3105,2026-02-26,sale,"$15,001 - $50,000",32500,HEALTHSTREAM INC,HealthStream Inc,HSTM,stock,Health Care
3106,2026-02-12,sale,"$15,001 - $50,000",32500,GARTNER INC,Gartner Inc,IT,stock,Information Technology
3107,2026-01-26,sale,"$15,001 - $50,000",32500,EXTREME NETWORKS INC,Extreme Networks Inc,EXTR,stock,Information Technology
3108,2026-03-27,sale,"$15,001 - $50,000",32500,Lowes Cos Inc Com Solicited Order Discretion Exercised,"Lowe's Companies, Inc.",LOW,stock,Consumer Discretionary
3109,2026-01-12,sale,"$15,001 - $50,000",32500,EXELON CORP,Exelon Corporation,EXC,stock,Utilities
3110,2026-03-30,sale,"$15,001 - $50,000",32500,AMERICAN WOODMARK CORP,American Woodmark Corporation,AMWD,stock,Industrials
3111,2026-03-17,sale,"$15,001 - $50,000",32500,EXPAND ENERGY CORP,Expand Energy Corporation,EXE,stock,Energy
3112,2026-03-30,sale,"$15,001 - $50,000",32500,VISHAY INTERTECHNOLOGY I,"Vishay Intertechnology, Inc.",VSH,stock,Information Technology
3113,2026-03-30,sale,"$15,001 - $50,000",32500,KADANT INC,Kadant Inc.,KAI,stock,Industrials
3114,2026-03-17,sale,"$15,001 - $50,000",32500,MORGAN STANLEY,Morgan Stanley,MS,stock,Financials
3115,2026-02-26,sale,"$15,001 - $50,000",32500,ALKERMES PLC F,Alkermes plc,ALKS,stock,Health Care
3116,2026-03-06,sale,"$15,001 - $50,000",32500,Netflix Inc Com Solicited Order Discretion Exercised,Netflix Inc.,NFLX,stock,Communication Services
3117,2026-03-30,sale,"$15,001 - $50,000",32500,BLACKSTONE MTG TR INC REIT,"Blackstone Mortgage Trust, Inc.",BXMT,stock,Real Estate
3118,2026-03-27,sale,"$15,001 - $50,000",32500,American Express Co Com Solicited Order Discretion Exercised,American Express Company,AXP,stock,Financials
3119,2026-03-18,sale,"$15,001 - $50,000",32500,JPMORGAN CHASE & CO,JPMorgan Chase & Co.,JPM,stock,Financials
3120,2026-02-26,sale,"$15,001 - $50,000",32500,UPWORK INC,Upwork Inc,UPWK,stock,Information Technology
3121,2026-03-27,sale,"$15,001 - $50,000",32500,Cadence Design Sys Inc Com Solicited Order Discretion Exercised,Cadence Design Systems Inc,CDNS,stock,Information Technology
3122,2026-03-06,sale,"$15,001 - $50,000",32500,Wells Fargo & Co New Com Solicited Order Discretion Exercised,Wells Fargo & Company,WFC,stock,Financials
3123,2026-01-12,sale,"$15,001 - $50,000",32500,MCDONALDS CORP,McDonald's Corporation,MCD,stock,Consumer Discretionary
3124,2026-03-18,sale,"$15,001 - $50,000",32500,VULCAN MATLS CO,Vulcan Materials Company,VMC,stock,Materials
3125,2026-03-27,sale,"$15,001 - $50,000",32500,Medtronic Plc Shs lsln#ie00btn1y115 Solicited Order Discretion Exercised,Medtronic plc,MDT,stock,Health Care
3126,2026-02-26,sale,"$15,001 - $50,000",32500,NAVIENT CORP,Navient Corporation,NAVI,stock,Financials
3127,2026-03-06,sale,"$15,001 - $50,000",32500,Johnson & Johnson Com Solicited Order Discretion Exercised Allocated Order Your Broker Acted As Agent,Johnson & Johnson,JNJ,stock,Health Care
3128,2026-03-18,sale,"$15,001 - $50,000",32500,AURORA INNOVATION INC CLASS A,Aurora Innovation Inc,AUR,stock,Information Technology
3129,2026-03-06,sale,"$15,001 - $50,000",32500,Walmart Inc Com Solicited Order Discretion Exercised,Walmart Inc,WMT,stock,Consumer Staples
3130,2026-02-26,sale,"$15,001 - $50,000",32500,INSPERITY INC,"Insperity, Inc.",NSP,stock,Industrials
3131,2026-03-18,sale,"$15,001 - $50,000",32500,BROADRIDGE FINL SOLUTION,Broadridge Financial Solutions Inc,BR,stock,Information Technology
3132,2026-01-12,sale,"$15,001 - $50,000",32500,IRON MTN INC NEW REIT,Iron Mountain Inc,IRM,stock,Real Estate
3133,2026-03-30,sale,"$15,001 - $50,000",32500,AMNEAL PHARMACEUTICALS I CLASS A,"Amneal Pharmaceuticals, Inc.",AMRX,stock,Health Care
3134,2026-02-26,sale,"$15,001 - $50,000",32500,WENDYS CO CLASS A,The Wendy's Company,WEN,stock,Consumer Discretionary
3135,2026-02-12,sale,"$15,001 - $50,000",32500,CARVANA CO CLASS A,Carvana Co.,CVNA,stock,Consumer Discretionary
3136,2026-03-30,sale,"$15,001 - $50,000",32500,SHAKE SHACK INC CLASS A,Shake Shack Inc,SHAK,stock,Consumer Discretionary
3137,2026-02-12,sale,"$15,001 - $50,000",32500,TOAST INC CLASS A,"Toast, Inc.",TOST,stock,Information Technology
3138,2026-03-30,sale,"$15,001 - $50,000",32500,QORVO INC,"Qorvo, Inc.",QRVO,stock,Information Technology
3139,2026-03-27,sale,"$15,001 - $50,000",32500,Stryker Corp Common With Due Bills Solicited Order Discretion Exercised,Stryker Corporation,SYK,stock,Health Care
3140,2026-02-26,sale,"$15,001 - $50,000",32500,DORMAN PRODS INC,Dorman Products Inc.,DORM,stock,Consumer Discretionary
3141,2026-02-12,sale,"$15,001 - $50,000",32500,GEN DIGITAL INC,Gen Digital Inc,GEN,stock,Information Technology
3142,2026-03-06,sale,"$15,001 - $50,000",32500,Goldman Sachs Group Inc Com Solicited Order Discretion Exercised,The Goldman Sachs Group Inc,GS,stock,Financials
3143,2026-03-30,sale,"$15,001 - $50,000",32500,HAYWARD HLDGS INC,Hayward Holdings Inc,HAYW,stock,Industrials
3144,2026-03-17,sale,"$15,001 - $50,000",32500,GE HEALTHCARE TECHNOLOGIES INC,GE HealthCare Technologies Inc,GEHC,stock,Health Care
3145,2026-01-12,sale,"$15,001 - $50,000",32500,RLI CORP,RLI Corp.,RLI,stock,Financials
3146,2026-03-30,sale,"$15,001 - $50,000",32500,KORN FERRY,Korn Ferry,KFY,stock,Industrials
3147,2026-03-06,sale,"$15,001 - $50,000",32500,Exxon Mobil Corp Com Solicited Order Discretion Exercised Allocated Order Your Broker Acted As Agent,Exxon Mobil Corporation,XOM,stock,Energy
3148,2026-02-12,sale,"$15,001 - $50,000",32500,ZILLOW GROUP INC CLASS C,Zillow Group Inc,ZG,stock,Communication Services
3149,2026-02-12,sale,"$15,001 - $50,000",32500,BLOCK H & R INC,"H&R Block, Inc.",HRB,stock,Consumer Discretionary
3150,2026-03-18,sale,"$15,001 - $50,000",32500,FORTINET INC,Fortinet Inc,FTNT,stock,Information Technology
3151,2026-03-30,sale,"$15,001 - $50,000",32500,JACKSON FINL INC CLASS A,Jackson Financial Inc,JXN,stock,Financials
3152,2026-02-26,sale,"$15,001 - $50,000",32500,MGP INGREDIENTS INC NEW,MGP Ingredients Inc,MGPI,stock,Consumer Staples
3153,2026-02-12,sale,"$15,001 - $50,000",32500,SOFI TECHNOLOGIES INC,SoFi Technologies Inc,SOFI,stock,Financials
3154,2026-03-23,sale,"$15,001 - $50,000",32500,AH REALTY REIT,AH Realty,AHRT,stock,Real Estate
3155,2026-03-18,sale,"$15,001 - $50,000",32500,SEAGATE TECHNOLOGY H F,Seagate Technology Holdings plc,STX,stock,Information Technology
3156,2026-02-26,sale,"$15,001 - $50,000",32500,PAYONEER GLOBAL INC,Payoneer Global Inc,PAYO,stock,Financials
3157,2026-01-12,sale,"$15,001 - $50,000",32500,MARATHON PETE CORP,Marathon Petroleum Corporation,MPC,stock,Energy
3158,2026-03-30,sale,"$15,001 - $50,000",32500,ENOVIS CORP,Enovis Corporation,ENOV,stock,Health Care
3159,2026-02-12,sale,"$15,001 - $50,000",32500,UNITEDHEALTH GROUP INC,UnitedHealth Group Inc,UNH,stock,Health Care
3160,2026-03-27,sale,"$15,001 - $50,000",32500,Unitedhealth Group Inc Com Average Unit Price Transaction Your Broker Acted As Agent,UnitedHealth Group Inc,UNH,stock,Health Care
3161,2026-02-26,sale,"$15,001 - $50,000",32500,PALOMAR HLDGS INC,"Palomar Holdings, Inc.",PLMR,stock,Financials
3162,2026-01-12,sale,"$15,001 - $50,000",32500,FERGUSON ENTERPRISES INC,Ferguson Enterprises Inc,FERG,stock,Industrials
3163,2026-02-12,sale,"$15,001 - $50,000",32500,BLOCK INC A CLASS A,BLOCK INC A CLASS A,XYZ,stock,Information Technology
3164,2026-03-30,sale,"$15,001 - $50,000",32500,BIOLIFE SOLUTIONS INC,"BioLife Solutions, Inc.",BLFS,stock,Health Care
3165,2026-02-12,sale,"$15,001 - $50,000",32500,ROBINHOOD MKTS INC CLASS A,"Robinhood Markets, Inc.",HOOD,stock,Financials
3166,2026-02-12,sale,"$15,001 - $50,000",32500,SERVICE CORP INTL,Service Corporation International,SCI,stock,Consumer Discretionary
3167,2026-03-18,sale,"$15,001 - $50,000",32500,CARNIVAL CORP F,Carnival Corporation,CCL,stock,Consumer Discretionary
3168,2026-01-22,sale,"$15,001 - $50,000",32500,CORNING INC,Corning Incorporated,GLW,stock,Information Technology
3169,2026-03-18,sale,"$15,001 - $50,000",32500,MEDTRONIC PLC F,Medtronic plc,MDT,stock,Health Care
3170,2026-02-12,sale,"$15,001 - $50,000",32500,DOCUSIGN INC,"DocuSign, Inc.",DOCU,stock,Information Technology
3171,2026-03-18,sale,"$15,001 - $50,000",32500,VERIZON COMMUNICATIONS I,Verizon Communications Inc.,VZ,stock,Communication Services
3172,2026-03-30,sale,"$15,001 - $50,000",32500,WILLSCOT HOLDINGS CO A CLASS A,WillScot Holdings Corporation,WSC,stock,Industrials
3173,2026-02-26,sale,"$15,001 - $50,000",32500,WALKER & DUNLOP INC,"Walker & Dunlop, Inc.",WD,stock,Financials
3174,2026-03-18,sale,"$15,001 - $50,000",32500,RUBRIK INC CLASS A,Rubrik Inc.,RBRK,stock,Information Technology
3175,2026-03-30,sale,"$15,001 - $50,000",32500,VICTORY CAP HLDGS INC DE CLASS A,"Victory Capital Holdings, Inc.",VCTR,stock,Financials
3176,2026-02-12,sale,"$15,001 - $50,000",32500,FLUTTER ENTMT PLC F,Flutter Entertainment plc,FLUT,stock,Consumer Discretionary
3177,2026-03-18,sale,"$15,001 - $50,000",32500,TYLER TECHNOLOGIES INC,"Tyler Technologies, Inc.",TYL,stock,Information Technology
3178,2026-03-18,sale,"$15,001 - $50,000",32500,SYNOPSYS INC,Synopsys Inc,SNPS,stock,Information Technology
3179,2026-01-26,sale,"$15,001 - $50,000",32500,ADMA BIOLOGICS INC,ADMA Biologics Inc,ADMA,stock,Health Care
3180,2026-03-30,sale,"$15,001 - $50,000",32500,MUELLER WATER PRODUC CLASS SERIES A,Mueller Water Products Inc,MWA,stock,Industrials
3181,2026-02-12,sale,"$15,001 - $50,000",32500,LENNAR CORP CLASS A,Lennar Corporation,LEN,stock,Consumer Discretionary
3182,2026-01-12,sale,"$15,001 - $50,000",32500,ALTRIA GROUP INC,"Altria Group, Inc.",MO,stock,Consumer Staples
3183,2026-03-30,sale,"$15,001 - $50,000",32500,APELLIS PHARMACEUTICALS,"Apellis Pharmaceuticals, Inc.",APLS,stock,Health Care
3184,2026-03-30,sale,"$15,001 - $50,000",32500,NEOGENOMICS INC,"NeoGenomics, Inc.",NEO,stock,Health Care
3185,2026-03-30,sale,"$15,001 - $50,000",32500,CVB FINL CORP,CVB Financial Corp,CVBF,stock,Financials
3186,2026-03-18,sale,"$15,001 - $50,000",32500,CHURCHILL DOWNS INC,Churchill Downs Inc,CHDN,stock,Consumer Discretionary
3187,2026-01-26,sale,"$15,001 - $50,000",32500,ALARM COM HLDGS INC,"Alarm.com Holdings, Inc.",ALRM,stock,Information Technology
3188,2026-03-27,sale,"$15,001 - $50,000",32500,Oracle Corp Com Solicited Order Discretion Exercised,Oracle Corporation,ORCL,stock,Information Technology
3189,2026-01-12,sale,"$15,001 - $50,000",32500,AECOM,AECOM,ACM,stock,Industrials
3190,2026-03-27,sale,"$15,001 - $50,000",32500,Bank Amer Corp Com Solicited Order Discretion Exercised,Bank of America Corporation,BAC,stock,Financials
3191,2026-03-18,sale,"$15,001 - $50,000",32500,DATADOG INC CLASS A,"Datadog, Inc.",DDOG,stock,Information Technology
3192,2026-02-26,sale,"$15,001 - $50,000",32500,ZIFF DAVIS INC,Ziff Davis Inc,ZD,stock,Communication Services
3193,2026-02-12,sale,"$15,001 - $50,000",32500,ROCKET LAB CORP CLASS A,"Rocket Lab USA, Inc.",RKLB,stock,Industrials
3194,2026-02-26,sale,"$15,001 - $50,000",32500,DNOW INC,DNOW Inc.,DNOW,stock,Energy
3195,2026-02-26,sale,"$15,001 - $50,000",32500,HIGHWOODS PPTYS INC REIT,Highwoods Properties Inc.,HIW,stock,Real Estate
3196,2026-03-30,sale,"$15,001 - $50,000",32500,CAVCO INDS INC DEL,Cavco Industries Inc.,CVCO,stock,Consumer Discretionary
3197,2026-03-30,sale,"$15,001 - $50,000",32500,HAWAIIAN ELEC INDS INC,Hawaiian Electric Industries Inc,HE,stock,Utilities
3198,2026-02-12,sale,"$15,001 - $50,000",32500,FACTSET RESH SYS INC,FactSet Research Systems Inc,FDS,stock,Financials
3199,2026-03-18,sale,"$15,001 - $50,000",32500,STRATEGY INC CLASS A,Strategy Inc. (MicroStrategy),MSTR,stock,Information Technology
3200,2026-03-18,sale,"$15,001 - $50,000",32500,ALASKA AIR GROUP INC,"Alaska Air Group, Inc.",ALK,stock,Industrials
3201,2026-03-18,sale,"$15,001 - $50,000",32500,GRAPHIC PACKAGING HLDG C,Graphic Packaging Holding Company,GPK,stock,Materials
3202,2026-01-26,sale,"$15,001 - $50,000",32500,MARKETAXESS HLDGS INC,MarketAxess Holdings Inc.,MKTX,stock,Financials
3203,2026-03-23,sale,"$15,001 - $50,000",32500,KKR REAL ESTATE FIN TR I,KKR Real Estate Finance Trust Inc.,KREF,stock,Financials
3204,2026-02-12,sale,"$15,001 - $50,000",32500,SERVICENOW INC,ServiceNow Inc,NOW,stock,Information Technology
3205,2026-03-18,sale,"$15,001 - $50,000",32500,SNAP INC CLASS A,Snap Inc,SNAP,stock,Communication Services
3206,2026-03-18,sale,"$15,001 - $50,000",32500,BRIGHT HORIZONS FAMILY S,Bright Horizons Family Solutions Inc.,BFAM,stock,Consumer Discretionary
3207,2026-03-18,sale,"$15,001 - $50,000",32500,FOX CORP CLASS B,Fox Corporation,FOX,stock,Communication Services
3208,2026-01-12,sale,"$15,001 - $50,000",32500,CLOUDFLARE INC CLASS A,Cloudflare Inc,NET,stock,Information Technology
3209,2026-03-18,sale,"$15,001 - $50,000",32500,BROADCOM INC,Broadcom Inc,AVGO,stock,Information Technology
3210,2026-03-18,sale,"$15,001 - $50,000",32500,RYAN SPECIALTY HOLDINGS CLASS A,"Ryan Specialty Holdings, Inc.",RYAN,stock,Financials
3211,2026-01-12,sale,"$15,001 - $50,000",32500,BEST BUY INC,"Best Buy Co., Inc.",BBY,stock,Consumer Discretionary
3212,2026-03-06,sale,"$15,001 - $50,000",32500,Jpmorgan Chase & Co Com Average Unit Price Transaction Your Broker Acted As Agent,JPMorgan Chase & Co.,JPM,stock,Financials
3213,2026-03-30,sale,"$15,001 - $50,000",32500,RUSH ENTERPRISES INC CLASS A,"Rush Enterprises, Inc.",RUSHA,stock,Consumer Discretionary
3214,2026-02-12,sale,"$15,001 - $50,000",32500,CONSTELLATION ENERGY COR,Constellation Energy Corporation,CEG,stock,Utilities
3215,2026-03-18,sale,"$15,001 - $50,000",32500,TESLA INC,"Tesla, Inc.",TSLA,stock,Consumer Discretionary
3216,2026-01-26,sale,"$15,001 - $50,000",32500,CALIFORNIA WTR SVC GROUP,California Water Service Group,CWT,stock,Utilities
3217,2026-01-12,sale,"$15,001 - $50,000",32500,CME GROUP INC CLASS A,CME Group Inc,CME,stock,Financials
3218,2026-03-18,sale,"$15,001 - $50,000",32500,ABBVIE INC,AbbVie Inc.,ABBV,stock,Health Care
3219,2026-01-12,sale,"$15,001 - $50,000",32500,DIGITAL RLTY TR INC REIT,"Digital Realty Trust, Inc.",DLR,stock,Real Estate
3220,2026-02-12,sale,"$15,001 - $50,000",32500,THE TRADE DESK INC CLASS A,"The Trade Desk, Inc.",TTD,stock,Communication Services
3221,2026-03-17,sale,"$15,001 - $50,000",32500,ADVANCED MICRO DEVICES INC,Advanced Micro Devices Inc,AMD,stock,Information Technology
3222,2026-03-18,sale,"$15,001 - $50,000",32500,AVANTOR INC,Avantor Inc,AVTR,stock,Health Care
3223,2026-03-18,sale,"$15,001 - $50,000",32500,ELEVANCE HEALTH INC,Elevance Health Inc,ELV,stock,Health Care
3224,2026-02-12,sale,"$15,001 - $50,000",32500,FAIR ISAAC CORP,Fair Isaac Corporation,FICO,stock,Information Technology
3225,2026-03-30,sale,"$15,001 - $50,000",32500,DOUGLAS EMMETT INC REIT,Douglas Emmett Inc.,DEI,stock,Real Estate
3226,2026-02-12,sale,"$15,001 - $50,000",32500,PAYLOCITY HLDG CORP,Paylocity Holding Corporation,PCTY,stock,Information Technology
3227,2026-02-12,sale,"$15,001 - $50,000",32500,SPROUTS FMRS MKT INC,"Sprouts Farmers Market, Inc.",SFM,stock,Consumer Staples
3228,2026-03-30,sale,"$15,001 - $50,000",32500,NEXPOINT RESIDENTIAL TR REIT,"NexPoint Residential Trust, Inc.",NXRT,stock,Real Estate
3229,2026-02-26,sale,"$15,001 - $50,000",32500,STEPSTONE GROUP INC CLASS A,StepStone Group Inc.,STEP,stock,Financials
3230,2026-02-12,sale,"$15,001 - $50,000",32500,FOX CORP CLASS A,Fox Corporation,FOX,stock,Communication Services
3231,2026-03-18,sale,"$15,001 - $50,000",32500,UPSTART HLDGS INC,Upstart Holdings Inc,UPST,stock,Financials
3232,2026-02-12,sale,"$15,001 - $50,000",32500,BROWN & BROWN INC,Brown & Brown Inc,BRO,stock,Financials
3233,2026-02-12,sale,"$15,001 - $50,000",32500,CBRE GROUP INC CLASS A,CBRE Group Inc,CBRE,stock,Real Estate
3234,2026-03-18,sale,"$15,001 - $50,000",32500,LOWES COS INC,"Lowe's Companies, Inc.",LOW,stock,Consumer Discretionary
3235,2026-03-27,sale,"$15,001 - $50,000",32500,International Business Machs Corp Com Solicited Order Discretion Exercised,International Business Machines Corporation,IBM,stock,Information Technology
3236,2026-03-06,sale,"$15,001 - $50,000",32500,Costco Whsl Corp New Com Solicited Order Discretion Exercised,Costco Wholesale Corporation,COST,stock,Consumer Staples
3237,2026-03-30,sale,"$15,001 - $50,000",32500,STEPAN CO,Stepan Company,SCL,stock,Materials
3238,2026-02-12,sale,"$15,001 - $50,000",32500,CENTENE CORP DEL,Centene Corporation,CNC,stock,Health Care
3239,2026-02-26,sale,"$15,001 - $50,000",32500,INSPIRE MED SYS INC,"Inspire Medical Systems, Inc.",INSP,stock,Health Care
3240,2026-02-26,sale,"$15,001 - $50,000",32500,BLACKLINE INC,"BlackLine, Inc.",BL,stock,Information Technology
3241,2026-03-30,sale,"$15,001 - $50,000",32500,CORCEPT THERAPEUTICS INC,Corcept Therapeutics Incorporated,CORT,stock,Health Care
3242,2026-03-18,sale,"$15,001 - $50,000",32500,GITLAB INC CLASS A,GitLab Inc,GTLB,stock,Information Technology
3243,2026-02-12,sale,"$15,001 - $50,000",32500,U HAUL HOLDING NON VOTIN CLASS SERIES N,U-Haul Holding Company,UHAL,stock,Industrials
3244,2026-01-26,sale,"$15,001 - $50,000",32500,TG THERAPEUTICS INC,"TG Therapeutics, Inc.",TGTX,stock,Health Care
3245,2026-01-12,sale,"$15,001 - $50,000",32500,WORKDAY INC CLASS A,"Workday, Inc.",WDAY,stock,Information Technology
3246,2026-01-12,sale,"$15,001 - $50,000",32500,TRACTOR SUPPLY CO,Tractor Supply Company,TSCO,stock,Consumer Discretionary
3247,2026-01-12,sale,"$15,001 - $50,000",32500,ATLASSIAN CORP CLASS A,Atlassian Corporation,TEAM,stock,Information Technology
3248,2026-02-12,sale,"$15,001 - $50,000",32500,VEEVA SYS INC CLASS A,Veeva Systems Inc,VEEV,stock,Health Care
3249,2026-01-12,sale,"$15,001 - $50,000",32500,STRATEGY INC CLASS A,Strategy Inc. (MicroStrategy),MSTR,stock,Information Technology
3250,2026-03-18,sale,"$15,001 - $50,000",32500,UNION PAC CORP,Union Pacific Corporation,UNP,stock,Industrials
3251,2026-03-30,sale,"$15,001 - $50,000",32500,MOELIS & CO CLASS A,Moelis & Company,MC,stock,Financials
3252,2026-03-18,sale,"$15,001 - $50,000",32500,COMMVAULT SYS INC,"Commvault Systems, Inc.",CVLT,stock,Information Technology
3253,2026-02-12,sale,"$15,001 - $50,000",32500,NETAPP INC,"NetApp, Inc.",NTAP,stock,Information Technology
3254,2026-03-18,sale,"$15,001 - $50,000",32500,ROCKET COMPANIES CLA A CLASS A,"Rocket Companies, Inc.",RKT,stock,Financials
3255,2026-03-18,sale,"$15,001 - $50,000",32500,ROBLOX CORP CLASS A,Roblox Corporation,RBLX,stock,Communication Services
3256,2026-03-18,sale,"$15,001 - $50,000",32500,3M CO,3M Company,MMM,stock,Industrials
3257,2026-03-30,sale,"$15,001 - $50,000",32500,SERVISFIRST BANCSHARES I,ServisFirst Bancshares Inc,SFBS,stock,Financials
3258,2026-01-12,sale,"$15,001 - $50,000",32500,TARGA RES CORP,Targa Resources Corp,TRGP,stock,Energy
3259,2026-03-30,sale,"$15,001 - $50,000",32500,RYMAN HOSPITALITY PPTYS REIT,"Ryman Hospitality Properties, Inc.",RHP,stock,Real Estate
3260,2026-01-12,sale,"$15,001 - $50,000",32500,DTE ENERGY CO,DTE Energy Company,DTE,stock,Utilities
3261,2026-03-18,sale,"$15,001 - $50,000",32500,HORMEL FOODS CORP,Hormel Foods Corporation,HRL,stock,Consumer Staples
3262,2026-03-30,sale,"$15,001 - $50,000",32500,PROGRESS SOFTWARE CORP,Progress Software Corporation,PRGS,stock,Information Technology
3263,2026-01-26,sale,"$15,001 - $50,000",32500,AMERICAN STS WTR CO,American States Water Company,AWR,stock,Utilities
3264,2026-01-26,sale,"$15,001 - $50,000",32500,BADGER METER INC,Badger Meter Inc,BMI,stock,Industrials
3265,2026-03-18,sale,"$15,001 - $50,000",32500,COPART INC,"Copart, Inc.",CPRT,stock,Industrials
3266,2026-03-18,sale,"$15,001 - $50,000",32500,DUOLINGO INC CLASS A,Duolingo Inc.,DUOL,stock,Communication Services
3267,2026-03-18,sale,"$15,001 - $50,000",32500,TETRA TECH INC NEW,"Tetra Tech, Inc.",TTEK,stock,Industrials
3268,2026-01-26,sale,"$15,001 - $50,000",32500,DOUGLAS EMMETT INC REIT,Douglas Emmett Inc.,DEI,stock,Real Estate
3269,2026-03-30,sale,"$15,001 - $50,000",32500,PRESTIGE CONSUMER HEALTH,Prestige Consumer Healthcare Inc.,PBH,stock,Consumer Staples
3270,2026-02-26,sale,"$15,001 - $50,000",32500,J & J SNACK FOODS CORP,J&J Snack Foods Corp,JJSF,stock,Consumer Staples
3271,2026-03-30,sale,"$15,001 - $50,000",32500,MATSON INC,Matson Inc,MATX,stock,Industrials
3272,2026-02-26,sale,"$15,001 - $50,000",32500,CORVEL CORP,CorVel Corporation,CRVL,stock,Health Care
3273,2026-03-30,sale,"$15,001 - $50,000",32500,FRANKLIN ELEC INC,Franklin Electric Co Inc,FELE,stock,Industrials
3274,2026-01-12,sale,"$15,001 - $50,000",32500,NORFOLK SOUTHN CORP,Norfolk Southern Corporation,NSC,stock,Industrials
3275,2026-03-30,sale,"$15,001 - $50,000",32500,ARCOSA INC,Arcosa Inc,ACA,stock,Industrials
3276,2026-01-12,sale,"$15,001 - $50,000",32500,BROADRIDGE FINL SOLUTION,Broadridge Financial Solutions Inc,BR,stock,Information Technology
3277,2026-03-27,sale,"$15,001 - $50,000",32500,Palantir Technologies Inc Cl A Solicited Order Discretion Exercised,Palantir Technologies Inc.,PLTR,stock,Information Technology
3278,2026-01-12,sale,"$15,001 - $50,000",32500,EQUINIX INC REIT,Equinix Inc,EQIX,stock,Real Estate
3279,2026-02-26,sale,"$15,001 - $50,000",32500,SIMPLY GOOD FOODS CO,Simply Good Foods Company,SMPL,stock,Consumer Staples
3280,2026-03-18,sale,"$15,001 - $50,000",32500,MONGODB INC CLASS A,MongoDB Inc,MDB,stock,Information Technology
3281,2026-02-12,sale,"$15,001 - $50,000",32500,FIDELITY NATL INFORMATIO,Fidelity National Information Services,FIS,stock,Financials
3282,2026-02-26,sale,"$15,001 - $50,000",32500,SL GREEN RLTY CORP,SL Green Realty Corp,SLG,stock,Real Estate
3283,2026-03-27,sale,"$15,001 - $50,000",32500,Lilly Eli & Co Com Average Unit Price Transaction Your Broker Acted As Agent,Eli Lilly and Company,LLY,stock,Health Care
3284,2026-03-30,sale,"$15,001 - $50,000",32500,BALCHEM CORP,Balchem Corporation,BCPC,stock,Materials
3285,2026-02-12,sale,"$15,001 - $50,000",32500,BLACKROCK INC NEW,"BlackRock, Inc.",BLK,stock,Financials
3286,2026-02-12,sale,"$15,001 - $50,000",32500,IQVIA HLDGS INC,IQVIA Holdings Inc.,IQV,stock,Health Care
3287,2026-02-12,sale,"$15,001 - $50,000",32500,COGNIZANT TECHNOLOGY SOL CLASS A,Cognizant Technology Solutions Corp,CTSH,stock,Information Technology
3288,2026-03-23,sale,"$15,001 - $50,000",32500,FORTINET INC UNSOLICITED,Fortinet Inc,FTNT,stock,Information Technology
3289,2026-02-26,sale,"$15,001 - $50,000",32500,FRANKLIN BSP REALTY,Franklin BSP Realty Trust Inc,FBRT,stock,Real Estate
3290,2026-01-12,sale,"$15,001 - $50,000",32500,DATADOG INC CLASS A,"Datadog, Inc.",DDOG,stock,Information Technology
3291,2026-03-18,sale,"$15,001 - $50,000",32500,GALLAGHER ARTHUR J & CO,Arthur J. Gallagher & Co,AJG,stock,Financials
3292,2026-01-12,sale,"$15,001 - $50,000",32500,LOEWS CORP,Loews Corporation,L,stock,Financials
3293,2026-03-30,sale,"$15,001 - $50,000",32500,CSW INDUSTRIALS INC,CSW Industrials Inc,CSW,stock,Industrials
3294,2026-03-30,sale,"$15,001 - $50,000",32500,FIRST INTST BANCSYSTEM I CLASS A,First Interstate BancSystem Inc,FIBK,stock,Financials
3295,2026-02-26,sale,"$15,001 - $50,000",32500,GROUP 1 AUTOMOTIVE INC,Group 1 Automotive Inc,GPI,stock,Consumer Discretionary
3296,2026-03-23,sale,"$15,001 - $50,000",32500,"SALESFORCE, INC. UNSOLICITED",Salesforce Inc,CRM,stock,Information Technology
3297,2026-03-27,sale,"$15,001 - $50,000",32500,Mastercard Inc Cl A Average Unit Price Transaction Your Broker Acted As Agent,Mastercard Incorporated,MA,stock,Financials
3298,2026-03-27,sale,"$15,001 - $50,000",32500,Wells Fargo & Co New Com Solicited Order Discretion Exercised,Wells Fargo & Company,WFC,stock,Financials
3299,2026-03-30,sale,"$15,001 - $50,000",32500,PENNYMAC MTG INVT TR REIT,PennyMac Mortgage Investment Trust,PMT,stock,Financials
3300,2026-02-26,sale,"$15,001 - $50,000",32500,ROBERT HALF INC,Robert Half Inc.,RHI,stock,Industrials
3301,2026-02-12,sale,"$15,001 - $50,000",32500,AIRBNB INC CLASS A,Airbnb Inc,ABNB,stock,Consumer Discretionary
3302,2026-01-12,sale,"$15,001 - $50,000",32500,CMS ENERGY CORP,CMS Energy Corp,CMS,stock,Utilities
3303,2026-02-12,sale,"$15,001 - $50,000",32500,SNOWFLAKE INC CLASS A,Snowflake Inc,SNOW,stock,Information Technology
3304,2026-03-18,sale,"$50,001 - $100,000",75000,SAILPOINT INC,"SailPoint Technologies Holdings, Inc.",SAIL,stock,Information Technology
3305,2026-03-18,sale,"$50,001 - $100,000",75000,AXON ENTERPRISE INC,Axon Enterprise Inc,AXON,stock,Industrials
3306,2026-02-12,sale,"$50,001 - $100,000",75000,COINBASE GLOBAL INC CLASS A,Coinbase Global Inc,COIN,stock,Financials
3307,2026-03-18,sale,"$50,001 - $100,000",75000,ELASTIC N V F,Elastic N.V.,ESTC,stock,Information Technology
3308,2026-01-12,sale,"$50,001 - $100,000",75000,AMERICAN INTL GROUP INC,"American International Group, Inc.",AIG,stock,Financials
3309,2026-03-27,sale,"$50,001 - $100,000",75000,Abbvie Inc Com Solicited Order Discretion Exercised,AbbVie Inc.,ABBV,stock,Health Care
3310,2026-01-12,sale,"$50,001 - $100,000",75000,GALLAGHER ARTHUR J & CO,Arthur J. Gallagher & Co,AJG,stock,Financials
3311,2026-03-27,sale,"$50,001 - $100,000",75000,Home Depot Inc Com Solicited Order Discretion Exercised Allocated Order Your Broker Acted As Agent,The Home Depot Inc.,HD,stock,Consumer Discretionary
3312,2026-01-12,sale,"$50,001 - $100,000",75000,FASTENAL CO,Fastenal Company,FAST,stock,Industrials
3313,2026-03-30,sale,"$50,001 - $100,000",75000,ADMA BIOLOGICS INC,ADMA Biologics Inc,ADMA,stock,Health Care
3314,2026-03-18,sale,"$50,001 - $100,000",75000,TPG INC CLASS A,TPG Inc.,TPG,stock,Financials
3315,2026-03-30,sale,"$50,001 - $100,000",75000,DOUBLEVERIFY HLDGS INC,DoubleVerify Holdings Inc.,DV,stock,Communication Services
3316,2026-03-30,sale,"$50,001 - $100,000",75000,ADDUS HOMECARE CORP,Addus HomeCare Corporation,ADUS,stock,Health Care
3317,2026-03-17,sale,"$50,001 - $100,000",75000,INTERNATIONAL PAPER COM,International Paper Company,IP,stock,Materials
3318,2026-03-27,sale,"$50,001 - $100,000",75000,General Elec Co Com New Solicited Order Discretion Exercised Average Unit Price Transaction Your Broker Acted As Agent,GE Aerospace,GE,stock,Industrials
3319,2026-03-30,sale,"$50,001 - $100,000",75000,INSIGHT ENTERPRISES INC,"Insight Enterprises, Inc.",NSIT,stock,Information Technology
3320,2026-01-26,sale,"$50,001 - $100,000",75000,CORCEPT THERAPEUTICS INC,Corcept Therapeutics Incorporated,CORT,stock,Health Care
3321,2026-01-12,sale,"$50,001 - $100,000",75000,WEC ENERGY GROUP INC,WEC Energy Group Inc,WEC,stock,Utilities
3322,2026-03-06,sale,"$50,001 - $100,000",75000,Berkshire Hathaway Inc Del Cl B New Solicited Order Discretion Exercised,Berkshire Hathaway Inc.,BRK.B,stock,Financials
3323,2026-03-30,sale,"$50,001 - $100,000",75000,VIRTUS INTL PARTNERS INC,"Virtus Investment Partners, Inc.",VRTS,stock,Financials
3324,2026-01-12,sale,"$50,001 - $100,000",75000,LABCORP HLDGS INC,Labcorp Holdings Inc.,LH,stock,Health Care
3325,2026-03-18,sale,"$50,001 - $100,000",75000,CONAGRA BRANDS INC,"Conagra Brands, Inc.",CAG,stock,Consumer Staples
3326,2026-03-18,sale,"$50,001 - $100,000",75000,OTIS WORLDWIDE CORP,Otis Worldwide Corporation,OTIS,stock,Industrials
3327,2026-01-12,sale,"$50,001 - $100,000",75000,COUPANG INC CLASS A,Coupang Inc,CPNG,stock,Consumer Discretionary
3328,2026-03-23,sale,"$50,001 - $100,000",75000,DATADOG INC UNSOLICITED,"Datadog, Inc.",DDOG,stock,Information Technology
3329,2026-03-18,sale,"$50,001 - $100,000",75000,LPL FINL HLDGS INC,LPL Financial Holdings Inc.,LPLA,stock,Financials
3330,2026-03-30,sale,"$50,001 - $100,000",75000,ENERPAC TOOL GROUP CORP CLASS A,Enerpac Tool Group Corp.,EPAC,stock,Industrials
3331,2026-01-12,sale,"$50,001 - $100,000",75000,PROCTER & GAMBLE CO,The Procter & Gamble Company,PG,stock,Consumer Staples
3332,2026-03-06,sale,"$50,001 - $100,000",75000,Lilly Eli & Co Com Solicited Order Discretion Exercised,Eli Lilly and Company,LLY,stock,Health Care
3333,2026-01-26,sale,"$50,001 - $100,000",75000,CINEMARK HLDGS INC,Cinemark Holdings Inc,CNK,stock,Communication Services
3334,2026-03-18,sale,"$50,001 - $100,000",75000,POOL CORP,Pool Corporation,POOL,stock,Consumer Discretionary
3335,2026-03-18,sale,"$50,001 - $100,000",75000,HOULIHAN LOKEY INC CLASS A,Houlihan Lokey Inc.,HLI,stock,Financials
3336,2026-02-26,sale,"$50,001 - $100,000",75000,SPS COMM INC,"SPS Commerce, Inc.",SPSC,stock,Information Technology
3337,2026-02-12,sale,"$50,001 - $100,000",75000,COSTAR GROUP INC,"CoStar Group, Inc.",CSGP,stock,Real Estate
3338,2026-03-18,sale,"$50,001 - $100,000",75000,AGILENT TECHNOLOGIES INC,Agilent Technologies Inc,A,stock,Health Care
3339,2026-03-30,sale,"$50,001 - $100,000",75000,PJT PARTNERS INC CLASS A,PJT Partners Inc.,PJT,stock,Financials
3340,2026-02-26,sale,"$50,001 - $100,000",75000,MIRION TECHNOLOGIES INC CLASS A,Mirion Technologies Inc,MIR,stock,Health Care
3341,2026-01-12,sale,"$50,001 - $100,000",75000,BOSTON SCIENTIFIC CORP,Boston Scientific Corporation,BSX,stock,Health Care
3342,2026-02-26,sale,"$50,001 - $100,000",75000,Q2 HLDGS INC,"Q2 Holdings, Inc.",QTWO,stock,Information Technology
3343,2026-02-12,sale,"$50,001 - $100,000",75000,JPMORGAN CHASE & CO,JPMorgan Chase & Co.,JPM,stock,Financials
3344,2026-01-12,sale,"$50,001 - $100,000",75000,GE VERNOVA INC,GE Vernova Inc,GEV,stock,Industrials
3345,2026-03-30,sale,"$50,001 - $100,000",75000,TERRENO RLTY CORP REIT,Terreno Realty Corporation,TRNO,stock,Real Estate
3346,2026-03-18,sale,"$50,001 - $100,000",75000,INVITATION HOMES INC,Invitation Homes Inc.,INVH,stock,Real Estate
3347,2026-03-18,sale,"$50,001 - $100,000",75000,REGIONS FINL CORP NEW,Regions Financial Corporation,RF,stock,Financials
3348,2026-02-26,sale,"$50,001 - $100,000",75000,INDIVIOR PHARMACEUTICALS,Indivior PLC,INDV,stock,Health Care
3349,2026-01-12,sale,"$50,001 - $100,000",75000,SYSCO CORP,Sysco Corporation,SYY,stock,Consumer Staples
3350,2026-03-04,sale,"$50,001 - $100,000",75000,ISHARES GOLD ETF,iShares Gold Trust,IAU,etf,Funds & ETFs
3351,2026-01-26,sale,"$50,001 - $100,000",75000,BOX INC CLASS A,"Box, Inc.",BOX,stock,Information Technology
3352,2026-01-26,sale,"$50,001 - $100,000",75000,VERRA MOBILITY CORP CLASS A,Verra Mobility Corporation,VRRM,stock,Industrials
3353,2026-02-12,sale,"$50,001 - $100,000",75000,FISERV INC,Fiserv Inc,FI,stock,Financials
3354,2026-03-30,sale,"$50,001 - $100,000",75000,BOX INC CLASS A,"Box, Inc.",BOX,stock,Information Technology
3355,2026-03-30,sale,"$50,001 - $100,000",75000,PRIVIA HEALTH GROUP INC,Privia Health Group Inc.,PRVA,stock,Health Care
3356,2026-01-12,sale,"$50,001 - $100,000",75000,THE CAMPBELL'S CO,Campbell Soup Company,CPB,stock,Consumer Staples
3357,2026-03-06,sale,"$50,001 - $100,000",75000,Tesla Inc Com Solicited Order Discretion Exercised,"Tesla, Inc.",TSLA,stock,Consumer Discretionary
3358,2026-03-27,sale,"$50,001 - $100,000",75000,Goldman Sachs Group Inc Com Average Unit Price Transaction Your Broker Acted As Agent,The Goldman Sachs Group Inc,GS,stock,Financials
3359,2026-03-23,sale,"$50,001 - $100,000",75000,CROWDSTRIKE HLDGS INC CL A UNSOLICITED,CrowdStrike Holdings Inc,CRWD,stock,Information Technology
3360,2026-03-17,sale,"$50,001 - $100,000",75000,CARNIVAL CORP PAIRED CTF 1 COM CARNI,Carnival Corporation,CCL,stock,Consumer Discretionary
3361,2026-02-12,sale,"$50,001 - $100,000",75000,EQUIFAX INC,Equifax Inc,EFX,stock,Industrials
3362,2026-03-30,sale,"$50,001 - $100,000",75000,INNOSPEC INC,Innospec Inc.,IOSP,stock,Materials
3363,2026-03-17,sale,"$50,001 - $100,000",75000,3M COMPANY,3M Company,MMM,stock,Industrials
3364,2026-03-18,sale,"$50,001 - $100,000",75000,BLUE OWL CAP INC CLASS A,Blue Owl Capital Inc.,OWL,stock,Financials
3365,2026-03-17,sale,"$50,001 - $100,000",75000,BALL CORP,Ball Corporation,BALL,stock,Materials
3366,2026-01-26,sale,"$50,001 - $100,000",75000,PTC THERAPEUTICS INC,"PTC Therapeutics, Inc.",PTCT,stock,Health Care
3367,2026-03-18,sale,"$50,001 - $100,000",75000,KRAFT HEINZ CO,The Kraft Heinz Company,KHC,stock,Consumer Staples
3368,2026-01-26,sale,"$50,001 - $100,000",75000,WAYSTAR HLDG CORP,Waystar Holding Corp.,WAY,stock,Health Care
3369,2026-03-18,sale,"$50,001 - $100,000",75000,AON PLC F CLASS A,Aon plc,AON,stock,Financials
3370,2026-02-12,sale,"$50,001 - $100,000",75000,MSCI INC,MSCI Inc,MSCI,stock,Financials
3371,2026-03-30,sale,"$50,001 - $100,000",75000,HNI CORP,HNI Corporation,HNI,stock,Industrials
3372,2026-02-12,sale,"$50,001 - $100,000",75000,GODADDY INC CLASS A,GoDaddy Inc,GDDY,stock,Information Technology
3373,2026-02-12,sale,"$50,001 - $100,000",75000,VERISK ANALYTICS INC CLASS A,"Verisk Analytics, Inc.",VRSK,stock,Industrials
3374,2026-03-18,sale,"$50,001 - $100,000",75000,ARES MGMT CORP CLASS A,Ares Management Corporation,ARES,stock,Financials
3375,2026-03-27,sale,"$50,001 - $100,000",75000,Netflix Inc Com Average Unit Price Transaction Your Broker Acted As Agent,Netflix Inc.,NFLX,stock,Communication Services
3376,2026-03-30,sale,"$50,001 - $100,000",75000,VERRA MOBILITY CORP CLASS A,Verra Mobility Corporation,VRRM,stock,Industrials
3377,2026-02-12,sale,"$50,001 - $100,000",75000,MOODY'S CORP,Moody's Corporation,MCO,stock,Financials
3378,2026-03-18,sale,"$50,001 - $100,000",75000,HUNTINGTON BANCSHARES IN,Huntington Bancshares Incorporated,HBAN,stock,Financials
3379,2026-03-06,sale,"$50,001 - $100,000",75000,Meta Platforms Inc Cl A Solicited Order Discretion Exercised,Meta Platforms Inc,META,stock,Communication Services
3380,2026-02-10,sale,"$50,001 - $100,000",75000,THE TRADE DESK INC COM CL A,"The Trade Desk, Inc.",TTD,stock,Communication Services
3381,2026-03-17,sale,"$50,001 - $100,000",75000,Pool Corporation,Pool Corporation,POOL,stock,Consumer Discretionary
3382,2026-03-30,sale,"$50,001 - $100,000",75000,CAL MAINE FOODS INC,Cal-Maine Foods Inc,CALM,stock,Consumer Staples
3383,2026-03-30,sale,"$50,001 - $100,000",75000,DXC TECHNOLOGY CO,DXC Technology Company,DXC,stock,Information Technology
3384,2026-02-12,sale,"$50,001 - $100,000",75000,APPLOVIN CORP CLASS A,AppLovin Corporation,APP,stock,Communication Services
3385,2026-03-18,sale,"$50,001 - $100,000",75000,AMDOCS LTD F,Amdocs Limited,DOX,stock,Information Technology
3386,2026-03-27,sale,"$50,001 - $100,000",75000,Visa Inc Com Cl A Solicited Order Discretion Exercised,Visa Inc.,V,stock,Financials
3387,2026-03-17,sale,"$50,001 - $100,000",75000,Builders Firstsource Inc,Builders FirstSource Inc,BLDR,stock,Industrials
3388,2026-01-26,sale,"$50,001 - $100,000",75000,TELEFLEX INC,Teleflex Incorporated,TFX,stock,Health Care
3389,2026-03-18,sale,"$50,001 - $100,000",75000,NVIDIA CORP,NVIDIA Corporation,NVDA,stock,Information Technology
3390,2026-02-10,sale,"$50,001 - $100,000",75000,Gen Digital Inc.,Gen Digital Inc,GEN,stock,Information Technology
3391,2026-03-09,sale,"$50,001 - $100,000",75000,ABM INDS INC,ABM Industries Inc,ABM,stock,Industrials
3392,2026-02-10,sale,"$50,001 - $100,000",75000,COSTAR GROUP INC,"CoStar Group, Inc.",CSGP,stock,Real Estate
3393,2026-02-12,sale,"$50,001 - $100,000",75000,DOORDASH INC CLASS A,DoorDash Inc.,DASH,stock,Consumer Discretionary
3394,2026-02-12,sale,"$50,001 - $100,000",75000,PAYPAL HLDGS INC,"PayPal Holdings, Inc.",PYPL,stock,Financials
3395,2026-03-30,sale,"$50,001 - $100,000",75000,WAYSTAR HLDG CORP,Waystar Holding Corp.,WAY,stock,Health Care
3396,2026-03-27,sale,"$50,001 - $100,000",75000,Alphabet Inc Cap Stk Cl C Average Unit Price Transaction Your Broker Acted As Agent,Alphabet Inc,GOOGL,stock,Communication Services
3397,2026-03-18,sale,"$50,001 - $100,000",75000,CRH PUBLIC LIMITED CO F,CRH plc,CRH,stock,Materials
3398,2026-03-18,sale,"$50,001 - $100,000",75000,UNITED RENTALS INC,United Rentals Inc,URI,stock,Industrials
3399,2026-03-30,sale,"$50,001 - $100,000",75000,MARKETAXESS HLDGS INC,MarketAxess Holdings Inc.,MKTX,stock,Financials
3400,2026-03-18,sale,"$50,001 - $100,000",75000,PALO ALTO NETWORKS INC,"Palo Alto Networks, Inc.",PANW,stock,Information Technology
3401,2026-03-18,sale,"$50,001 - $100,000",75000,THERMO FISHER SCIENTIFIC,Thermo Fisher Scientific Inc.,TMO,stock,Health Care
3402,2026-03-18,sale,"$50,001 - $100,000",75000,LENNAR CORP CLASS A,Lennar Corporation,LEN,stock,Consumer Discretionary
3403,2026-03-18,sale,"$50,001 - $100,000",75000,PRUDENTIAL FINL INC,"Prudential Financial, Inc.",PRU,stock,Financials
3404,2026-03-18,sale,"$50,001 - $100,000",75000,OKTA INC CLASS A,Okta Inc.,OKTA,stock,Information Technology
3405,2026-03-23,sale,"$50,001 - $100,000",75000,VICOR CORP,Vicor Corporation,VICR,stock,Information Technology
3406,2026-01-06,sale,"$50,001 - $100,000",75000,TARGA RES CORP,Targa Resources Corp,TRGP,stock,Energy
3407,2026-03-30,sale,"$50,001 - $100,000",75000,ALARM COM HLDGS INC,"Alarm.com Holdings, Inc.",ALRM,stock,Information Technology
3408,2026-01-06,sale,"$50,001 - $100,000",75000,OLD DOMINION FGHT LINE INC,Old Dominion Freight Line Inc.,ODFL,stock,Industrials
3409,2026-03-18,sale,"$50,001 - $100,000",75000,ATLASSIAN CORP CLASS A,Atlassian Corporation,TEAM,stock,Information Technology
3410,2026-02-26,sale,"$50,001 - $100,000",75000,MERIT MED SYS INC,Merit Medical Systems Inc,MMSI,stock,Health Care
3411,2026-02-10,sale,"$50,001 - $100,000",75000,HOME DEPOT INC COM,The Home Depot Inc.,HD,stock,Consumer Discretionary
3412,2026-02-26,sale,"$50,001 - $100,000",75000,ACI WORLDWIDE INC,ACI Worldwide Inc,ACIW,stock,Information Technology
3413,2026-03-17,sale,"$50,001 - $100,000",75000,PULTE GROUP INC,"PulteGroup, Inc.",PHM,stock,Consumer Discretionary
3414,2026-03-06,sale,"$50,001 - $100,000",75000,Alphabet Inc Cap Stk Cl C W/Ith Due Bills Solicited Order Discretion Exercised,Alphabet Inc,GOOG,stock,Communication Services
3415,2026-03-18,sale,"$50,001 - $100,000",75000,BERKSHIRE HATHAWAY CLASS B,Berkshire Hathaway Inc.,BRK.B,stock,Financials
3416,2026-02-12,sale,"$50,001 - $100,000",75000,PROGRESSIVE CORP OH,The Progressive Corporation,PGR,stock,Financials
3417,2026-03-18,sale,"$50,001 - $100,000",75000,NETFLIX INC,Netflix Inc.,NFLX,stock,Communication Services
3418,2026-03-27,sale,"$100,001 - $250,000",175000,Jpmorgan Chase & Co Com Average Unit Price Transaction Your Broker Acted As Agent,JPMorgan Chase & Co.,JPM,stock,Financials
3419,2026-01-12,sale,"$100,001 - $250,000",175000,GENERAL MILLS INC,General Mills Inc,GIS,stock,Consumer Staples
3420,2026-02-12,sale,"$100,001 - $250,000",175000,AUTODESK INC,Autodesk Inc,ADSK,stock,Information Technology
3421,2026-01-12,sale,"$100,001 - $250,000",175000,VERIZON COMMUNICATIONS I,Verizon Communications Inc.,VZ,stock,Communication Services
3422,2026-02-23,sale,"$100,001 - $250,000",175000,CINCINNATI FINL CORP,Cincinnati Financial Corp,CINF,stock,Financials
3423,2026-03-30,sale,"$100,001 - $250,000",175000,MOHAWK INDS INC,Mohawk Industries Inc,MHK,stock,Consumer Discretionary
3424,2026-01-12,sale,"$100,001 - $250,000",175000,T MOBILE US INC,T-Mobile US Inc,TMUS,stock,Communication Services
3425,2026-03-18,sale,"$100,001 - $250,000",175000,NXP SEMICONDUCTORS N V F,NXP Semiconductors N.V.,NXPI,stock,Information Technology
3426,2026-02-26,sale,"$100,001 - $250,000",175000,CASELLA WASTE SYS INC CLASS A,Casella Waste Systems Inc.,CWST,stock,Industrials
3427,2026-03-18,sale,"$100,001 - $250,000",175000,ZSCALER INC,Zscaler Inc,ZS,stock,Information Technology
3428,2026-02-12,sale,"$100,001 - $250,000",175000,DYNATRACE INC,Dynatrace Inc.,DT,stock,Information Technology
3429,2026-01-12,sale,"$100,001 - $250,000",175000,AMERICAN TOWER CORP NEW REIT,American Tower Corporation,AMT,stock,Real Estate
3430,2026-02-10,sale,"$100,001 - $250,000",175000,IDEXX LABS INC,IDEXX Laboratories Inc.,IDXX,stock,Health Care
3431,2026-03-06,sale,"$100,001 - $250,000",175000,Broadcom Inc Com Solicited Order Discretion Exercised,Broadcom Inc,AVGO,stock,Information Technology
3432,2026-01-12,sale,"$100,001 - $250,000",175000,SERVICENOW INC,ServiceNow Inc,NOW,stock,Information Technology
3433,2026-03-27,sale,"$100,001 - $250,000",175000,Alphabet Inc Cl A Average Unit Price Transaction Your Broker Acted As Agent,Alphabet Inc,GOOGL,stock,Communication Services
3434,2026-03-27,sale,"$100,001 - $250,000",175000,Berkshire Hathaway Inc Del Cl B New Solicited Order Discretion Exercised,Berkshire Hathaway Inc.,BRK.B,stock,Financials
3435,2026-03-17,sale,"$100,001 - $250,000",175000,NORWEGIAN CRUISE L COM USD0.001,Norwegian Cruise Line Holdings Ltd.,NCLH,stock,Consumer Discretionary
3436,2026-02-10,sale,"$100,001 - $250,000",175000,DOLLAR TREE INC,"Dollar Tree, Inc.",DLTR,stock,Consumer Discretionary
3437,2026-02-12,sale,"$100,001 - $250,000",175000,UBER TECHNOLOGIES INC,Uber Technologies Inc,UBER,stock,Industrials
3438,2026-03-18,sale,"$100,001 - $250,000",175000,NIKE INC CLASS B,Nike Inc.,NKE,stock,Consumer Discretionary
3439,2026-03-18,sale,"$100,001 - $250,000",175000,PAYCHEX INC,"Paychex, Inc.",PAYX,stock,Industrials
3440,2026-02-10,sale,"$100,001 - $250,000",175000,NETAPP INC,"NetApp, Inc.",NTAP,stock,Information Technology
3441,2026-03-18,sale,"$100,001 - $250,000",175000,TRANSDIGM GROUP INC,TransDigm Group Incorporated,TDG,stock,Industrials
3442,2026-03-17,sale,"$100,001 - $250,000",175000,Interactive Brokers Group Inc Class,Interactive Brokers Group Inc,IBKR,stock,Financials
3443,2026-03-17,sale,"$100,001 - $250,000",175000,REGIONS FINL CORP NEW,Regions Financial Corporation,RF,stock,Financials
3444,2026-03-18,sale,"$100,001 - $250,000",175000,DANAHER CORP,Danaher Corporation,DHR,stock,Health Care
3445,2026-02-12,sale,"$100,001 - $250,000",175000,AUTOMATIC DATA PROCESSIN,Automatic Data Processing Inc,ADP,stock,Information Technology
3446,2026-03-18,sale,"$100,001 - $250,000",175000,SHERWIN-WILLIAMS CO,Sherwin-Williams Company,SHW,stock,Materials
3447,2026-01-12,sale,"$100,001 - $250,000",175000,HOME DEPOT INC,The Home Depot Inc.,HD,stock,Consumer Discretionary
3448,2026-03-06,sale,"$100,001 - $250,000",175000,Alphabet Inc Cl A With Due Bills Solicited Order Discretion Exercised,Alphabet Inc,GOOGL,stock,Communication Services
3449,2026-02-10,sale,"$100,001 - $250,000",175000,COOPER COS INC COM,"The Cooper Companies, Inc.",COO,stock,Health Care
3450,2026-02-10,sale,"$100,001 - $250,000",175000,WATERS CORP,Waters Corporation,WAT,stock,Health Care
3451,2026-02-23,sale,"$100,001 - $250,000",175000,WALMART INC,Walmart Inc,WMT,stock,Consumer Staples
3452,2026-02-10,sale,"$100,001 - $250,000",175000,UNITED RENTALS INC,United Rentals Inc,URI,stock,Industrials
3453,2026-02-12,sale,"$100,001 - $250,000",175000,BOOKING HLDGS INC,Booking Holdings Inc.,BKNG,stock,Consumer Discretionary
3454,2026-03-18,sale,"$100,001 - $250,000",175000,STRYKER CORP,Stryker Corporation,SYK,stock,Health Care
3455,2026-02-12,sale,"$100,001 - $250,000",175000,INTUIT,Intuit Inc.,INTU,stock,Information Technology
3456,2026-02-10,sale,"$100,001 - $250,000",175000,INSULET CORP,Insulet Corporation,PODD,stock,Health Care
3457,2026-02-24,sale,"$100,001 - $250,000",175000,CINCINNATI FINL CORP,Cincinnati Financial Corp,CINF,stock,Financials
3458,2026-03-27,sale,"$100,001 - $250,000",175000,Tesla Inc Com Average Unit Price Transaction Your Broker Acted As Agent,"Tesla, Inc.",TSLA,stock,Consumer Discretionary
3459,2026-02-11,sale,"$100,001 - $250,000",175000,WATERS CORP,Waters Corporation,WAT,stock,Health Care
3460,2026-02-10,sale,"$100,001 - $250,000",175000,IQVIA HLDGS INC COM,IQVIA Holdings Inc.,IQV,stock,Health Care
3461,2026-03-30,sale,"$100,001 - $250,000",175000,BRINKER INTL INC,Brinker International Inc,EAT,stock,Consumer Discretionary
3462,2026-01-12,sale,"$100,001 - $250,000",175000,ADOBE INC,Adobe Inc,ADBE,stock,Information Technology
3463,2026-02-12,sale,"$100,001 - $250,000",175000,BLACKSTONE INC,Blackstone Inc,BX,stock,Financials
3464,2026-02-10,sale,"$100,001 - $250,000",175000,FIRST SOLAR INC,First Solar Inc,FSLR,stock,Information Technology
3465,2026-02-12,sale,"$100,001 - $250,000",175000,DISNEY WALT CO,The Walt Disney Company,DIS,stock,Communication Services
3466,2026-02-10,sale,"$100,001 - $250,000",175000,TRIMBLE NAV LTD,Trimble Inc.,TRMB,stock,Information Technology
3467,2026-03-17,sale,"$100,001 - $250,000",175000,ROYAL CARIBBEAN GROUP,Royal Caribbean Group,RCL,stock,Consumer Discretionary
3468,2026-03-18,sale,"$100,001 - $250,000",175000,CAPITAL ONE FINL CORP,Capital One Financial Corporation,COF,stock,Financials
3469,2026-02-12,sale,"$100,001 - $250,000",175000,QUALCOMM INC,QUALCOMM Incorporated,QCOM,stock,Information Technology
3470,2026-03-18,sale,"$100,001 - $250,000",175000,BANK OF AMERICA CORP,Bank of America Corporation,BAC,stock,Financials
3471,2026-03-06,sale,"$100,001 - $250,000",175000,Amazon Com Inc Com Solicited Order Discretion Exercised,"Amazon.com, Inc.",AMZN,stock,Consumer Discretionary
3472,2026-01-12,sale,"$100,001 - $250,000",175000,MICROSOFT CORP,Microsoft Corporation,MSFT,stock,Information Technology
3473,2026-03-17,sale,"$100,001 - $250,000",175000,WYNN RESORTS LTD,Wynn Resorts Limited,WYNN,stock,Consumer Discretionary
3474,2026-02-12,sale,"$100,001 - $250,000",175000,ABBOTT LABS,Abbott Laboratories,ABT,stock,Health Care
3475,2026-02-12,sale,"$100,001 - $250,000",175000,ORACLE CORP,Oracle Corporation,ORCL,stock,Information Technology
3476,2026-03-18,sale,"$100,001 - $250,000",175000,ADOBE INC,Adobe Inc,ADBE,stock,Information Technology
3477,2026-02-12,sale,"$100,001 - $250,000",175000,BOSTON SCIENTIFIC CORP,Boston Scientific Corporation,BSX,stock,Health Care
3478,2026-03-17,sale,"$100,001 - $250,000",175000,RESMED INC,ResMed Inc.,RMD,stock,Health Care
3479,2026-01-06,sale,"$100,001 - $250,000",175000,VERALTO CORP COM SHS,Veralto Corporation,VLTO,stock,Industrials
3480,2026-03-06,sale,"$100,001 - $250,000",175000,Microsoft Corp Com Solicited Order Discretion Exercised Average Unit Price Transaction Your Broker Acted As Agent,Microsoft Corporation,MSFT,stock,Information Technology
3481,2026-03-17,sale,"$100,001 - $250,000",175000,XYLEM INC,Xylem Inc,XYL,stock,Industrials
3482,2026-02-10,sale,"$100,001 - $250,000",175000,EOG RESOURCES INC,EOG Resources Inc,EOG,stock,Energy
3483,2026-03-27,sale,"$100,001 - $250,000",175000,Meta Platforms Inc Cl A E1774634275029-00560 Average Unit Price Transaction Your Broker Acted As Agent,Meta Platforms Inc,META,stock,Communication Services
3484,2026-02-12,sale,"$100,001 - $250,000",175000,ROPER TECHNOLOGIES INC,"Roper Technologies, Inc.",ROP,stock,Industrials
3485,2026-02-12,sale,"$100,001 - $250,000",175000,S&P GLOBAL INC,S&P Global Inc.,SPGI,stock,Financials
3486,2026-03-17,sale,"$100,001 - $250,000",175000,NIKE INC CLASS B COM,Nike Inc.,NKE,stock,Consumer Discretionary
3487,2026-02-10,sale,"$100,001 - $250,000",175000,NRG ENERGY INC,"NRG Energy, Inc.",NRG,stock,Utilities
3488,2026-03-17,sale,"$100,001 - $250,000",175000,METTLER-TOLEDO INTL INC COM,Mettler-Toledo International Inc,MTD,stock,Health Care
3489,2026-03-17,sale,"$100,001 - $250,000",175000,SMURFIT WESTROCK PLC SHS,Smurfit WestRock plc,SW,stock,Materials
3490,2026-03-17,sale,"$100,001 - $250,000",175000,DEXCOM INC,"DexCom, Inc.",DXCM,stock,Health Care
3491,2026-01-06,sale,"$100,001 - $250,000",175000,GLOBAL PMTS INC,Global Payments Inc,GPN,stock,Financials
3492,2026-02-24,sale,"$100,001 - $250,000",175000,VERIZON COMMUNICATIONS I,Verizon Communications Inc.,VZ,stock,Communication Services
3493,2026-02-10,sale,"$100,001 - $250,000",175000,HUMANA INC,Humana Inc.,HUM,stock,Health Care
3494,2026-01-13,sale,"$100,001 - $250,000",175000,BROWN FORMAN CORP CLASS B,Brown-Forman Corporation,BF.B,stock,Consumer Staples
3495,2026-03-18,sale,"$100,001 - $250,000",175000,AMERICAN EXPRESS CO,American Express Company,AXP,stock,Financials
3496,2026-01-06,sale,"$100,001 - $250,000",175000,DATADOG INC CL A COM,"Datadog, Inc.",DDOG,stock,Information Technology
3497,2026-03-17,sale,"$100,001 - $250,000",175000,RAYMOND JAMES FINL INC,"Raymond James Financial, Inc.",RJF,stock,Financials
3498,2026-02-12,sale,"$100,001 - $250,000",175000,MARSH & MCLENNAN COS INC,Marsh & McLennan Companies,MRSH,stock,Financials
3499,2026-02-12,sale,"$100,001 - $250,000",175000,PALANTIR TECHNOLOGIES IN CLASS A,Palantir Technologies Inc.,PLTR,stock,Information Technology
3500,2026-02-10,sale,"$100,001 - $250,000",175000,FIDELITY NATL INFORMATION SVCS INC,Fidelity National Information Services,FIS,stock,Financials
3501,2026-03-18,sale,"$100,001 - $250,000",175000,WORKDAY INC CLASS A,"Workday, Inc.",WDAY,stock,Information Technology
3502,2026-02-10,sale,"$100,001 - $250,000",175000,LULULEMON ATHLETICA INC,Lululemon Athletica Inc.,LULU,stock,Consumer Discretionary
3503,2026-03-23,sale,"$100,001 - $250,000",175000,SITIME CORP,SiTime Corporation,SITM,stock,Information Technology
3504,2026-03-17,sale,"$100,001 - $250,000",175000,WILLIS TOWERS WATSON PUB LTDCO,Willis Towers Watson Public Limited Company,WTW,stock,Financials
3505,2026-03-18,sale,"$100,001 - $250,000",175000,TRIMBLE INC,Trimble Inc.,TRMB,stock,Information Technology
3506,2026-03-17,sale,"$100,001 - $250,000",175000,AON PLC SHS CL A,Aon plc,AON,stock,Financials
3507,2026-01-06,sale,"$100,001 - $250,000",175000,KROGER,The Kroger Co.,KR,stock,Consumer Staples
3508,2026-02-10,sale,"$100,001 - $250,000",175000,NASDAQ INC,Nasdaq Inc,NDAQ,stock,Financials
3509,2026-03-17,sale,"$100,001 - $250,000",175000,COGNIZANT TECHNOLOGY SOLUTIONS CL A,Cognizant Technology Solutions Corp,CTSH,stock,Information Technology
3510,2026-03-18,sale,"$100,001 - $250,000",175000,KKR & CO INC,KKR & Co. Inc.,KKR,stock,Financials
3511,2026-03-27,sale,"$100,001 - $250,000",175000,Broadcom Inc Com Solicited Order Discretion Exercised,Broadcom Inc,AVGO,stock,Information Technology
3512,2026-02-10,sale,"$100,001 - $250,000",175000,"VERISK ANALYTICS, INC.","Verisk Analytics, Inc.",VRSK,stock,Industrials
3513,2026-03-17,sale,"$100,001 - $250,000",175000,NXP SEMICONDUCTORS N V,NXP Semiconductors N.V.,NXPI,stock,Information Technology
3514,2026-02-10,sale,"$100,001 - $250,000",175000,Godaddy Inc,GoDaddy Inc,GDDY,stock,Information Technology
3515,2026-01-12,sale,"$100,001 - $250,000",175000,META PLATFORMS INC CLASS A,Meta Platforms Inc,META,stock,Communication Services
3516,2026-03-06,sale,"$100,001 - $250,000",175000,Apple Inc Com Solicited Order Discretion Exercised Average Unit Price Transaction Your Broker Acted As Agent,Apple Inc,AAPL,stock,Information Technology
3517,2026-03-17,sale,"$100,001 - $250,000",175000,FAIR ISAAC CORP,Fair Isaac Corporation,FICO,stock,Information Technology
3518,2026-03-23,sale,"$100,001 - $250,000",175000,MOOG INC CLASS A,Moog Inc,MOG.A,stock,Industrials
3519,2026-03-17,sale,"$100,001 - $250,000",175000,BROADCOM INC COM,Broadcom Inc,AVGO,stock,Information Technology
3520,2026-02-10,sale,"$100,001 - $250,000",175000,TYLER TECHNOLOGIES INC,"Tyler Technologies, Inc.",TYL,stock,Information Technology
3521,2026-02-09,sale,"$100,001 - $250,000",175000,ARROWHEAD PHARMACEUTICAL,"Arrowhead Pharmaceuticals, Inc.",ARWR,stock,Health Care
3522,2026-03-17,sale,"$100,001 - $250,000",175000,CARVANA CO CL A,Carvana Co.,CVNA,stock,Consumer Discretionary
3523,2026-03-17,sale,"$100,001 - $250,000",175000,VULCAN MATLS CO,Vulcan Materials Company,VMC,stock,Materials
3524,2026-02-10,sale,"$100,001 - $250,000",175000,GALLAGHER ARTHUR J & CO,Arthur J. Gallagher & Co,AJG,stock,Financials
3525,2026-03-23,sale,"$100,001 - $250,000",175000,CARETRUST REIT INC REIT,CareTrust REIT Inc,CTRE,stock,Real Estate
3526,2026-03-17,sale,"$100,001 - $250,000",175000,JACOBS SOLUTIONS INC COM,Jacobs Solutions Inc.,J,stock,Industrials
3527,2026-03-23,sale,"$100,001 - $250,000",175000,"INTERDIGITAL, INC","InterDigital, Inc.",IDCC,stock,Information Technology
3528,2026-03-23,sale,"$100,001 - $250,000",175000,SOLSTICE ADVANCED MATLS,Solstice Advanced Materials,SOLS,stock,Materials
3529,2026-02-10,sale,"$100,001 - $250,000",175000,GARTNER GROUP INC NEW,Gartner Inc,IT,stock,Information Technology
3530,2026-03-17,sale,"$100,001 - $250,000",175000,SKYWORKS SOLUTIONS INC,Skyworks Solutions Inc,SWKS,stock,Information Technology
3531,2026-03-17,sale,"$100,001 - $250,000",175000,CARRIER GLOBAL CORPORATION COM,Carrier Global Corporation,CARR,stock,Industrials
3532,2026-03-17,sale,"$100,001 - $250,000",175000,ZOETIS INC,Zoetis Inc.,ZTS,stock,Health Care
3533,2026-01-06,sale,"$100,001 - $250,000",175000,PUBLIC STORAGE,Public Storage,PSA,stock,Real Estate
3534,2026-01-06,sale,"$100,001 - $250,000",175000,CROWN CASTLE INC,Crown Castle Inc,CCI,stock,Real Estate
3535,2026-02-23,sale,"$100,001 - $250,000",175000,VERIZON COMMUNICATIONS I,Verizon Communications Inc.,VZ,stock,Communication Services
3536,2026-02-10,sale,"$100,001 - $250,000",175000,APOLLO GLOBAL MGMT INC COM,Apollo Global Management Inc,APO,stock,Financials
3537,2026-02-10,sale,"$100,001 - $250,000",175000,FACTSET RESH SYS INC,FactSet Research Systems Inc,FDS,stock,Financials
3538,2026-01-14,sale,"$100,001 - $250,000",175000,BROWN FORMAN CORP CLASS B,Brown-Forman Corporation,BF.B,stock,Consumer Staples
3539,2026-02-10,sale,"$100,001 - $250,000",175000,TAKE-TWO INTERACTIVE SOFTWARE INC,Take-Two Interactive Software Inc,TTWO,stock,Communication Services
3540,2026-03-02,sale,"$100,001 - $250,000",175000,TESLA INC UNSOLICITED,"Tesla, Inc.",TSLA,stock,Consumer Discretionary
3541,2026-02-02,sale,"$100,001 - $250,000",175000,ADVANCED ENERGY INDS INC,Advanced Energy Industries Inc,AEIS,stock,Information Technology
3542,2026-02-10,sale,"$100,001 - $250,000",175000,FISERV INC,Fiserv Inc,FI,stock,Financials
3543,2026-01-30,sale,"$100,001 - $250,000",175000,TTM TECHNOLOGIES INC,"TTM Technologies, Inc.",TTMI,stock,Information Technology
3544,2026-02-10,sale,"$100,001 - $250,000",175000,ARES MANAGEMENT CORPORATION CL A COM,Ares Management Corporation,ARES,stock,Financials
3545,2026-01-06,sale,"$250,001 - $500,000",375000,FORTINET INC,Fortinet Inc,FTNT,stock,Information Technology
3546,2026-01-26,sale,"$250,001 - $500,000",375000,HUNTINGTON BANCSHARES IN,Huntington Bancshares Incorporated,HBAN,stock,Financials
3547,2026-01-12,sale,"$250,001 - $500,000",375000,NETFLIX INC,Netflix Inc.,NFLX,stock,Communication Services
3548,2026-02-12,sale,"$250,001 - $500,000",375000,ACCENTURE PLC IRELAND F CLASS A,Accenture plc,ACN,stock,Information Technology
3549,2026-03-18,sale,"$250,001 - $500,000",375000,META PLATFORMS INC CLASS A,Meta Platforms Inc,META,stock,Communication Services
3550,2026-01-06,sale,"$250,001 - $500,000",375000,GENUINE PARTS CO,Genuine Parts Company,GPC,stock,Consumer Discretionary
3551,2026-03-27,sale,"$250,001 - $500,000",375000,Amazon Com Inc Com Average Unit Price Transaction Your Broker Acted As Agent,"Amazon.com, Inc.",AMZN,stock,Consumer Discretionary
3552,2026-02-24,sale,"$250,001 - $500,000",375000,WALMART INC,Walmart Inc,WMT,stock,Consumer Staples
3553,2026-02-10,sale,"$250,001 - $500,000",375000,PROGRESSIVE CORP OHIO,The Progressive Corporation,PGR,stock,Financials
3554,2026-03-17,sale,"$250,001 - $500,000",375000,BECTON DICKINSON & CO,Becton Dickinson and Company,BDX,stock,Health Care
3555,2026-01-06,sale,"$250,001 - $500,000",375000,LENNAR CORP CLASS A COM,Lennar Corporation,LEN,stock,Consumer Discretionary
3556,2026-01-06,sale,"$250,001 - $500,000",375000,PUBLIC SVC ENTERPRISE GROUP INC,Public Service Enterprise Group Incorporated,PEG,stock,Utilities
3557,2026-03-06,sale,"$250,001 - $500,000",375000,Nvidia Corp Com Solicited Order Discretion Exercised,NVIDIA Corporation,NVDA,stock,Information Technology
3558,2026-02-12,sale,"$250,001 - $500,000",375000,SALESFORCE INC,Salesforce Inc,CRM,stock,Information Technology
3559,2026-01-06,sale,"$250,001 - $500,000",375000,SYSCO CORP,Sysco Corporation,SYY,stock,Consumer Staples
3560,2026-01-06,sale,"$250,001 - $500,000",375000,DIGITAL RLTY TR INC,"Digital Realty Trust, Inc.",DLR,stock,Real Estate
3561,2026-01-22,sale,"$250,001 - $500,000",375000,HUNTINGTON BANCSHARES IN,Huntington Bancshares Incorporated,HBAN,stock,Financials
3562,2026-01-06,sale,"$250,001 - $500,000",375000,"ROPER TECHNOLOGIES, INC","Roper Technologies, Inc.",ROP,stock,Industrials
3563,2026-02-10,sale,"$250,001 - $500,000",375000,AUTODESK INC,Autodesk Inc,ADSK,stock,Information Technology
3564,2026-02-12,sale,"$250,001 - $500,000",375000,MICROSOFT CORP,Microsoft Corporation,MSFT,stock,Information Technology
3565,2026-03-02,sale,"$250,001 - $500,000",375000,BROADCOM INC UNSOLICITED,Broadcom Inc,AVGO,stock,Information Technology
3566,2026-01-06,sale,"$250,001 - $500,000",375000,AUTOZONE INC,AutoZone Inc,AZO,stock,Consumer Discretionary
3567,2026-01-23,sale,"$250,001 - $500,000",375000,HUNTINGTON BANCSHARES IN,Huntington Bancshares Incorporated,HBAN,stock,Financials
3568,2026-03-17,sale,"$250,001 - $500,000",375000,"ULTA BEAUTY, INC","Ulta Beauty, Inc.",ULTA,stock,Consumer Discretionary
3569,2026-02-12,sale,"$250,001 - $500,000",375000,AMAZON.COM INC,"Amazon.com, Inc.",AMZN,stock,Consumer Discretionary
3570,2026-02-10,sale,"$250,001 - $500,000",375000,BERKLEY W R CORP,W. R. Berkley Corporation,WRB,stock,Financials
3571,2026-02-10,sale,"$250,001 - $500,000",375000,KKR & CO INC CL A,KKR & Co. Inc.,KKR,stock,Financials
3572,2026-01-29,sale,"$250,001 - $500,000",375000,STE SRT CNSR STPLS SLCT SEC SPDR ETF,Consumer Staples Select Sector SPDR Fund,XLP,etf,Funds & ETFs
3573,2026-01-06,sale,"$250,001 - $500,000",375000,DOORDASH INC CL A,DoorDash Inc.,DASH,stock,Consumer Discretionary
3574,2026-03-27,sale,"$250,001 - $500,000",375000,Microsoft Corp Com Average Unit Price Transaction Your Broker Acted As Agent,Microsoft Corporation,MSFT,stock,Information Technology
3575,2026-01-06,sale,"$250,001 - $500,000",375000,D R HORTON INC,D.R. Horton Inc,DHI,stock,Consumer Discretionary
3576,2026-02-10,sale,"$250,001 - $500,000",375000,METLIFE INC,MetLife Inc,MET,stock,Financials
3577,2026-02-10,sale,"$250,001 - $500,000",375000,PRUDENTIAL FINANCIAL INC,"Prudential Financial, Inc.",PRU,stock,Financials
3578,2026-03-17,sale,"$250,001 - $500,000",375000,INVITATION HOMES INC COM,Invitation Homes Inc.,INVH,stock,Real Estate
3579,2026-02-10,sale,"$250,001 - $500,000",375000,CONSTELLATION ENERGY CORP COM,Constellation Energy Corporation,CEG,stock,Utilities
3580,2026-03-18,sale,"$250,001 - $500,000",375000,HOME DEPOT INC,The Home Depot Inc.,HD,stock,Consumer Discretionary
3581,2026-02-13,sale,"$250,001 - $500,000",375000,AMAZON.COM INC UNSOLICITED,"Amazon.com, Inc.",AMZN,stock,Consumer Discretionary
3582,2026-01-06,sale,"$250,001 - $500,000",375000,CADENCE DESIGN SYS INC,Cadence Design Systems Inc,CDNS,stock,Information Technology
3583,2026-02-10,sale,"$250,001 - $500,000",375000,INTUIT,Intuit Inc.,INTU,stock,Information Technology
3584,2026-01-06,sale,"$250,001 - $500,000",375000,ROBINHOOD MKTS INC COM CL A,"Robinhood Markets, Inc.",HOOD,stock,Financials
3585,2026-03-18,sale,"$250,001 - $500,000",375000,MASTERCARD INC CLASS A,Mastercard Incorporated,MA,stock,Financials
3586,2026-02-10,sale,"$250,001 - $500,000",375000,Blackstone Inc,Blackstone Inc,BX,stock,Financials
3587,2026-01-06,sale,"$250,001 - $500,000",375000,TRANE TECHNOLOGIES PLC SHS,Trane Technologies plc,TT,stock,Industrials
3588,2026-01-06,sale,"$250,001 - $500,000",375000,O REILLY AUTOMOTIVE INC,O'Reilly Automotive Inc.,ORLY,stock,Consumer Discretionary
3589,2026-02-10,sale,"$250,001 - $500,000",375000,CROWDSTRIKE HLDGS INC CL A,CrowdStrike Holdings Inc,CRWD,stock,Information Technology
3590,2026-03-18,sale,"$250,001 - $500,000",375000,VISA INC CLASS A,Visa Inc.,V,stock,Financials
3591,2026-01-06,sale,"$250,001 - $500,000",375000,ECOLAB INC,Ecolab Inc.,ECL,stock,Materials
3592,2026-03-17,sale,"$250,001 - $500,000",375000,"Elevance Health, Inc.",Elevance Health Inc,ELV,stock,Health Care
3593,2026-01-06,sale,"$250,001 - $500,000",375000,BOSTON SCIENTIFIC CORP COM,Boston Scientific Corporation,BSX,stock,Health Care
3594,2026-03-27,sale,"$500,001 - $1,000,000",750000,Apple Inc Com Average Unit Price Transaction Your Broker Acted As Agent,Apple Inc,AAPL,stock,Information Technology
3595,2026-03-17,sale,"$500,001 - $1,000,000",750000,DANAHER CORP,Danaher Corporation,DHR,stock,Health Care
3596,2026-01-06,sale,"$500,001 - $1,000,000",750000,SOUTHERN CO COM,Southern Company,SO,stock,Utilities
3597,2026-02-10,sale,"$500,001 - $1,000,000",750000,MOODYS CORP COM,Moody's Corporation,MCO,stock,Financials
3598,2026-03-27,sale,"$500,001 - $1,000,000",750000,Nvidia Corp Com Average Unit Price Transaction Your Broker Acted As Agent,NVIDIA Corporation,NVDA,stock,Information Technology
3599,2026-03-17,sale,"$500,001 - $1,000,000",750000,EMCOR GROUP INC,EMCOR Group Inc.,EME,stock,Industrials
3600,2026-02-10,sale,"$500,001 - $1,000,000",750000,PALO ALTO NETWORKS INC,"Palo Alto Networks, Inc.",PANW,stock,Information Technology
3601,2026-02-10,sale,"$500,001 - $1,000,000",750000,APPLOVIN CORP COM CL A,AppLovin Corporation,APP,stock,Communication Services
3602,2026-02-10,sale,"$500,001 - $1,000,000",750000,S&P GLOBAL INC,S&P Global Inc.,SPGI,stock,Financials
3603,2026-01-06,sale,"$500,001 - $1,000,000",750000,DEERE & CO.,Deere & Company,DE,stock,Industrials
3604,2026-01-26,sale,"$500,001 - $1,000,000",750000,Blackstone Inc Com Solicited Order Discretion Exercised Allocated Order Your Broker Acted As Agent,Blackstone Inc,BX,stock,Financials
3605,2026-03-17,sale,"$500,001 - $1,000,000",750000,CAPITAL ONE FINL CORP,Capital One Financial Corporation,COF,stock,Financials
3606,2026-02-10,sale,"$500,001 - $1,000,000",750000,"OMNICOM GROUP, INC.",Omnicom Group Inc.,OMC,stock,Communication Services
3607,2026-02-13,sale,"$500,001 - $1,000,000",750000,MICROSOFT CORP UNSOLICITED,Microsoft Corporation,MSFT,stock,Information Technology
3608,2026-03-17,sale,"$500,001 - $1,000,000",750000,NVIDIA CORP,NVIDIA Corporation,NVDA,stock,Information Technology
3609,2026-01-06,sale,"$500,001 - $1,000,000",750000,STRYKER CORP COM,Stryker Corporation,SYK,stock,Health Care
3610,2026-03-17,sale,"$500,001 - $1,000,000",750000,CHIPOTLE MEXICAN GRILL INC,Chipotle Mexican Grill Inc,CMG,stock,Consumer Discretionary
3611,2026-03-17,sale,"$500,001 - $1,000,000",750000,ZEBRA TECHNOLOGIES CORP CL A,Zebra Technologies Corporation,ZBRA,stock,Information Technology
3612,2026-02-10,sale,"$500,001 - $1,000,000",750000,BOOKING HLDGS INC COM,Booking Holdings Inc.,BKNG,stock,Consumer Discretionary
3613,2026-01-06,sale,"$500,001 - $1,000,000",750000,EATON CORP PLC,Eaton Corporation plc,ETN,stock,Industrials
3614,2026-01-06,sale,"$500,001 - $1,000,000",750000,ALTRIA GROUP INC,"Altria Group, Inc.",MO,stock,Consumer Staples
3615,2026-02-10,sale,"$500,001 - $1,000,000",750000,QUALCOMM INC COM,QUALCOMM Incorporated,QCOM,stock,Information Technology
3616,2026-03-17,sale,"$500,001 - $1,000,000",750000,NVR INC,"NVR, Inc.",NVR,stock,Consumer Discretionary
3617,2026-01-06,sale,"$500,001 - $1,000,000",750000,UBER TECHNOLOGIES INC COM,Uber Technologies Inc,UBER,stock,Industrials
3618,2026-03-17,sale,"$500,001 - $1,000,000",750000,MICROCHIP TECHNOLOGY INC,Microchip Technology Incorporated,MCHP,stock,Information Technology
3619,2026-02-10,sale,"$500,001 - $1,000,000",750000,Salesforce Inc.,Salesforce Inc,CRM,stock,Information Technology
3620,2026-03-25,sale,"$500,001 - $1,000,000",750000,META PLATFORMS INC CL A UNSOLICITED,Meta Platforms Inc,META,stock,Communication Services
3621,2026-03-02,sale,"$500,001 - $1,000,000",750000,NVIDIA CORP UNSOLICITED,NVIDIA Corporation,NVDA,stock,Information Technology
3622,2026-01-06,sale,"$500,001 - $1,000,000",750000,ABBOTT LABS INC COM,Abbott Laboratories,ABT,stock,Health Care
3623,2026-03-17,sale,"$500,001 - $1,000,000",750000,BOEING COMPANY COM,The Boeing Company,BA,stock,Industrials
3624,2026-03-17,sale,"$1,000,001 - $5,000,000",3000000,WALT DISNEY COMPANY COM,The Walt Disney Company,DIS,stock,Communication Services
3625,2026-02-10,sale,"$1,000,001 - $5,000,000",3000000,UNITEDHEALTH GROUP INC,UnitedHealth Group Inc,UNH,stock,Health Care
3626,2026-01-06,sale,"$1,000,001 - $5,000,000",3000000,ORACLE CORPORATION COM,Oracle Corporation,ORCL,stock,Information Technology
3627,2026-03-17,sale,"$1,000,001 - $5,000,000",3000000,CDW CORP,CDW Corporation,CDW,stock,Information Technology
3628,2026-02-10,sale,"$1,000,001 - $5,000,000",3000000,NETFLIX COM INC,Netflix Inc.,NFLX,stock,Communication Services
3629,2026-02-10,sale,"$1,000,001 - $5,000,000",3000000,PALANTIR TECHNOLOGIES INC CL A,Palantir Technologies Inc.,PLTR,stock,Information Technology
3630,2026-03-05,sale,"$1,000,001 - $5,000,000",3000000,STATE STREET COMMUNICATION SERVICES SELECT SECTOR SPDR ETF,Communication Services Select Sector SPDR Fund,XLC,etf,Funds & ETFs
3631,2026-01-23,sale,"$1,000,001 - $5,000,000",3000000,VANGUARD HIGH DIVIDEND YIELD ETF,Vanguard High Dividend Yield ETF,VYM,etf,Funds & ETFs
3632,2026-03-17,sale,"$1,000,001 - $5,000,000",3000000,ACCENTURE PLC,Accenture plc,ACN,stock,Information Technology
3633,2026-01-23,sale,"$1,000,001 - $5,000,000",3000000,ISHARES CORE S&P 500 ETF,iShares Core S&P 500 ETF,IVV,etf,Funds & ETFs
3634,2026-03-05,sale,"$1,000,001 - $5,000,000",3000000,STATE STREET SPDR S&P 500 ETF TRUST,SPDR S&P 500 ETF Trust,SPY,etf,Funds & ETFs
3635,2026-01-29,sale,"$1,000,001 - $5,000,000",3000000,STATE STREET SPDR S&P 500 TRUST ETF,SPDR S&P 500 ETF Trust,SPY,etf,Funds & ETFs
3636,2026-01-06,sale,"$1,000,001 - $5,000,000",3000000,VANGUARD S&P 500 ETF UNSOLICITED,Vanguard S&P 500 ETF,VOO,etf,Funds & ETFs
3637,2026-03-19,sale,"$1,000,001 - $5,000,000",3000000,VANGUARD S&P 500 ETF UNSOLICITED,Vanguard S&P 500 ETF,VOO,etf,Funds & ETFs
3638,2026-01-12,sale,"$5,000,001 - $25,000,000",15000000,VANGUARD DIVIDEND APPRECIATION ETF,Vanguard Dividend Appreciation ETF,VIG,etf,Funds & ETFs
3639,2026-02-10,sale,"$5,000,001 - $25,000,000",15000000,"Meta Platforms, Inc",Meta Platforms Inc,META,stock,Communication Services
3640,2026-02-10,sale,"$5,000,001 - $25,000,000",15000000,AMAZON COM INC,"Amazon.com, Inc.",AMZN,stock,Consumer Discretionary
3641,2026-02-10,sale,"$5,000,001 - $25,000,000",15000000,MICROSOFT CORP COM,Microsoft Corporation,MSFT,stock,Information Technology
3642,2026-01-06,purchase,"$50,001 - $100,000",75000,ADVANCED MICRO DEVICES INC UNSOLICITED,Advanced Micro Devices Inc,AMD,stock,Information Technology
